date,water_year,swe_in
1980-10-01,1981,0.000000
1980-10-02,1981,0.000000
1980-10-03,1981,0.000000
1980-10-04,1981,0.000000
1980-10-05,1981,0.000000
1980-10-06,1981,0.000000
1980-10-07,1981,0.000000
1980-10-08,1981,0.000000
1980-10-09,1981,0.000000
1980-10-10,1981,0.000000
1980-10-11,1981,0.000000
1980-10-12,1981,0.000000
1980-10-13,1981,0.010143
1980-10-14,1981,0.010157
1980-10-15,1981,0.092732
1980-10-16,1981,0.382546
1980-10-17,1981,0.635197
1980-10-18,1981,0.675818
1980-10-19,1981,0.598107
1980-10-20,1981,0.544628
1980-10-21,1981,0.426086
1980-10-22,1981,0.378709
1980-10-23,1981,0.354947
1980-10-24,1981,0.359496
1980-10-25,1981,0.347048
1980-10-26,1981,0.311379
1980-10-27,1981,0.485816
1980-10-28,1981,0.671151
1980-10-29,1981,0.669193
1980-10-30,1981,0.643100
1980-10-31,1981,0.562740
1980-11-01,1981,0.486244
1980-11-02,1981,0.410688
1980-11-03,1981,0.354794
1980-11-04,1981,0.317546
1980-11-05,1981,0.259185
1980-11-06,1981,0.203929
1980-11-07,1981,0.163376
1980-11-08,1981,0.130074
1980-11-09,1981,0.119563
1980-11-10,1981,0.100677
1980-11-11,1981,0.081845
1980-11-12,1981,0.067205
1980-11-13,1981,0.166193
1980-11-14,1981,0.378372
1980-11-15,1981,0.447398
1980-11-16,1981,0.451353
1980-11-17,1981,0.478463
1980-11-18,1981,0.465965
1980-11-19,1981,0.457163
1980-11-20,1981,0.431289
1980-11-21,1981,0.417244
1980-11-22,1981,0.409401
1980-11-23,1981,0.456900
1980-11-24,1981,0.605051
1980-11-25,1981,0.800163
1980-11-26,1981,0.796175
1980-11-27,1981,0.789898
1980-11-28,1981,0.776542
1980-11-29,1981,0.738419
1980-11-30,1981,0.695828
1980-12-01,1981,0.674352
1980-12-02,1981,0.699463
1980-12-03,1981,0.673565
1980-12-04,1981,0.631382
1980-12-05,1981,0.608160
1980-12-06,1981,0.747533
1980-12-07,1981,0.867070
1980-12-08,1981,0.934250
1980-12-09,1981,0.937281
1980-12-10,1981,0.940562
1980-12-11,1981,0.930532
1980-12-12,1981,0.914983
1980-12-13,1981,0.889151
1980-12-14,1981,0.874431
1980-12-15,1981,0.859273
1980-12-16,1981,0.829305
1980-12-17,1981,0.779769
1980-12-18,1981,0.726469
1980-12-19,1981,0.699649
1980-12-20,1981,0.693800
1980-12-21,1981,0.680277
1980-12-22,1981,0.669197
1980-12-23,1981,0.737601
1980-12-24,1981,0.769597
1980-12-25,1981,0.756281
1980-12-26,1981,0.765334
1980-12-27,1981,0.729135
1980-12-28,1981,0.671596
1980-12-29,1981,0.648959
1980-12-30,1981,0.637918
1980-12-31,1981,0.622685
1981-01-01,1981,0.600929
1981-01-02,1981,0.587318
1981-01-03,1981,0.580527
1981-01-04,1981,0.571038
1981-01-05,1981,0.593316
1981-01-06,1981,0.622614
1981-01-07,1981,0.500231
1981-01-08,1981,0.493018
1981-01-09,1981,0.487014
1981-01-10,1981,0.479508
1981-01-11,1981,0.472846
1981-01-12,1981,0.466486
1981-01-13,1981,0.460040
1981-01-14,1981,0.452592
1981-01-15,1981,0.445296
1981-01-16,1981,0.489015
1981-01-17,1981,0.541232
1981-01-18,1981,0.535386
1981-01-19,1981,0.537338
1981-01-20,1981,0.530404
1981-01-21,1981,0.522114
1981-01-22,1981,0.511121
1981-01-23,1981,0.491991
1981-01-24,1981,0.473684
1981-01-25,1981,0.496033
1981-01-26,1981,0.512488
1981-01-27,1981,0.514868
1981-01-28,1981,0.523390
1981-01-29,1981,0.630182
1981-01-30,1981,0.644904
1981-01-31,1981,0.788248
1981-02-01,1981,0.926344
1981-02-02,1981,0.974713
1981-02-03,1981,0.951655
1981-02-04,1981,0.939280
1981-02-05,1981,0.928004
1981-02-06,1981,0.916595
1981-02-07,1981,0.916491
1981-02-08,1981,0.918704
1981-02-09,1981,0.952325
1981-02-10,1981,1.106620
1981-02-11,1981,1.142203
1981-02-12,1981,1.077205
1981-02-13,1981,1.066267
1981-02-14,1981,1.043230
1981-02-15,1981,1.025467
1981-02-16,1981,1.005047
1981-02-17,1981,0.963635
1981-02-18,1981,0.957160
1981-02-19,1981,0.922784
1981-02-20,1981,0.870618
1981-02-21,1981,1.010147
1981-02-22,1981,1.018711
1981-02-23,1981,1.003721
1981-02-24,1981,0.963114
1981-02-25,1981,0.921030
1981-02-26,1981,0.885996
1981-02-27,1981,0.951956
1981-02-28,1981,0.934180
1981-03-01,1981,0.950062
1981-03-02,1981,0.991311
1981-03-03,1981,1.226397
1981-03-04,1981,1.551213
1981-03-05,1981,1.591177
1981-03-06,1981,1.575671
1981-03-07,1981,1.761452
1981-03-08,1981,1.783196
1981-03-09,1981,1.788820
1981-03-10,1981,1.786589
1981-03-11,1981,1.876268
1981-03-12,1981,1.984975
1981-03-13,1981,1.980232
1981-03-14,1981,1.997535
1981-03-15,1981,2.016529
1981-03-16,1981,1.982902
1981-03-17,1981,2.048567
1981-03-18,1981,2.121511
1981-03-19,1981,2.128232
1981-03-20,1981,2.092325
1981-03-21,1981,2.214856
1981-03-22,1981,2.291121
1981-03-23,1981,2.258248
1981-03-24,1981,2.207293
1981-03-25,1981,2.290366
1981-03-26,1981,2.238002
1981-03-27,1981,2.196465
1981-03-28,1981,2.292055
1981-03-29,1981,2.406181
1981-03-30,1981,2.370810
1981-03-31,1981,2.539073
1981-04-01,1981,2.516097
1981-04-02,1981,2.442334
1981-04-03,1981,2.436790
1981-04-04,1981,2.682158
1981-04-05,1981,2.725750
1981-04-06,1981,2.682782
1981-04-07,1981,2.598412
1981-04-08,1981,2.665876
1981-04-09,1981,2.676637
1981-04-10,1981,2.555860
1981-04-11,1981,2.423798
1981-04-12,1981,2.332988
1981-04-13,1981,2.234540
1981-04-14,1981,2.145160
1981-04-15,1981,2.077918
1981-04-16,1981,1.976790
1981-04-17,1981,1.841969
1981-04-18,1981,1.692807
1981-04-19,1981,1.578986
1981-04-20,1981,1.492339
1981-04-21,1981,1.445662
1981-04-22,1981,1.433822
1981-04-23,1981,1.413415
1981-04-24,1981,1.344962
1981-04-25,1981,1.244387
1981-04-26,1981,1.120567
1981-04-27,1981,1.018306
1981-04-28,1981,0.931004
1981-04-29,1981,0.846540
1981-04-30,1981,0.753268
1981-05-01,1981,0.649774
1981-05-02,1981,0.552152
1981-05-03,1981,0.476063
1981-05-04,1981,0.430956
1981-05-05,1981,0.399281
1981-05-06,1981,0.427491
1981-05-07,1981,0.411087
1981-05-08,1981,0.403474
1981-05-09,1981,0.482393
1981-05-10,1981,0.488872
1981-05-11,1981,0.436462
1981-05-12,1981,0.445504
1981-05-13,1981,0.477562
1981-05-14,1981,0.462238
1981-05-15,1981,0.390849
1981-05-16,1981,0.380648
1981-05-17,1981,0.521499
1981-05-18,1981,0.644831
1981-05-19,1981,0.530053
1981-05-20,1981,0.406287
1981-05-21,1981,0.392896
1981-05-22,1981,0.379334
1981-05-23,1981,0.365973
1981-05-24,1981,0.340483
1981-05-25,1981,0.299846
1981-05-26,1981,0.265419
1981-05-27,1981,0.235524
1981-05-28,1981,0.203566
1981-05-29,1981,0.173061
1981-05-30,1981,0.153379
1981-05-31,1981,0.125308
1981-06-01,1981,0.102840
1981-06-02,1981,0.082330
1981-06-03,1981,0.064464
1981-06-04,1981,0.054942
1981-06-05,1981,0.040363
1981-06-06,1981,0.026953
1981-06-07,1981,0.015642
1981-06-08,1981,0.008174
1981-06-09,1981,0.004017
1981-06-10,1981,0.001762
1981-06-11,1981,0.000823
1981-06-12,1981,0.000423
1981-06-13,1981,0.000000
1981-06-14,1981,0.006044
1981-06-15,1981,0.012540
1981-06-16,1981,0.010432
1981-06-17,1981,0.003263
1981-06-18,1981,0.000459
1981-06-19,1981,0.000069
1981-06-20,1981,0.000000
1981-06-21,1981,0.000000
1981-06-22,1981,0.000000
1981-06-23,1981,0.000000
1981-06-24,1981,0.000000
1981-06-25,1981,0.000000
1981-06-26,1981,0.000000
1981-06-27,1981,0.000000
1981-06-28,1981,0.000000
1981-06-29,1981,0.000000
1981-06-30,1981,0.000000
1981-07-01,1981,0.000000
1981-07-02,1981,0.000000
1981-07-03,1981,0.000000
1981-07-04,1981,0.000000
1981-07-05,1981,0.000000
1981-07-06,1981,0.000000
1981-07-07,1981,0.000000
1981-07-08,1981,0.000000
1981-07-09,1981,0.000000
1981-07-10,1981,0.000000
1981-07-11,1981,0.000000
1981-07-12,1981,0.000000
1981-07-13,1981,0.000000
1981-07-14,1981,0.000000
1981-07-15,1981,0.000000
1981-07-16,1981,0.000000
1981-07-17,1981,0.000000
1981-07-18,1981,0.000000
1981-07-19,1981,0.000000
1981-07-20,1981,0.000000
1981-07-21,1981,0.000000
1981-07-22,1981,0.000000
1981-07-23,1981,0.000000
1981-07-24,1981,0.000000
1981-07-25,1981,0.000000
1981-07-26,1981,0.000000
1981-07-27,1981,0.000047
1981-07-28,1981,0.000000
1981-07-29,1981,0.000000
1981-07-30,1981,0.000000
1981-07-31,1981,0.000000
1981-08-01,1981,0.000000
1981-08-02,1981,0.000000
1981-08-03,1981,0.000000
1981-08-04,1981,0.000000
1981-08-05,1981,0.000000
1981-08-06,1981,0.000000
1981-08-07,1981,0.000000
1981-08-08,1981,0.000000
1981-08-09,1981,0.000000
1981-08-10,1981,0.000000
1981-08-11,1981,0.000000
1981-08-12,1981,0.000000
1981-08-13,1981,0.000000
1981-08-14,1981,0.000000
1981-08-15,1981,0.000000
1981-08-16,1981,0.000000
1981-08-17,1981,0.000000
1981-08-18,1981,0.000000
1981-08-19,1981,0.000000
1981-08-20,1981,0.000000
1981-08-21,1981,0.000000
1981-08-22,1981,0.000000
1981-08-23,1981,0.000000
1981-08-24,1981,0.000000
1981-08-25,1981,0.000000
1981-08-26,1981,0.000000
1981-08-27,1981,0.000000
1981-08-28,1981,0.000000
1981-08-29,1981,0.000000
1981-08-30,1981,0.000000
1981-08-31,1981,0.000000
1981-09-01,1981,0.000000
1981-09-02,1981,0.000000
1981-09-03,1981,0.000000
1981-09-04,1981,0.000000
1981-09-05,1981,0.000000
1981-09-06,1981,0.000000
1981-09-07,1981,0.000000
1981-09-08,1981,0.000000
1981-09-09,1981,0.000000
1981-09-10,1981,0.000116
1981-09-11,1981,0.000094
1981-09-12,1981,0.000118
1981-09-13,1981,0.000140
1981-09-14,1981,0.000023
1981-09-15,1981,0.000000
1981-09-16,1981,0.000000
1981-09-17,1981,0.000000
1981-09-18,1981,0.000000
1981-09-19,1981,0.000000
1981-09-20,1981,0.000000
1981-09-21,1981,0.000000
1981-09-22,1981,0.000000
1981-09-23,1981,0.000000
1981-09-24,1981,0.002087
1981-09-25,1981,0.001115
1981-09-26,1981,0.000920
1981-09-27,1981,0.000542
1981-09-28,1981,0.000189
1981-09-29,1981,0.000047
1981-09-30,1981,0.000000
1981-10-01,1982,0.000000
1981-10-02,1982,0.000071
1981-10-03,1982,0.025558
1981-10-04,1982,0.039205
1981-10-05,1982,0.053710
1981-10-06,1982,0.040488
1981-10-07,1982,0.023468
1981-10-08,1982,0.014963
1981-10-09,1982,0.021445
1981-10-10,1982,0.020415
1981-10-11,1982,0.018585
1981-10-12,1982,0.057662
1981-10-13,1982,0.090164
1981-10-14,1982,0.107997
1981-10-15,1982,0.125445
1981-10-16,1982,0.279019
1981-10-17,1982,0.332576
1981-10-18,1982,0.323430
1981-10-19,1982,0.284129
1981-10-20,1982,0.240204
1981-10-21,1982,0.203221
1981-10-22,1982,0.184004
1981-10-23,1982,0.172963
1981-10-24,1982,0.163678
1981-10-25,1982,0.397235
1981-10-26,1982,0.388506
1981-10-27,1982,0.323231
1981-10-28,1982,0.263515
1981-10-29,1982,0.232438
1981-10-30,1982,0.352359
1981-10-31,1982,0.609598
1981-11-01,1982,0.602371
1981-11-02,1982,0.559040
1981-11-03,1982,0.494961
1981-11-04,1982,0.435451
1981-11-05,1982,0.386968
1981-11-06,1982,0.346300
1981-11-07,1982,0.333613
1981-11-08,1982,0.376435
1981-11-09,1982,0.376779
1981-11-10,1982,0.361238
1981-11-11,1982,0.346190
1981-11-12,1982,0.329610
1981-11-13,1982,0.312821
1981-11-14,1982,0.288358
1981-11-15,1982,0.272708
1981-11-16,1982,0.252790
1981-11-17,1982,0.226917
1981-11-18,1982,0.240632
1981-11-19,1982,0.337853
1981-11-20,1982,0.338545
1981-11-21,1982,0.337875
1981-11-22,1982,0.333871
1981-11-23,1982,0.364462
1981-11-24,1982,0.376690
1981-11-25,1982,0.347005
1981-11-26,1982,0.500676
1981-11-27,1982,0.491672
1981-11-28,1982,0.603973
1981-11-29,1982,0.634604
1981-11-30,1982,0.970747
1981-12-01,1982,1.036810
1981-12-02,1982,1.059369
1981-12-03,1982,1.064282
1981-12-04,1982,1.057481
1981-12-05,1982,1.047737
1981-12-06,1982,1.032622
1981-12-07,1982,1.010571
1981-12-08,1982,0.982058
1981-12-09,1982,0.949895
1981-12-10,1982,0.914626
1981-12-11,1982,0.896048
1981-12-12,1982,0.890131
1981-12-13,1982,0.889063
1981-12-14,1982,0.990680
1981-12-15,1982,1.012534
1981-12-16,1982,1.173961
1981-12-17,1982,1.221605
1981-12-18,1982,1.214560
1981-12-19,1982,1.207247
1981-12-20,1982,1.267363
1981-12-21,1982,1.323207
1981-12-22,1982,1.740949
1981-12-23,1982,1.820544
1981-12-24,1982,1.805716
1981-12-25,1982,1.801474
1981-12-26,1982,1.898554
1981-12-27,1982,2.147211
1981-12-28,1982,2.315657
1981-12-29,1982,2.308104
1981-12-30,1982,2.392904
1981-12-31,1982,2.678542
1982-01-01,1982,2.892938
1982-01-02,1982,3.298099
1982-01-03,1982,3.434219
1982-01-04,1982,3.436405
1982-01-05,1982,3.257402
1982-01-06,1982,3.662670
1982-01-07,1982,3.823840
1982-01-08,1982,3.788460
1982-01-09,1982,3.747815
1982-01-10,1982,3.740529
1982-01-11,1982,3.668498
1982-01-12,1982,3.595782
1982-01-13,1982,3.586826
1982-01-14,1982,3.496864
1982-01-15,1982,3.459085
1982-01-16,1982,3.432280
1982-01-17,1982,3.443459
1982-01-18,1982,3.430909
1982-01-19,1982,3.458787
1982-01-20,1982,3.525852
1982-01-21,1982,3.635087
1982-01-22,1982,3.919970
1982-01-23,1982,3.970430
1982-01-24,1982,4.012359
1982-01-25,1982,3.994572
1982-01-26,1982,3.982095
1982-01-27,1982,3.984159
1982-01-28,1982,4.024343
1982-01-29,1982,4.123496
1982-01-30,1982,4.295896
1982-01-31,1982,4.287954
1982-02-01,1982,4.377414
1982-02-02,1982,4.463554
1982-02-03,1982,4.408970
1982-02-04,1982,4.514911
1982-02-05,1982,4.613931
1982-02-06,1982,4.608131
1982-02-07,1982,4.591391
1982-02-08,1982,4.587980
1982-02-09,1982,4.631940
1982-02-10,1982,4.785392
1982-02-11,1982,4.835276
1982-02-12,1982,4.907964
1982-02-13,1982,4.888705
1982-02-14,1982,4.858389
1982-02-15,1982,4.865960
1982-02-16,1982,4.842227
1982-02-17,1982,4.865292
1982-02-18,1982,4.849249
1982-02-19,1982,4.846603
1982-02-20,1982,4.820916
1982-02-21,1982,4.773158
1982-02-22,1982,4.697544
1982-02-23,1982,4.611610
1982-02-24,1982,4.571132
1982-02-25,1982,4.669878
1982-02-26,1982,4.701912
1982-02-27,1982,4.745270
1982-02-28,1982,4.742199
1982-03-01,1982,4.682751
1982-03-02,1982,4.731340
1982-03-03,1982,4.853139
1982-03-04,1982,5.026319
1982-03-05,1982,5.073473
1982-03-06,1982,5.113957
1982-03-07,1982,5.084172
1982-03-08,1982,5.068442
1982-03-09,1982,5.050712
1982-03-10,1982,5.006469
1982-03-11,1982,4.975654
1982-03-12,1982,5.166899
1982-03-13,1982,5.240271
1982-03-14,1982,5.260211
1982-03-15,1982,5.253570
1982-03-16,1982,5.390227
1982-03-17,1982,5.444623
1982-03-18,1982,5.429326
1982-03-19,1982,5.520360
1982-03-20,1982,5.572989
1982-03-21,1982,5.576790
1982-03-22,1982,5.569650
1982-03-23,1982,5.552906
1982-03-24,1982,5.533143
1982-03-25,1982,5.534140
1982-03-26,1982,5.495605
1982-03-27,1982,5.685121
1982-03-28,1982,5.647984
1982-03-29,1982,5.632421
1982-03-30,1982,5.819845
1982-03-31,1982,5.840088
1982-04-01,1982,5.801288
1982-04-02,1982,5.910944
1982-04-03,1982,5.899958
1982-04-04,1982,5.868518
1982-04-05,1982,5.890907
1982-04-06,1982,5.933415
1982-04-07,1982,5.920050
1982-04-08,1982,5.987239
1982-04-09,1982,5.990861
1982-04-10,1982,5.982507
1982-04-11,1982,5.946918
1982-04-12,1982,5.869678
1982-04-13,1982,5.709350
1982-04-14,1982,5.602226
1982-04-15,1982,5.490487
1982-04-16,1982,5.443034
1982-04-17,1982,5.448000
1982-04-18,1982,5.402191
1982-04-19,1982,5.360137
1982-04-20,1982,5.393191
1982-04-21,1982,5.529894
1982-04-22,1982,5.480874
1982-04-23,1982,5.448684
1982-04-24,1982,5.470847
1982-04-25,1982,5.398101
1982-04-26,1982,5.300639
1982-04-27,1982,5.246284
1982-04-28,1982,5.177563
1982-04-29,1982,5.052296
1982-04-30,1982,4.902575
1982-05-01,1982,4.748847
1982-05-02,1982,4.505397
1982-05-03,1982,4.240864
1982-05-04,1982,3.985874
1982-05-05,1982,3.815043
1982-05-06,1982,3.922071
1982-05-07,1982,3.892165
1982-05-08,1982,3.822692
1982-05-09,1982,3.688154
1982-05-10,1982,3.595791
1982-05-11,1982,3.535782
1982-05-12,1982,3.550809
1982-05-13,1982,3.919776
1982-05-14,1982,3.995165
1982-05-15,1982,3.930735
1982-05-16,1982,3.853709
1982-05-17,1982,3.745329
1982-05-18,1982,3.595038
1982-05-19,1982,3.398789
1982-05-20,1982,3.276222
1982-05-21,1982,3.178312
1982-05-22,1982,3.045105
1982-05-23,1982,2.881607
1982-05-24,1982,2.715483
1982-05-25,1982,2.633200
1982-05-26,1982,2.555767
1982-05-27,1982,2.385362
1982-05-28,1982,2.219526
1982-05-29,1982,2.091499
1982-05-30,1982,1.990335
1982-05-31,1982,1.956325
1982-06-01,1982,1.861831
1982-06-02,1982,1.763153
1982-06-03,1982,1.703818
1982-06-04,1982,1.625086
1982-06-05,1982,1.530238
1982-06-06,1982,1.438527
1982-06-07,1982,1.401224
1982-06-08,1982,1.328219
1982-06-09,1982,1.264770
1982-06-10,1982,1.194137
1982-06-11,1982,1.112766
1982-06-12,1982,1.017163
1982-06-13,1982,0.914457
1982-06-14,1982,0.814102
1982-06-15,1982,0.739475
1982-06-16,1982,0.683799
1982-06-17,1982,0.606266
1982-06-18,1982,0.534848
1982-06-19,1982,0.484324
1982-06-20,1982,0.434380
1982-06-21,1982,0.391020
1982-06-22,1982,0.350677
1982-06-23,1982,0.306479
1982-06-24,1982,0.265450
1982-06-25,1982,0.230166
1982-06-26,1982,0.195388
1982-06-27,1982,0.170042
1982-06-28,1982,0.142998
1982-06-29,1982,0.117155
1982-06-30,1982,0.096770
1982-07-01,1982,0.076558
1982-07-02,1982,0.058454
1982-07-03,1982,0.043811
1982-07-04,1982,0.028824
1982-07-05,1982,0.018196
1982-07-06,1982,0.012656
1982-07-07,1982,0.008416
1982-07-08,1982,0.005084
1982-07-09,1982,0.002914
1982-07-10,1982,0.001840
1982-07-11,1982,0.000884
1982-07-12,1982,0.000348
1982-07-13,1982,0.000162
1982-07-14,1982,0.000000
1982-07-15,1982,0.000000
1982-07-16,1982,0.000000
1982-07-17,1982,0.000000
1982-07-18,1982,0.000000
1982-07-19,1982,0.000000
1982-07-20,1982,0.000000
1982-07-21,1982,0.000000
1982-07-22,1982,0.000000
1982-07-23,1982,0.000000
1982-07-24,1982,0.000000
1982-07-25,1982,0.000000
1982-07-26,1982,0.000000
1982-07-27,1982,0.000000
1982-07-28,1982,0.000000
1982-07-29,1982,0.000000
1982-07-30,1982,0.000000
1982-07-31,1982,0.000000
1982-08-01,1982,0.000000
1982-08-02,1982,0.000000
1982-08-03,1982,0.000000
1982-08-04,1982,0.000000
1982-08-05,1982,0.000000
1982-08-06,1982,0.000000
1982-08-07,1982,0.000000
1982-08-08,1982,0.000000
1982-08-09,1982,0.000000
1982-08-10,1982,0.000000
1982-08-11,1982,0.000000
1982-08-12,1982,0.000000
1982-08-13,1982,0.000000
1982-08-14,1982,0.000000
1982-08-15,1982,0.000000
1982-08-16,1982,0.000000
1982-08-17,1982,0.000000
1982-08-18,1982,0.000000
1982-08-19,1982,0.000000
1982-08-20,1982,0.000000
1982-08-21,1982,0.000000
1982-08-22,1982,0.000000
1982-08-23,1982,0.000000
1982-08-24,1982,0.000000
1982-08-25,1982,0.000000
1982-08-26,1982,0.000000
1982-08-27,1982,0.000000
1982-08-28,1982,0.000000
1982-08-29,1982,0.000000
1982-08-30,1982,0.000000
1982-08-31,1982,0.000000
1982-09-01,1982,0.000000
1982-09-02,1982,0.000000
1982-09-03,1982,0.000000
1982-09-04,1982,0.000000
1982-09-05,1982,0.000000
1982-09-06,1982,0.000000
1982-09-07,1982,0.000000
1982-09-08,1982,0.000000
1982-09-09,1982,0.000000
1982-09-10,1982,0.000000
1982-09-11,1982,0.000000
1982-09-12,1982,0.002905
1982-09-13,1982,0.019605
1982-09-14,1982,0.122726
1982-09-15,1982,0.092551
1982-09-16,1982,0.035436
1982-09-17,1982,0.013234
1982-09-18,1982,0.004951
1982-09-19,1982,0.002013
1982-09-20,1982,0.001407
1982-09-21,1982,0.000845
1982-09-22,1982,0.000329
1982-09-23,1982,0.000047
1982-09-24,1982,0.000000
1982-09-25,1982,0.000000
1982-09-26,1982,0.000000
1982-09-27,1982,0.000000
1982-09-28,1982,0.055117
1982-09-29,1982,0.114126
1982-09-30,1982,0.095266
1982-10-01,1983,0.088368
1982-10-02,1983,0.078291
1982-10-03,1983,0.060757
1982-10-04,1983,0.038765
1982-10-05,1983,0.023435
1982-10-06,1983,0.067195
1982-10-07,1983,0.055980
1982-10-08,1983,0.083630
1982-10-09,1983,0.194225
1982-10-10,1983,0.268006
1982-10-11,1983,0.306561
1982-10-12,1983,0.360823
1982-10-13,1983,0.356534
1982-10-14,1983,0.349455
1982-10-15,1983,0.279059
1982-10-16,1983,0.176335
1982-10-17,1983,0.122847
1982-10-18,1983,0.088712
1982-10-19,1983,0.095138
1982-10-20,1983,0.093407
1982-10-21,1983,0.083166
1982-10-22,1983,0.070638
1982-10-23,1983,0.055995
1982-10-24,1983,0.040278
1982-10-25,1983,0.031514
1982-10-26,1983,0.024305
1982-10-27,1983,0.134085
1982-10-28,1983,0.360052
1982-10-29,1983,0.358708
1982-10-30,1983,0.346035
1982-10-31,1983,0.372884
1982-11-01,1983,0.423278
1982-11-02,1983,0.468774
1982-11-03,1983,0.564960
1982-11-04,1983,0.554609
1982-11-05,1983,0.535039
1982-11-06,1983,0.499459
1982-11-07,1983,0.459183
1982-11-08,1983,0.426826
1982-11-09,1983,0.540893
1982-11-10,1983,0.625123
1982-11-11,1983,0.882041
1982-11-12,1983,1.078000
1982-11-13,1983,1.037688
1982-11-14,1983,0.998572
1982-11-15,1983,0.995706
1982-11-16,1983,0.945798
1982-11-17,1983,0.933602
1982-11-18,1983,0.912795
1982-11-19,1983,0.925735
1982-11-20,1983,1.133758
1982-11-21,1983,1.218840
1982-11-22,1983,1.191831
1982-11-23,1983,1.319237
1982-11-24,1983,1.329860
1982-11-25,1983,1.329855
1982-11-26,1983,1.338052
1982-11-27,1983,1.336713
1982-11-28,1983,1.342102
1982-11-29,1983,1.346346
1982-11-30,1983,1.512078
1982-12-01,1983,1.881938
1982-12-02,1983,2.085318
1982-12-03,1983,2.068817
1982-12-04,1983,2.060938
1982-12-05,1983,2.083794
1982-12-06,1983,2.131708
1982-12-07,1983,2.149305
1982-12-08,1983,2.122525
1982-12-09,1983,2.123476
1982-12-10,1983,2.217404
1982-12-11,1983,2.284883
1982-12-12,1983,2.267653
1982-12-13,1983,2.251969
1982-12-14,1983,2.376975
1982-12-15,1983,2.373027
1982-12-16,1983,2.394177
1982-12-17,1983,2.373273
1982-12-18,1983,2.336178
1982-12-19,1983,2.352093
1982-12-20,1983,2.329254
1982-12-21,1983,2.319289
1982-12-22,1983,2.306129
1982-12-23,1983,2.391132
1982-12-24,1983,2.796000
1982-12-25,1983,3.115805
1982-12-26,1983,2.969282
1982-12-27,1983,2.903100
1982-12-28,1983,2.944747
1982-12-29,1983,2.971786
1982-12-30,1983,2.950745
1982-12-31,1983,2.940129
1983-01-01,1983,2.913967
1983-01-02,1983,2.902667
1983-01-03,1983,2.896983
1983-01-04,1983,2.882267
1983-01-05,1983,2.885398
1983-01-06,1983,2.853394
1983-01-07,1983,2.841594
1983-01-08,1983,2.931541
1983-01-09,1983,2.969714
1983-01-10,1983,2.963784
1983-01-11,1983,2.962015
1983-01-12,1983,2.926795
1983-01-13,1983,2.914931
1983-01-14,1983,2.866120
1983-01-15,1983,2.853852
1983-01-16,1983,2.848069
1983-01-17,1983,2.865082
1983-01-18,1983,2.951584
1983-01-19,1983,3.030680
1983-01-20,1983,3.021822
1983-01-21,1983,3.117871
1983-01-22,1983,3.147206
1983-01-23,1983,3.134474
1983-01-24,1983,3.171302
1983-01-25,1983,3.218621
1983-01-26,1983,3.275841
1983-01-27,1983,3.289406
1983-01-28,1983,3.251280
1983-01-29,1983,3.396618
1983-01-30,1983,3.462725
1983-01-31,1983,3.489822
1983-02-01,1983,3.556149
1983-02-02,1983,3.601780
1983-02-03,1983,3.595364
1983-02-04,1983,3.633544
1983-02-05,1983,3.749675
1983-02-06,1983,3.756748
1983-02-07,1983,3.752393
1983-02-08,1983,3.801976
1983-02-09,1983,3.911122
1983-02-10,1983,3.964960
1983-02-11,1983,4.014961
1983-02-12,1983,4.006543
1983-02-13,1983,3.980440
1983-02-14,1983,4.008170
1983-02-15,1983,4.036054
1983-02-16,1983,4.014256
1983-02-17,1983,4.036368
1983-02-18,1983,4.010448
1983-02-19,1983,4.088731
1983-02-20,1983,4.350648
1983-02-21,1983,4.329178
1983-02-22,1983,4.306069
1983-02-23,1983,4.283932
1983-02-24,1983,4.253798
1983-02-25,1983,4.219044
1983-02-26,1983,4.225845
1983-02-27,1983,4.288542
1983-02-28,1983,4.342205
1983-03-01,1983,4.409665
1983-03-02,1983,4.275245
1983-03-03,1983,4.147489
1983-03-04,1983,4.180470
1983-03-05,1983,4.629533
1983-03-06,1983,5.016648
1983-03-07,1983,4.957699
1983-03-08,1983,4.942709
1983-03-09,1983,4.902498
1983-03-10,1983,4.789483
1983-03-11,1983,4.626946
1983-03-12,1983,4.473585
1983-03-13,1983,4.375784
1983-03-14,1983,4.300055
1983-03-15,1983,4.501935
1983-03-16,1983,4.871694
1983-03-17,1983,4.833924
1983-03-18,1983,4.952316
1983-03-19,1983,5.043822
1983-03-20,1983,5.137793
1983-03-21,1983,5.013143
1983-03-22,1983,4.994224
1983-03-23,1983,5.048682
1983-03-24,1983,5.078126
1983-03-25,1983,5.187117
1983-03-26,1983,5.245452
1983-03-27,1983,5.220700
1983-03-28,1983,5.204201
1983-03-29,1983,5.283117
1983-03-30,1983,5.198908
1983-03-31,1983,5.157811
1983-04-01,1983,5.422258
1983-04-02,1983,5.241021
1983-04-03,1983,5.396354
1983-04-04,1983,5.486149
1983-04-05,1983,5.518364
1983-04-06,1983,5.499730
1983-04-07,1983,5.419202
1983-04-08,1983,5.439719
1983-04-09,1983,5.443781
1983-04-10,1983,5.420896
1983-04-11,1983,5.344273
1983-04-12,1983,5.441924
1983-04-13,1983,5.571797
1983-04-14,1983,5.614710
1983-04-15,1983,5.602221
1983-04-16,1983,5.541256
1983-04-17,1983,5.466073
1983-04-18,1983,5.394277
1983-04-19,1983,5.289006
1983-04-20,1983,5.177980
1983-04-21,1983,5.138848
1983-04-22,1983,5.265366
1983-04-23,1983,5.195474
1983-04-24,1983,4.918668
1983-04-25,1983,4.674761
1983-04-26,1983,4.502048
1983-04-27,1983,4.453133
1983-04-28,1983,4.293652
1983-04-29,1983,4.128919
1983-04-30,1983,4.054925
1983-05-01,1983,4.098328
1983-05-02,1983,4.163972
1983-05-03,1983,4.171117
1983-05-04,1983,4.136760
1983-05-05,1983,3.906670
1983-05-06,1983,3.820872
1983-05-07,1983,3.751461
1983-05-08,1983,3.685987
1983-05-09,1983,3.560050
1983-05-10,1983,3.415275
1983-05-11,1983,3.292517
1983-05-12,1983,3.305283
1983-05-13,1983,3.278666
1983-05-14,1983,3.255497
1983-05-15,1983,3.403413
1983-05-16,1983,3.425371
1983-05-17,1983,3.732536
1983-05-18,1983,3.872728
1983-05-19,1983,3.804752
1983-05-20,1983,3.945560
1983-05-21,1983,3.945379
1983-05-22,1983,3.797157
1983-05-23,1983,3.609606
1983-05-24,1983,3.405337
1983-05-25,1983,3.164852
1983-05-26,1983,2.934762
1983-05-27,1983,2.707676
1983-05-28,1983,2.466582
1983-05-29,1983,2.229411
1983-05-30,1983,2.029243
1983-05-31,1983,1.895734
1983-06-01,1983,1.829620
1983-06-02,1983,1.613597
1983-06-03,1983,1.495880
1983-06-04,1983,1.384750
1983-06-05,1983,1.276204
1983-06-06,1983,1.197675
1983-06-07,1983,1.120662
1983-06-08,1983,1.017298
1983-06-09,1983,0.917834
1983-06-10,1983,0.813026
1983-06-11,1983,0.715467
1983-06-12,1983,0.610922
1983-06-13,1983,0.597776
1983-06-14,1983,0.619446
1983-06-15,1983,0.554189
1983-06-16,1983,0.475118
1983-06-17,1983,0.396952
1983-06-18,1983,0.323287
1983-06-19,1983,0.241106
1983-06-20,1983,0.179963
1983-06-21,1983,0.135250
1983-06-22,1983,0.101176
1983-06-23,1983,0.070940
1983-06-24,1983,0.048194
1983-06-25,1983,0.035147
1983-06-26,1983,0.027232
1983-06-27,1983,0.020405
1983-06-28,1983,0.014794
1983-06-29,1983,0.009268
1983-06-30,1983,0.005555
1983-07-01,1983,0.003146
1983-07-02,1983,0.001470
1983-07-03,1983,0.000783
1983-07-04,1983,0.000427
1983-07-05,1983,0.000166
1983-07-06,1983,0.000000
1983-07-07,1983,0.000000
1983-07-08,1983,0.000000
1983-07-09,1983,0.000000
1983-07-10,1983,0.000000
1983-07-11,1983,0.000000
1983-07-12,1983,0.000000
1983-07-13,1983,0.000000
1983-07-14,1983,0.000000
1983-07-15,1983,0.000000
1983-07-16,1983,0.000000
1983-07-17,1983,0.000000
1983-07-18,1983,0.000000
1983-07-19,1983,0.000000
1983-07-20,1983,0.000000
1983-07-21,1983,0.000000
1983-07-22,1983,0.000000
1983-07-23,1983,0.000000
1983-07-24,1983,0.000000
1983-07-25,1983,0.000000
1983-07-26,1983,0.000000
1983-07-27,1983,0.000000
1983-07-28,1983,0.000000
1983-07-29,1983,0.000000
1983-07-30,1983,0.000000
1983-07-31,1983,0.000000
1983-08-01,1983,0.000000
1983-08-02,1983,0.000000
1983-08-03,1983,0.000000
1983-08-04,1983,0.000000
1983-08-05,1983,0.000000
1983-08-06,1983,0.000000
1983-08-07,1983,0.000000
1983-08-08,1983,0.000000
1983-08-09,1983,0.000000
1983-08-10,1983,0.000000
1983-08-11,1983,0.000000
1983-08-12,1983,0.000000
1983-08-13,1983,0.000000
1983-08-14,1983,0.000000
1983-08-15,1983,0.000000
1983-08-16,1983,0.000000
1983-08-17,1983,0.000000
1983-08-18,1983,0.000000
1983-08-19,1983,0.000000
1983-08-20,1983,0.000000
1983-08-21,1983,0.000000
1983-08-22,1983,0.000000
1983-08-23,1983,0.000000
1983-08-24,1983,0.000000
1983-08-25,1983,0.000000
1983-08-26,1983,0.000000
1983-08-27,1983,0.000000
1983-08-28,1983,0.000000
1983-08-29,1983,0.000000
1983-08-30,1983,0.000000
1983-08-31,1983,0.000000
1983-09-01,1983,0.000000
1983-09-02,1983,0.000000
1983-09-03,1983,0.000000
1983-09-04,1983,0.000000
1983-09-05,1983,0.000000
1983-09-06,1983,0.000000
1983-09-07,1983,0.000000
1983-09-08,1983,0.000000
1983-09-09,1983,0.000000
1983-09-10,1983,0.000000
1983-09-11,1983,0.000000
1983-09-12,1983,0.000000
1983-09-13,1983,0.000000
1983-09-14,1983,0.000000
1983-09-15,1983,0.000000
1983-09-16,1983,0.000000
1983-09-17,1983,0.000000
1983-09-18,1983,0.000000
1983-09-19,1983,0.000000
1983-09-20,1983,0.006603
1983-09-21,1983,0.009367
1983-09-22,1983,0.005670
1983-09-23,1983,0.002567
1983-09-24,1983,0.000716
1983-09-25,1983,0.000115
1983-09-26,1983,0.000000
1983-09-27,1983,0.000949
1983-09-28,1983,0.000617
1983-09-29,1983,0.000332
1983-09-30,1983,0.000380
1983-10-01,1984,0.001776
1983-10-02,1984,0.005180
1983-10-03,1984,0.015490
1983-10-04,1984,0.053315
1983-10-05,1984,0.037197
1983-10-06,1984,0.024401
1983-10-07,1984,0.012852
1983-10-08,1984,0.007426
1983-10-09,1984,0.005986
1983-10-10,1984,0.003283
1983-10-11,1984,0.044413
1983-10-12,1984,0.071126
1983-10-13,1984,0.058834
1983-10-14,1984,0.073211
1983-10-15,1984,0.126953
1983-10-16,1984,0.121355
1983-10-17,1984,0.103717
1983-10-18,1984,0.083601
1983-10-19,1984,0.079674
1983-10-20,1984,0.070568
1983-10-21,1984,0.055911
1983-10-22,1984,0.039005
1983-10-23,1984,0.027365
1983-10-24,1984,0.025154
1983-10-25,1984,0.054993
1983-10-26,1984,0.042055
1983-10-27,1984,0.028538
1983-10-28,1984,0.018843
1983-10-29,1984,0.013629
1983-10-30,1984,0.010173
1983-10-31,1984,0.009881
1983-11-01,1984,0.009735
1983-11-02,1984,0.008327
1983-11-03,1984,0.007595
1983-11-04,1984,0.005979
1983-11-05,1984,0.004113
1983-11-06,1984,0.005019
1983-11-07,1984,0.003864
1983-11-08,1984,0.024704
1983-11-09,1984,0.529216
1983-11-10,1984,0.452884
1983-11-11,1984,0.420683
1983-11-12,1984,0.433540
1983-11-13,1984,0.469214
1983-11-14,1984,0.612668
1983-11-15,1984,0.647931
1983-11-16,1984,0.565841
1983-11-17,1984,0.541050
1983-11-18,1984,0.683838
1983-11-19,1984,1.119043
1983-11-20,1984,1.174942
1983-11-21,1984,1.455054
1983-11-22,1984,1.760681
1983-11-23,1984,1.760948
1983-11-24,1984,1.767452
1983-11-25,1984,1.806908
1983-11-26,1984,2.091961
1983-11-27,1984,2.212810
1983-11-28,1984,2.200915
1983-11-29,1984,2.232833
1983-11-30,1984,2.262859
1983-12-01,1984,2.271156
1983-12-02,1984,2.423409
1983-12-03,1984,2.550722
1983-12-04,1984,2.740355
1983-12-05,1984,2.883974
1983-12-06,1984,2.870329
1983-12-07,1984,2.866766
1983-12-08,1984,2.775500
1983-12-09,1984,2.827243
1983-12-10,1984,2.818396
1983-12-11,1984,2.860681
1983-12-12,1984,2.924384
1983-12-13,1984,3.003041
1983-12-14,1984,3.203968
1983-12-15,1984,3.338030
1983-12-16,1984,3.417466
1983-12-17,1984,3.422452
1983-12-18,1984,3.503291
1983-12-19,1984,3.608207
1983-12-20,1984,3.709902
1983-12-21,1984,3.893324
1983-12-22,1984,3.974820
1983-12-23,1984,4.068559
1983-12-24,1984,4.334806
1983-12-25,1984,4.588814
1983-12-26,1984,4.835835
1983-12-27,1984,4.991794
1983-12-28,1984,5.360812
1983-12-29,1984,5.388551
1983-12-30,1984,5.372815
1983-12-31,1984,5.359534
1984-01-01,1984,5.401154
1984-01-02,1984,5.370498
1984-01-03,1984,5.342602
1984-01-04,1984,5.345263
1984-01-05,1984,5.341044
1984-01-06,1984,5.340499
1984-01-07,1984,5.377975
1984-01-08,1984,5.397461
1984-01-09,1984,5.412172
1984-01-10,1984,5.435305
1984-01-11,1984,5.441693
1984-01-12,1984,5.619823
1984-01-13,1984,5.608014
1984-01-14,1984,5.825283
1984-01-15,1984,5.821821
1984-01-16,1984,5.769854
1984-01-17,1984,5.763016
1984-01-18,1984,5.829383
1984-01-19,1984,5.822471
1984-01-20,1984,5.806132
1984-01-21,1984,5.777584
1984-01-22,1984,5.782897
1984-01-23,1984,5.772054
1984-01-24,1984,5.781323
1984-01-25,1984,5.788794
1984-01-26,1984,5.830291
1984-01-27,1984,5.848438
1984-01-28,1984,5.891668
1984-01-29,1984,5.880137
1984-01-30,1984,5.906578
1984-01-31,1984,5.919692
1984-02-01,1984,5.932318
1984-02-02,1984,5.942749
1984-02-03,1984,5.950824
1984-02-04,1984,5.957566
1984-02-05,1984,5.965452
1984-02-06,1984,5.974805
1984-02-07,1984,5.973499
1984-02-08,1984,6.039553
1984-02-09,1984,5.984748
1984-02-10,1984,5.976408
1984-02-11,1984,6.150166
1984-02-12,1984,6.209916
1984-02-13,1984,6.217703
1984-02-14,1984,6.193864
1984-02-15,1984,6.428854
1984-02-16,1984,6.409979
1984-02-17,1984,6.433816
1984-02-18,1984,6.523339
1984-02-19,1984,6.528138
1984-02-20,1984,6.534262
1984-02-21,1984,6.483847
1984-02-22,1984,6.437239
1984-02-23,1984,6.454039
1984-02-24,1984,6.449612
1984-02-25,1984,6.491691
1984-02-26,1984,6.672976
1984-02-27,1984,6.736259
1984-02-28,1984,6.577274
1984-02-29,1984,6.566201
1984-03-01,1984,6.544849
1984-03-02,1984,6.573932
1984-03-03,1984,6.655914
1984-03-04,1984,6.722276
1984-03-05,1984,6.833861
1984-03-06,1984,6.747102
1984-03-07,1984,6.738771
1984-03-08,1984,6.745249
1984-03-09,1984,6.698046
1984-03-10,1984,6.682526
1984-03-11,1984,6.596071
1984-03-12,1984,6.687304
1984-03-13,1984,6.683709
1984-03-14,1984,6.712690
1984-03-15,1984,6.834331
1984-03-16,1984,6.877635
1984-03-17,1984,6.907748
1984-03-18,1984,6.990845
1984-03-19,1984,7.136664
1984-03-20,1984,7.083094
1984-03-21,1984,7.011781
1984-03-22,1984,7.052234
1984-03-23,1984,7.317663
1984-03-24,1984,7.253464
1984-03-25,1984,7.249186
1984-03-26,1984,7.403303
1984-03-27,1984,7.474869
1984-03-28,1984,7.565035
1984-03-29,1984,7.422187
1984-03-30,1984,7.456488
1984-03-31,1984,7.652770
1984-04-01,1984,7.638401
1984-04-02,1984,7.685805
1984-04-03,1984,7.630214
1984-04-04,1984,7.576329
1984-04-05,1984,7.459217
1984-04-06,1984,7.393992
1984-04-07,1984,7.306777
1984-04-08,1984,7.254436
1984-04-09,1984,7.135124
1984-04-10,1984,7.267005
1984-04-11,1984,7.327012
1984-04-12,1984,7.376662
1984-04-13,1984,7.368834
1984-04-14,1984,7.333042
1984-04-15,1984,7.139780
1984-04-16,1984,7.014276
1984-04-17,1984,6.916378
1984-04-18,1984,6.623725
1984-04-19,1984,6.395840
1984-04-20,1984,6.473040
1984-04-21,1984,6.889270
1984-04-22,1984,6.759482
1984-04-23,1984,6.491218
1984-04-24,1984,6.403384
1984-04-25,1984,6.299720
1984-04-26,1984,6.445685
1984-04-27,1984,6.499330
1984-04-28,1984,6.500438
1984-04-29,1984,6.750432
1984-04-30,1984,6.744962
1984-05-01,1984,6.712435
1984-05-02,1984,6.668943
1984-05-03,1984,6.641139
1984-05-04,1984,6.566561
1984-05-05,1984,6.546877
1984-05-06,1984,6.502532
1984-05-07,1984,6.499869
1984-05-08,1984,6.488262
1984-05-09,1984,6.395502
1984-05-10,1984,6.204494
1984-05-11,1984,5.917571
1984-05-12,1984,5.542681
1984-05-13,1984,5.135413
1984-05-14,1984,4.707540
1984-05-15,1984,4.269510
1984-05-16,1984,3.902145
1984-05-17,1984,3.596598
1984-05-18,1984,3.346973
1984-05-19,1984,3.182173
1984-05-20,1984,2.969430
1984-05-21,1984,2.674865
1984-05-22,1984,2.389577
1984-05-23,1984,2.145493
1984-05-24,1984,1.870325
1984-05-25,1984,1.611956
1984-05-26,1984,1.460808
1984-05-27,1984,1.301648
1984-05-28,1984,1.169276
1984-05-29,1984,1.042112
1984-05-30,1984,0.890075
1984-05-31,1984,0.731632
1984-06-01,1984,0.605597
1984-06-02,1984,0.509398
1984-06-03,1984,0.418656
1984-06-04,1984,0.344332
1984-06-05,1984,0.291447
1984-06-06,1984,0.294804
1984-06-07,1984,0.347825
1984-06-08,1984,0.396366
1984-06-09,1984,0.390521
1984-06-10,1984,0.360527
1984-06-11,1984,0.279195
1984-06-12,1984,0.219493
1984-06-13,1984,0.171610
1984-06-14,1984,0.125595
1984-06-15,1984,0.093047
1984-06-16,1984,0.071841
1984-06-17,1984,0.056684
1984-06-18,1984,0.045900
1984-06-19,1984,0.033551
1984-06-20,1984,0.022789
1984-06-21,1984,0.013244
1984-06-22,1984,0.007495
1984-06-23,1984,0.004352
1984-06-24,1984,0.002396
1984-06-25,1984,0.001231
1984-06-26,1984,0.000674
1984-06-27,1984,0.000325
1984-06-28,1984,0.000000
1984-06-29,1984,0.000000
1984-06-30,1984,0.000000
1984-07-01,1984,0.000000
1984-07-02,1984,0.000000
1984-07-03,1984,0.000000
1984-07-04,1984,0.000000
1984-07-05,1984,0.000000
1984-07-06,1984,0.000000
1984-07-07,1984,0.000000
1984-07-08,1984,0.000000
1984-07-09,1984,0.000000
1984-07-10,1984,0.000000
1984-07-11,1984,0.000000
1984-07-12,1984,0.000000
1984-07-13,1984,0.000000
1984-07-14,1984,0.000000
1984-07-15,1984,0.000000
1984-07-16,1984,0.000000
1984-07-17,1984,0.000000
1984-07-18,1984,0.000000
1984-07-19,1984,0.000000
1984-07-20,1984,0.000000
1984-07-21,1984,0.000000
1984-07-22,1984,0.000000
1984-07-23,1984,0.000000
1984-07-24,1984,0.000000
1984-07-25,1984,0.000000
1984-07-26,1984,0.000000
1984-07-27,1984,0.000000
1984-07-28,1984,0.000000
1984-07-29,1984,0.000000
1984-07-30,1984,0.000000
1984-07-31,1984,0.000000
1984-08-01,1984,0.000000
1984-08-02,1984,0.000000
1984-08-03,1984,0.000000
1984-08-04,1984,0.000000
1984-08-05,1984,0.000000
1984-08-06,1984,0.000000
1984-08-07,1984,0.000000
1984-08-08,1984,0.000000
1984-08-09,1984,0.000000
1984-08-10,1984,0.000000
1984-08-11,1984,0.000000
1984-08-12,1984,0.000000
1984-08-13,1984,0.000000
1984-08-14,1984,0.000000
1984-08-15,1984,0.000000
1984-08-16,1984,0.000000
1984-08-17,1984,0.000000
1984-08-18,1984,0.000000
1984-08-19,1984,0.000000
1984-08-20,1984,0.000000
1984-08-21,1984,0.000000
1984-08-22,1984,0.000000
1984-08-23,1984,0.000000
1984-08-24,1984,0.000000
1984-08-25,1984,0.000000
1984-08-26,1984,0.000000
1984-08-27,1984,0.000000
1984-08-28,1984,0.000000
1984-08-29,1984,0.000000
1984-08-30,1984,0.000000
1984-08-31,1984,0.000000
1984-09-01,1984,0.000000
1984-09-02,1984,0.000000
1984-09-03,1984,0.000000
1984-09-04,1984,0.000000
1984-09-05,1984,0.000000
1984-09-06,1984,0.000000
1984-09-07,1984,0.000000
1984-09-08,1984,0.001175
1984-09-09,1984,0.000554
1984-09-10,1984,0.000046
1984-09-11,1984,0.000000
1984-09-12,1984,0.000000
1984-09-13,1984,0.000000
1984-09-14,1984,0.000000
1984-09-15,1984,0.000000
1984-09-16,1984,0.000000
1984-09-17,1984,0.000000
1984-09-18,1984,0.000000
1984-09-19,1984,0.000000
1984-09-20,1984,0.000000
1984-09-21,1984,0.000071
1984-09-22,1984,0.000150
1984-09-23,1984,0.000011
1984-09-24,1984,0.000235
1984-09-25,1984,0.090541
1984-09-26,1984,0.068651
1984-09-27,1984,0.041794
1984-09-28,1984,0.060106
1984-09-29,1984,0.151755
1984-09-30,1984,0.132106
1984-10-01,1985,0.088652
1984-10-02,1985,0.062520
1984-10-03,1985,0.039104
1984-10-04,1985,0.109465
1984-10-05,1985,0.149645
1984-10-06,1985,0.130723
1984-10-07,1985,0.097228
1984-10-08,1985,0.070173
1984-10-09,1985,0.054935
1984-10-10,1985,0.042370
1984-10-11,1985,0.030972
1984-10-12,1985,0.024480
1984-10-13,1985,0.096678
1984-10-14,1985,0.125507
1984-10-15,1985,0.327059
1984-10-16,1985,0.833579
1984-10-17,1985,0.915145
1984-10-18,1985,1.295944
1984-10-19,1985,1.372119
1984-10-20,1985,1.443161
1984-10-21,1985,1.452902
1984-10-22,1985,1.504926
1984-10-23,1985,1.561474
1984-10-24,1985,1.639114
1984-10-25,1985,1.671359
1984-10-26,1985,1.644232
1984-10-27,1985,1.646733
1984-10-28,1985,1.775330
1984-10-29,1985,1.750386
1984-10-30,1985,1.686770
1984-10-31,1985,1.620102
1984-11-01,1985,1.652157
1984-11-02,1985,1.615522
1984-11-03,1985,1.553331
1984-11-04,1985,1.549504
1984-11-05,1985,1.535169
1984-11-06,1985,1.507194
1984-11-07,1985,1.456812
1984-11-08,1985,1.448456
1984-11-09,1985,1.594452
1984-11-10,1985,1.722778
1984-11-11,1985,1.716000
1984-11-12,1985,1.701867
1984-11-13,1985,1.669908
1984-11-14,1985,1.693537
1984-11-15,1985,1.757395
1984-11-16,1985,1.750882
1984-11-17,1985,1.786481
1984-11-18,1985,1.884655
1984-11-19,1985,1.886871
1984-11-20,1985,1.884771
1984-11-21,1985,1.878857
1984-11-22,1985,1.866632
1984-11-23,1985,1.852247
1984-11-24,1985,1.875837
1984-11-25,1985,1.957422
1984-11-26,1985,2.194126
1984-11-27,1985,2.265450
1984-11-28,1985,2.258447
1984-11-29,1985,2.330106
1984-11-30,1985,2.373306
1984-12-01,1985,2.383555
1984-12-02,1985,2.496065
1984-12-03,1985,2.509181
1984-12-04,1985,2.503157
1984-12-05,1985,2.509161
1984-12-06,1985,2.505503
1984-12-07,1985,2.497684
1984-12-08,1985,2.478488
1984-12-09,1985,2.562443
1984-12-10,1985,2.543763
1984-12-11,1985,2.572665
1984-12-12,1985,2.870709
1984-12-13,1985,3.082067
1984-12-14,1985,3.302617
1984-12-15,1985,3.400105
1984-12-16,1985,3.438078
1984-12-17,1985,3.527727
1984-12-18,1985,3.547241
1984-12-19,1985,3.601033
1984-12-20,1985,3.743895
1984-12-21,1985,3.978655
1984-12-22,1985,4.003590
1984-12-23,1985,3.997311
1984-12-24,1985,3.992050
1984-12-25,1985,3.991748
1984-12-26,1985,3.989881
1984-12-27,1985,4.050557
1984-12-28,1985,4.403520
1984-12-29,1985,4.503281
1984-12-30,1985,4.505234
1984-12-31,1985,4.508182
1985-01-01,1985,4.579447
1985-01-02,1985,4.606617
1985-01-03,1985,4.603135
1985-01-04,1985,4.601581
1985-01-05,1985,4.599509
1985-01-06,1985,4.591620
1985-01-07,1985,4.586471
1985-01-08,1985,4.696761
1985-01-09,1985,4.892557
1985-01-10,1985,4.938027
1985-01-11,1985,4.962626
1985-01-12,1985,5.017568
1985-01-13,1985,5.013432
1985-01-14,1985,4.992669
1985-01-15,1985,4.983333
1985-01-16,1985,4.996205
1985-01-17,1985,4.981193
1985-01-18,1985,4.959132
1985-01-19,1985,4.950994
1985-01-20,1985,4.981219
1985-01-21,1985,5.055531
1985-01-22,1985,5.362988
1985-01-23,1985,5.383066
1985-01-24,1985,5.378204
1985-01-25,1985,5.369287
1985-01-26,1985,5.354339
1985-01-27,1985,5.390859
1985-01-28,1985,5.506136
1985-01-29,1985,5.572500
1985-01-30,1985,5.660100
1985-01-31,1985,5.693206
1985-02-01,1985,5.700030
1985-02-02,1985,5.701056
1985-02-03,1985,5.722167
1985-02-04,1985,5.748381
1985-02-05,1985,5.756627
1985-02-06,1985,5.758168
1985-02-07,1985,5.767629
1985-02-08,1985,5.763772
1985-02-09,1985,5.805138
1985-02-10,1985,5.978946
1985-02-11,1985,5.990258
1985-02-12,1985,5.962468
1985-02-13,1985,5.958528
1985-02-14,1985,5.945874
1985-02-15,1985,5.926825
1985-02-16,1985,5.895206
1985-02-17,1985,5.874079
1985-02-18,1985,5.918784
1985-02-19,1985,5.922742
1985-02-20,1985,5.932238
1985-02-21,1985,5.978443
1985-02-22,1985,5.984812
1985-02-23,1985,6.167065
1985-02-24,1985,6.213074
1985-02-25,1985,6.200817
1985-02-26,1985,6.321957
1985-02-27,1985,6.296403
1985-02-28,1985,6.278840
1985-03-01,1985,6.243967
1985-03-02,1985,6.217547
1985-03-03,1985,6.320016
1985-03-04,1985,6.487267
1985-03-05,1985,6.471449
1985-03-06,1985,6.448352
1985-03-07,1985,6.475615
1985-03-08,1985,6.451917
1985-03-09,1985,6.426740
1985-03-10,1985,6.407205
1985-03-11,1985,6.503892
1985-03-12,1985,6.624137
1985-03-13,1985,6.754433
1985-03-14,1985,6.733534
1985-03-15,1985,6.707075
1985-03-16,1985,6.777204
1985-03-17,1985,6.773352
1985-03-18,1985,6.723077
1985-03-19,1985,6.679514
1985-03-20,1985,6.724956
1985-03-21,1985,6.675490
1985-03-22,1985,6.690889
1985-03-23,1985,6.680488
1985-03-24,1985,6.663459
1985-03-25,1985,6.591091
1985-03-26,1985,6.498054
1985-03-27,1985,6.562213
1985-03-28,1985,6.912991
1985-03-29,1985,7.073835
1985-03-30,1985,7.333691
1985-03-31,1985,7.300891
1985-04-01,1985,7.267300
1985-04-02,1985,7.227957
1985-04-03,1985,7.130767
1985-04-04,1985,7.027805
1985-04-05,1985,7.098896
1985-04-06,1985,7.060050
1985-04-07,1985,6.972542
1985-04-08,1985,6.862693
1985-04-09,1985,6.748568
1985-04-10,1985,6.623155
1985-04-11,1985,6.484041
1985-04-12,1985,6.330420
1985-04-13,1985,6.185980
1985-04-14,1985,6.062986
1985-04-15,1985,5.891948
1985-04-16,1985,5.676139
1985-04-17,1985,5.441093
1985-04-18,1985,5.210514
1985-04-19,1985,5.099374
1985-04-20,1985,5.215566
1985-04-21,1985,5.472576
1985-04-22,1985,5.698080
1985-04-23,1985,5.789389
1985-04-24,1985,5.752791
1985-04-25,1985,5.789167
1985-04-26,1985,5.945480
1985-04-27,1985,6.020647
1985-04-28,1985,5.871822
1985-04-29,1985,5.799157
1985-04-30,1985,5.601971
1985-05-01,1985,5.334676
1985-05-02,1985,5.104446
1985-05-03,1985,4.854713
1985-05-04,1985,4.591195
1985-05-05,1985,4.309325
1985-05-06,1985,4.092263
1985-05-07,1985,3.885719
1985-05-08,1985,3.675860
1985-05-09,1985,3.437407
1985-05-10,1985,3.248138
1985-05-11,1985,3.081270
1985-05-12,1985,3.060872
1985-05-13,1985,3.236188
1985-05-14,1985,3.344844
1985-05-15,1985,3.261018
1985-05-16,1985,3.140103
1985-05-17,1985,3.021048
1985-05-18,1985,2.877056
1985-05-19,1985,2.749817
1985-05-20,1985,2.639622
1985-05-21,1985,2.543711
1985-05-22,1985,2.475890
1985-05-23,1985,2.356775
1985-05-24,1985,2.220950
1985-05-25,1985,2.058672
1985-05-26,1985,1.886094
1985-05-27,1985,1.711411
1985-05-28,1985,1.577212
1985-05-29,1985,1.449296
1985-05-30,1985,1.337792
1985-05-31,1985,1.287541
1985-06-01,1985,1.217046
1985-06-02,1985,1.133161
1985-06-03,1985,1.047955
1985-06-04,1985,0.959905
1985-06-05,1985,0.878882
1985-06-06,1985,0.786087
1985-06-07,1985,0.675604
1985-06-08,1985,0.558102
1985-06-09,1985,0.448786
1985-06-10,1985,0.358022
1985-06-11,1985,0.302087
1985-06-12,1985,0.261666
1985-06-13,1985,0.226197
1985-06-14,1985,0.193378
1985-06-15,1985,0.164128
1985-06-16,1985,0.137315
1985-06-17,1985,0.113223
1985-06-18,1985,0.090424
1985-06-19,1985,0.072559
1985-06-20,1985,0.054725
1985-06-21,1985,0.038026
1985-06-22,1985,0.024557
1985-06-23,1985,0.014490
1985-06-24,1985,0.007756
1985-06-25,1985,0.004216
1985-06-26,1985,0.012958
1985-06-27,1985,0.013721
1985-06-28,1985,0.006013
1985-06-29,1985,0.001970
1985-06-30,1985,0.000511
1985-07-01,1985,0.000116
1985-07-02,1985,0.000000
1985-07-03,1985,0.000000
1985-07-04,1985,0.000000
1985-07-05,1985,0.000000
1985-07-06,1985,0.000000
1985-07-07,1985,0.000000
1985-07-08,1985,0.000000
1985-07-09,1985,0.000000
1985-07-10,1985,0.000000
1985-07-11,1985,0.000000
1985-07-12,1985,0.000000
1985-07-13,1985,0.000000
1985-07-14,1985,0.000000
1985-07-15,1985,0.000000
1985-07-16,1985,0.000000
1985-07-17,1985,0.000000
1985-07-18,1985,0.000000
1985-07-19,1985,0.000000
1985-07-20,1985,0.000000
1985-07-21,1985,0.000000
1985-07-22,1985,0.000000
1985-07-23,1985,0.000000
1985-07-24,1985,0.000000
1985-07-25,1985,0.000000
1985-07-26,1985,0.000000
1985-07-27,1985,0.000000
1985-07-28,1985,0.000000
1985-07-29,1985,0.000000
1985-07-30,1985,0.000000
1985-07-31,1985,0.000000
1985-08-01,1985,0.000000
1985-08-02,1985,0.000000
1985-08-03,1985,0.000000
1985-08-04,1985,0.000000
1985-08-05,1985,0.000000
1985-08-06,1985,0.000000
1985-08-07,1985,0.000000
1985-08-08,1985,0.000000
1985-08-09,1985,0.000000
1985-08-10,1985,0.000000
1985-08-11,1985,0.000000
1985-08-12,1985,0.000303
1985-08-13,1985,0.000163
1985-08-14,1985,0.000023
1985-08-15,1985,0.000000
1985-08-16,1985,0.000000
1985-08-17,1985,0.000000
1985-08-18,1985,0.000000
1985-08-19,1985,0.000000
1985-08-20,1985,0.000000
1985-08-21,1985,0.000000
1985-08-22,1985,0.000000
1985-08-23,1985,0.000000
1985-08-24,1985,0.000000
1985-08-25,1985,0.000000
1985-08-26,1985,0.000000
1985-08-27,1985,0.000000
1985-08-28,1985,0.000000
1985-08-29,1985,0.000000
1985-08-30,1985,0.000000
1985-08-31,1985,0.000000
1985-09-01,1985,0.000000
1985-09-02,1985,0.000000
1985-09-03,1985,0.000000
1985-09-04,1985,0.000000
1985-09-05,1985,0.000000
1985-09-06,1985,0.000000
1985-09-07,1985,0.000309
1985-09-08,1985,0.002401
1985-09-09,1985,0.000989
1985-09-10,1985,0.000447
1985-09-11,1985,0.000189
1985-09-12,1985,0.000166
1985-09-13,1985,0.000071
1985-09-14,1985,0.000000
1985-09-15,1985,0.000000
1985-09-16,1985,0.000000
1985-09-17,1985,0.000000
1985-09-18,1985,0.000000
1985-09-19,1985,0.000261
1985-09-20,1985,0.000166
1985-09-21,1985,0.093675
1985-09-22,1985,0.099196
1985-09-23,1985,0.151679
1985-09-24,1985,0.138472
1985-09-25,1985,0.136172
1985-09-26,1985,0.136072
1985-09-27,1985,0.094916
1985-09-28,1985,0.089900
1985-09-29,1985,0.301112
1985-09-30,1985,0.287143
1985-10-01,1986,0.254311
1985-10-02,1986,0.213150
1985-10-03,1986,0.185850
1985-10-04,1986,0.132337
1985-10-05,1986,0.113204
1985-10-06,1986,0.082229
1985-10-07,1986,0.093632
1985-10-08,1986,0.223873
1985-10-09,1986,0.399084
1985-10-10,1986,0.304304
1985-10-11,1986,0.279589
1985-10-12,1986,0.304380
1985-10-13,1986,0.310345
1985-10-14,1986,0.430410
1985-10-15,1986,0.415733
1985-10-16,1986,0.372112
1985-10-17,1986,0.320754
1985-10-18,1986,0.292146
1985-10-19,1986,0.257551
1985-10-20,1986,0.220177
1985-10-21,1986,0.187682
1985-10-22,1986,0.163125
1985-10-23,1986,0.203037
1985-10-24,1986,0.185908
1985-10-25,1986,0.159771
1985-10-26,1986,0.131353
1985-10-27,1986,0.111610
1985-10-28,1986,0.094474
1985-10-29,1986,0.083336
1985-10-30,1986,0.084428
1985-10-31,1986,0.084491
1985-11-01,1986,0.266987
1985-11-02,1986,0.266188
1985-11-03,1986,0.250680
1985-11-04,1986,0.215020
1985-11-05,1986,0.176630
1985-11-06,1986,0.220682
1985-11-07,1986,0.237507
1985-11-08,1986,0.257101
1985-11-09,1986,0.483010
1985-11-10,1986,0.747211
1985-11-11,1986,0.764266
1985-11-12,1986,0.858012
1985-11-13,1986,0.937967
1985-11-14,1986,1.058159
1985-11-15,1986,1.243209
1985-11-16,1986,1.221324
1985-11-17,1986,1.238477
1985-11-18,1986,1.453897
1985-11-19,1986,1.660171
1985-11-20,1986,1.650666
1985-11-21,1986,1.665744
1985-11-22,1986,1.775884
1985-11-23,1986,1.778610
1985-11-24,1986,1.885241
1985-11-25,1986,1.932263
1985-11-26,1986,2.151461
1985-11-27,1986,2.159325
1985-11-28,1986,1.919600
1985-11-29,1986,2.108710
1985-11-30,1986,2.539743
1985-12-01,1986,2.705658
1985-12-02,1986,2.736831
1985-12-03,1986,3.002579
1985-12-04,1986,3.076829
1985-12-05,1986,3.068553
1985-12-06,1986,3.056445
1985-12-07,1986,3.054805
1985-12-08,1986,3.075135
1985-12-09,1986,3.275332
1985-12-10,1986,3.452991
1985-12-11,1986,3.609023
1985-12-12,1986,3.612929
1985-12-13,1986,3.639984
1985-12-14,1986,3.632877
1985-12-15,1986,3.625816
1985-12-16,1986,3.619943
1985-12-17,1986,3.614786
1985-12-18,1986,3.606753
1985-12-19,1986,3.600525
1985-12-20,1986,3.593670
1985-12-21,1986,3.587432
1985-12-22,1986,3.577862
1985-12-23,1986,3.570248
1985-12-24,1986,3.571831
1985-12-25,1986,3.570946
1985-12-26,1986,3.560888
1985-12-27,1986,3.555012
1985-12-28,1986,3.549692
1985-12-29,1986,3.539350
1985-12-30,1986,3.534627
1985-12-31,1986,3.662491
1986-01-01,1986,3.610530
1986-01-02,1986,3.600872
1986-01-03,1986,3.590941
1986-01-04,1986,3.618990
1986-01-05,1986,3.612882
1986-01-06,1986,3.675882
1986-01-07,1986,3.865609
1986-01-08,1986,3.856550
1986-01-09,1986,3.842767
1986-01-10,1986,3.818043
1986-01-11,1986,3.803077
1986-01-12,1986,3.779843
1986-01-13,1986,3.766357
1986-01-14,1986,3.752546
1986-01-15,1986,3.480218
1986-01-16,1986,3.512705
1986-01-17,1986,3.503323
1986-01-18,1986,3.509063
1986-01-19,1986,3.486832
1986-01-20,1986,3.454990
1986-01-21,1986,3.502399
1986-01-22,1986,3.492836
1986-01-23,1986,3.481899
1986-01-24,1986,3.446738
1986-01-25,1986,3.446461
1986-01-26,1986,3.437577
1986-01-27,1986,3.424712
1986-01-28,1986,3.402286
1986-01-29,1986,3.383468
1986-01-30,1986,3.334555
1986-01-31,1986,3.305583
1986-02-01,1986,3.328304
1986-02-02,1986,3.310964
1986-02-03,1986,3.313978
1986-02-04,1986,3.384985
1986-02-05,1986,3.396594
1986-02-06,1986,3.357717
1986-02-07,1986,3.560809
1986-02-08,1986,3.618776
1986-02-09,1986,3.682407
1986-02-10,1986,3.547462
1986-02-11,1986,3.581415
1986-02-12,1986,3.654955
1986-02-13,1986,3.716186
1986-02-14,1986,3.977070
1986-02-15,1986,4.003914
1986-02-16,1986,4.319147
1986-02-17,1986,4.440363
1986-02-18,1986,4.512776
1986-02-19,1986,4.250963
1986-02-20,1986,4.422131
1986-02-21,1986,4.575028
1986-02-22,1986,4.576641
1986-02-23,1986,4.576739
1986-02-24,1986,4.585349
1986-02-25,1986,4.510258
1986-02-26,1986,4.415736
1986-02-27,1986,4.336323
1986-02-28,1986,4.298713
1986-03-01,1986,4.063605
1986-03-02,1986,4.009431
1986-03-03,1986,3.968600
1986-03-04,1986,3.820041
1986-03-05,1986,3.741046
1986-03-06,1986,3.699618
1986-03-07,1986,3.657257
1986-03-08,1986,3.630778
1986-03-09,1986,3.668200
1986-03-10,1986,3.918267
1986-03-11,1986,4.058257
1986-03-12,1986,4.170922
1986-03-13,1986,4.213430
1986-03-14,1986,4.244830
1986-03-15,1986,4.306900
1986-03-16,1986,4.246617
1986-03-17,1986,4.395635
1986-03-18,1986,4.526889
1986-03-19,1986,4.593452
1986-03-20,1986,4.645763
1986-03-21,1986,4.615089
1986-03-22,1986,4.536665
1986-03-23,1986,4.435937
1986-03-24,1986,4.277453
1986-03-25,1986,4.111876
1986-03-26,1986,4.089158
1986-03-27,1986,4.010671
1986-03-28,1986,3.916979
1986-03-29,1986,3.773101
1986-03-30,1986,3.619361
1986-03-31,1986,3.521100
1986-04-01,1986,3.370992
1986-04-02,1986,3.476969
1986-04-03,1986,3.844827
1986-04-04,1986,4.111622
1986-04-05,1986,3.769272
1986-04-06,1986,3.676124
1986-04-07,1986,3.555081
1986-04-08,1986,3.433573
1986-04-09,1986,3.421714
1986-04-10,1986,3.267625
1986-04-11,1986,3.150007
1986-04-12,1986,3.153474
1986-04-13,1986,3.175501
1986-04-14,1986,3.327866
1986-04-15,1986,3.305030
1986-04-16,1986,3.260646
1986-04-17,1986,3.325641
1986-04-18,1986,3.551495
1986-04-19,1986,3.609901
1986-04-20,1986,3.566848
1986-04-21,1986,3.461266
1986-04-22,1986,3.301358
1986-04-23,1986,3.114325
1986-04-24,1986,3.002217
1986-04-25,1986,2.951517
1986-04-26,1986,3.081297
1986-04-27,1986,3.238240
1986-04-28,1986,3.220576
1986-04-29,1986,3.125470
1986-04-30,1986,3.007417
1986-05-01,1986,2.911252
1986-05-02,1986,2.775622
1986-05-03,1986,2.614434
1986-05-04,1986,2.418103
1986-05-05,1986,2.247304
1986-05-06,1986,2.227834
1986-05-07,1986,2.211121
1986-05-08,1986,2.348786
1986-05-09,1986,2.456612
1986-05-10,1986,2.508332
1986-05-11,1986,2.421717
1986-05-12,1986,2.326356
1986-05-13,1986,2.260196
1986-05-14,1986,2.190942
1986-05-15,1986,2.147882
1986-05-16,1986,2.289829
1986-05-17,1986,2.464824
1986-05-18,1986,2.410255
1986-05-19,1986,2.275534
1986-05-20,1986,2.111329
1986-05-21,1986,1.937968
1986-05-22,1986,1.797829
1986-05-23,1986,1.741748
1986-05-24,1986,1.684221
1986-05-25,1986,1.592157
1986-05-26,1986,1.491636
1986-05-27,1986,1.404443
1986-05-28,1986,1.334625
1986-05-29,1986,1.260740
1986-05-30,1986,1.206674
1986-05-31,1986,1.131872
1986-06-01,1986,1.045820
1986-06-02,1986,0.971166
1986-06-03,1986,0.874666
1986-06-04,1986,0.765040
1986-06-05,1986,0.654388
1986-06-06,1986,0.545114
1986-06-07,1986,0.453931
1986-06-08,1986,0.382513
1986-06-09,1986,0.326679
1986-06-10,1986,0.341421
1986-06-11,1986,0.319909
1986-06-12,1986,0.248140
1986-06-13,1986,0.183938
1986-06-14,1986,0.135499
1986-06-15,1986,0.101249
1986-06-16,1986,0.076955
1986-06-17,1986,0.057286
1986-06-18,1986,0.043356
1986-06-19,1986,0.032932
1986-06-20,1986,0.025892
1986-06-21,1986,0.019516
1986-06-22,1986,0.013636
1986-06-23,1986,0.008632
1986-06-24,1986,0.004980
1986-06-25,1986,0.003178
1986-06-26,1986,0.002395
1986-06-27,1986,0.001257
1986-06-28,1986,0.000617
1986-06-29,1986,0.000285
1986-06-30,1986,0.000142
1986-07-01,1986,0.000000
1986-07-02,1986,0.000000
1986-07-03,1986,0.000000
1986-07-04,1986,0.000000
1986-07-05,1986,0.000000
1986-07-06,1986,0.000000
1986-07-07,1986,0.000000
1986-07-08,1986,0.000000
1986-07-09,1986,0.000000
1986-07-10,1986,0.000000
1986-07-11,1986,0.000000
1986-07-12,1986,0.000000
1986-07-13,1986,0.000000
1986-07-14,1986,0.000000
1986-07-15,1986,0.000000
1986-07-16,1986,0.000000
1986-07-17,1986,0.000000
1986-07-18,1986,0.000000
1986-07-19,1986,0.000000
1986-07-20,1986,0.000000
1986-07-21,1986,0.000000
1986-07-22,1986,0.000000
1986-07-23,1986,0.000000
1986-07-24,1986,0.000000
1986-07-25,1986,0.000000
1986-07-26,1986,0.000000
1986-07-27,1986,0.000000
1986-07-28,1986,0.000000
1986-07-29,1986,0.000000
1986-07-30,1986,0.000000
1986-07-31,1986,0.000000
1986-08-01,1986,0.000000
1986-08-02,1986,0.000000
1986-08-03,1986,0.000000
1986-08-04,1986,0.000000
1986-08-05,1986,0.000000
1986-08-06,1986,0.000000
1986-08-07,1986,0.000000
1986-08-08,1986,0.000000
1986-08-09,1986,0.000000
1986-08-10,1986,0.000183
1986-08-11,1986,0.000000
1986-08-12,1986,0.000000
1986-08-13,1986,0.000000
1986-08-14,1986,0.000000
1986-08-15,1986,0.000000
1986-08-16,1986,0.000000
1986-08-17,1986,0.000000
1986-08-18,1986,0.000000
1986-08-19,1986,0.000000
1986-08-20,1986,0.000000
1986-08-21,1986,0.000000
1986-08-22,1986,0.000000
1986-08-23,1986,0.000000
1986-08-24,1986,0.000000
1986-08-25,1986,0.000000
1986-08-26,1986,0.000000
1986-08-27,1986,0.000000
1986-08-28,1986,0.000000
1986-08-29,1986,0.000000
1986-08-30,1986,0.000000
1986-08-31,1986,0.000000
1986-09-01,1986,0.000047
1986-09-02,1986,0.000000
1986-09-03,1986,0.000116
1986-09-04,1986,0.000000
1986-09-05,1986,0.000000
1986-09-06,1986,0.000000
1986-09-07,1986,0.000000
1986-09-08,1986,0.000000
1986-09-09,1986,0.000356
1986-09-10,1986,0.004745
1986-09-11,1986,0.009720
1986-09-12,1986,0.005333
1986-09-13,1986,0.002444
1986-09-14,1986,0.002112
1986-09-15,1986,0.000845
1986-09-16,1986,0.000377
1986-09-17,1986,0.000450
1986-09-18,1986,0.000190
1986-09-19,1986,0.000559
1986-09-20,1986,0.000279
1986-09-21,1986,0.000023
1986-09-22,1986,0.000000
1986-09-23,1986,0.002561
1986-09-24,1986,0.015749
1986-09-25,1986,0.163581
1986-09-26,1986,0.308217
1986-09-27,1986,0.354768
1986-09-28,1986,0.311136
1986-09-29,1986,0.321112
1986-09-30,1986,0.327945
1986-10-01,1987,0.334067
1986-10-02,1987,0.278263
1986-10-03,1987,0.265311
1986-10-04,1987,0.345867
1986-10-05,1987,0.309172
1986-10-06,1987,0.263597
1986-10-07,1987,0.207891
1986-10-08,1987,0.164837
1986-10-09,1987,0.135681
1986-10-10,1987,0.111286
1986-10-11,1987,0.315847
1986-10-12,1987,0.627296
1986-10-13,1987,0.623900
1986-10-14,1987,0.539867
1986-10-15,1987,0.477572
1986-10-16,1987,0.404636
1986-10-17,1987,0.332674
1986-10-18,1987,0.274608
1986-10-19,1987,0.228412
1986-10-20,1987,0.315737
1986-10-21,1987,0.332769
1986-10-22,1987,0.454501
1986-10-23,1987,0.446598
1986-10-24,1987,0.415109
1986-10-25,1987,0.376656
1986-10-26,1987,0.347721
1986-10-27,1987,0.314474
1986-10-28,1987,0.280751
1986-10-29,1987,0.254469
1986-10-30,1987,0.233718
1986-10-31,1987,0.270403
1986-11-01,1987,0.913592
1986-11-02,1987,1.207514
1986-11-03,1987,1.173075
1986-11-04,1987,1.088339
1986-11-05,1987,1.053773
1986-11-06,1987,1.015105
1986-11-07,1987,1.199778
1986-11-08,1987,1.262356
1986-11-09,1987,1.309434
1986-11-10,1987,1.320537
1986-11-11,1987,1.321811
1986-11-12,1987,1.316772
1986-11-13,1987,1.325241
1986-11-14,1987,1.296907
1986-11-15,1987,1.248942
1986-11-16,1987,1.217563
1986-11-17,1987,1.189287
1986-11-18,1987,1.162152
1986-11-19,1987,1.213783
1986-11-20,1987,1.186183
1986-11-21,1987,1.149408
1986-11-22,1987,1.187504
1986-11-23,1987,1.377882
1986-11-24,1987,1.348690
1986-11-25,1987,1.334762
1986-11-26,1987,1.457674
1986-11-27,1987,1.410006
1986-11-28,1987,1.383549
1986-11-29,1987,1.356714
1986-11-30,1987,1.415144
1986-12-01,1987,1.502927
1986-12-02,1987,1.466367
1986-12-03,1987,1.433710
1986-12-04,1987,1.422873
1986-12-05,1987,1.406041
1986-12-06,1987,1.416514
1986-12-07,1987,1.654238
1986-12-08,1987,1.738094
1986-12-09,1987,1.890995
1986-12-10,1987,2.008666
1986-12-11,1987,1.995629
1986-12-12,1987,1.976334
1986-12-13,1987,1.956757
1986-12-14,1987,1.947453
1986-12-15,1987,1.844650
1986-12-16,1987,1.837910
1986-12-17,1987,1.827692
1986-12-18,1987,1.842629
1986-12-19,1987,1.866357
1986-12-20,1987,1.868471
1986-12-21,1987,1.877800
1986-12-22,1987,1.873302
1986-12-23,1987,1.867727
1986-12-24,1987,1.870127
1986-12-25,1987,1.875401
1986-12-26,1987,1.882620
1986-12-27,1987,1.878610
1986-12-28,1987,1.876733
1986-12-29,1987,1.880854
1986-12-30,1987,1.862540
1986-12-31,1987,1.842590
1987-01-01,1987,1.831634
1987-01-02,1987,1.876067
1987-01-03,1987,1.987976
1987-01-04,1987,1.976935
1987-01-05,1987,1.936714
1987-01-06,1987,2.104774
1987-01-07,1987,2.166735
1987-01-08,1987,2.282607
1987-01-09,1987,2.329689
1987-01-10,1987,2.334280
1987-01-11,1987,2.323407
1987-01-12,1987,2.307028
1987-01-13,1987,2.284831
1987-01-14,1987,2.265037
1987-01-15,1987,2.285049
1987-01-16,1987,2.734561
1987-01-17,1987,2.870420
1987-01-18,1987,2.838744
1987-01-19,1987,2.744200
1987-01-20,1987,2.857161
1987-01-21,1987,2.799453
1987-01-22,1987,2.782562
1987-01-23,1987,2.767723
1987-01-24,1987,2.755368
1987-01-25,1987,2.779028
1987-01-26,1987,2.831004
1987-01-27,1987,2.802077
1987-01-28,1987,2.789555
1987-01-29,1987,2.883115
1987-01-30,1987,2.887894
1987-01-31,1987,2.884441
1987-02-01,1987,2.928322
1987-02-02,1987,2.907182
1987-02-03,1987,2.865212
1987-02-04,1987,2.889413
1987-02-05,1987,3.033765
1987-02-06,1987,2.985207
1987-02-07,1987,2.972050
1987-02-08,1987,2.943987
1987-02-09,1987,2.907621
1987-02-10,1987,2.837620
1987-02-11,1987,2.824566
1987-02-12,1987,2.778953
1987-02-13,1987,2.777215
1987-02-14,1987,2.901715
1987-02-15,1987,3.190331
1987-02-16,1987,3.208248
1987-02-17,1987,3.344908
1987-02-18,1987,3.444173
1987-02-19,1987,3.468852
1987-02-20,1987,3.603483
1987-02-21,1987,3.630366
1987-02-22,1987,3.615446
1987-02-23,1987,3.597215
1987-02-24,1987,3.607013
1987-02-25,1987,3.591457
1987-02-26,1987,3.739462
1987-02-27,1987,3.892939
1987-02-28,1987,3.888789
1987-03-01,1987,3.846064
1987-03-02,1987,3.800258
1987-03-03,1987,3.753443
1987-03-04,1987,3.706652
1987-03-05,1987,3.639811
1987-03-06,1987,3.568734
1987-03-07,1987,3.489131
1987-03-08,1987,3.408491
1987-03-09,1987,3.437492
1987-03-10,1987,3.470922
1987-03-11,1987,3.438256
1987-03-12,1987,3.503081
1987-03-13,1987,3.387849
1987-03-14,1987,3.367632
1987-03-15,1987,3.283230
1987-03-16,1987,3.490218
1987-03-17,1987,3.716275
1987-03-18,1987,3.710249
1987-03-19,1987,3.678918
1987-03-20,1987,3.799144
1987-03-21,1987,3.913518
1987-03-22,1987,4.053458
1987-03-23,1987,4.300239
1987-03-24,1987,4.252386
1987-03-25,1987,4.267763
1987-03-26,1987,4.281458
1987-03-27,1987,4.331705
1987-03-28,1987,4.530883
1987-03-29,1987,4.563263
1987-03-30,1987,4.477853
1987-03-31,1987,4.459808
1987-04-01,1987,4.422367
1987-04-02,1987,4.430890
1987-04-03,1987,4.401557
1987-04-04,1987,4.336774
1987-04-05,1987,4.418397
1987-04-06,1987,4.459382
1987-04-07,1987,4.400659
1987-04-08,1987,4.289440
1987-04-09,1987,4.225736
1987-04-10,1987,4.176928
1987-04-11,1987,4.100105
1987-04-12,1987,4.129465
1987-04-13,1987,4.355578
1987-04-14,1987,4.229491
1987-04-15,1987,4.155113
1987-04-16,1987,3.993839
1987-04-17,1987,3.718601
1987-04-18,1987,3.442532
1987-04-19,1987,3.195476
1987-04-20,1987,3.201137
1987-04-21,1987,2.985945
1987-04-22,1987,2.850126
1987-04-23,1987,2.595896
1987-04-24,1987,2.403847
1987-04-25,1987,2.212561
1987-04-26,1987,2.034986
1987-04-27,1987,1.841679
1987-04-28,1987,1.656538
1987-04-29,1987,1.487136
1987-04-30,1987,1.342316
1987-05-01,1987,1.210378
1987-05-02,1987,1.114811
1987-05-03,1987,1.227874
1987-05-04,1987,1.355195
1987-05-05,1987,1.263382
1987-05-06,1987,1.161255
1987-05-07,1987,1.054510
1987-05-08,1987,0.968062
1987-05-09,1987,0.895444
1987-05-10,1987,0.821319
1987-05-11,1987,0.753545
1987-05-12,1987,0.693742
1987-05-13,1987,0.625373
1987-05-14,1987,0.560566
1987-05-15,1987,0.495389
1987-05-16,1987,0.437538
1987-05-17,1987,0.379994
1987-05-18,1987,0.332739
1987-05-19,1987,0.288928
1987-05-20,1987,0.262804
1987-05-21,1987,0.244917
1987-05-22,1987,0.245397
1987-05-23,1987,0.226588
1987-05-24,1987,0.210646
1987-05-25,1987,0.199328
1987-05-26,1987,0.200126
1987-05-27,1987,0.207665
1987-05-28,1987,0.201708
1987-05-29,1987,0.221320
1987-05-30,1987,0.199093
1987-05-31,1987,0.173531
1987-06-01,1987,0.146014
1987-06-02,1987,0.121947
1987-06-03,1987,0.104354
1987-06-04,1987,0.087586
1987-06-05,1987,0.072359
1987-06-06,1987,0.059503
1987-06-07,1987,0.050111
1987-06-08,1987,0.044514
1987-06-09,1987,0.039533
1987-06-10,1987,0.033557
1987-06-11,1987,0.027960
1987-06-12,1987,0.023146
1987-06-13,1987,0.018284
1987-06-14,1987,0.013043
1987-06-15,1987,0.008182
1987-06-16,1987,0.004269
1987-06-17,1987,0.002537
1987-06-18,1987,0.001518
1987-06-19,1987,0.000901
1987-06-20,1987,0.000498
1987-06-21,1987,0.000285
1987-06-22,1987,0.000166
1987-06-23,1987,0.000000
1987-06-24,1987,0.000000
1987-06-25,1987,0.000000
1987-06-26,1987,0.000000
1987-06-27,1987,0.000000
1987-06-28,1987,0.000000
1987-06-29,1987,0.000000
1987-06-30,1987,0.000301
1987-07-01,1987,0.000093
1987-07-02,1987,0.000000
1987-07-03,1987,0.000000
1987-07-04,1987,0.000000
1987-07-05,1987,0.000000
1987-07-06,1987,0.000000
1987-07-07,1987,0.000000
1987-07-08,1987,0.000000
1987-07-09,1987,0.000000
1987-07-10,1987,0.000000
1987-07-11,1987,0.000000
1987-07-12,1987,0.000000
1987-07-13,1987,0.003132
1987-07-14,1987,0.001079
1987-07-15,1987,0.000161
1987-07-16,1987,0.000000
1987-07-17,1987,0.000000
1987-07-18,1987,0.000000
1987-07-19,1987,0.000000
1987-07-20,1987,0.000000
1987-07-21,1987,0.000000
1987-07-22,1987,0.000000
1987-07-23,1987,0.000000
1987-07-24,1987,0.000000
1987-07-25,1987,0.000000
1987-07-26,1987,0.000000
1987-07-27,1987,0.000000
1987-07-28,1987,0.000000
1987-07-29,1987,0.000000
1987-07-30,1987,0.000000
1987-07-31,1987,0.000000
1987-08-01,1987,0.000000
1987-08-02,1987,0.000000
1987-08-03,1987,0.000000
1987-08-04,1987,0.000000
1987-08-05,1987,0.000000
1987-08-06,1987,0.000000
1987-08-07,1987,0.000000
1987-08-08,1987,0.000000
1987-08-09,1987,0.000000
1987-08-10,1987,0.000000
1987-08-11,1987,0.000000
1987-08-12,1987,0.000000
1987-08-13,1987,0.000000
1987-08-14,1987,0.000000
1987-08-15,1987,0.000000
1987-08-16,1987,0.000000
1987-08-17,1987,0.000000
1987-08-18,1987,0.000000
1987-08-19,1987,0.000000
1987-08-20,1987,0.000000
1987-08-21,1987,0.000000
1987-08-22,1987,0.000000
1987-08-23,1987,0.000000
1987-08-24,1987,0.000000
1987-08-25,1987,0.000000
1987-08-26,1987,0.000000
1987-08-27,1987,0.000000
1987-08-28,1987,0.000000
1987-08-29,1987,0.000000
1987-08-30,1987,0.000000
1987-08-31,1987,0.000000
1987-09-01,1987,0.000000
1987-09-02,1987,0.000000
1987-09-03,1987,0.000000
1987-09-04,1987,0.000000
1987-09-05,1987,0.000186
1987-09-06,1987,0.000162
1987-09-07,1987,0.000046
1987-09-08,1987,0.000139
1987-09-09,1987,0.000069
1987-09-10,1987,0.000046
1987-09-11,1987,0.000000
1987-09-12,1987,0.000000
1987-09-13,1987,0.000000
1987-09-14,1987,0.004983
1987-09-15,1987,0.019248
1987-09-16,1987,0.014725
1987-09-17,1987,0.007707
1987-09-18,1987,0.005206
1987-09-19,1987,0.002933
1987-09-20,1987,0.001512
1987-09-21,1987,0.000837
1987-09-22,1987,0.000489
1987-09-23,1987,0.000046
1987-09-24,1987,0.000000
1987-09-25,1987,0.000000
1987-09-26,1987,0.000285
1987-09-27,1987,0.000119
1987-09-28,1987,0.000047
1987-09-29,1987,0.000000
1987-09-30,1987,0.000000
1987-10-01,1988,0.000000
1987-10-02,1988,0.000000
1987-10-03,1988,0.000000
1987-10-04,1988,0.000000
1987-10-05,1988,0.000000
1987-10-06,1988,0.000000
1987-10-07,1988,0.000000
1987-10-08,1988,0.000000
1987-10-09,1988,0.000000
1987-10-10,1988,0.001158
1987-10-11,1988,0.000886
1987-10-12,1988,0.000579
1987-10-13,1988,0.001938
1987-10-14,1988,0.082077
1987-10-15,1988,0.108050
1987-10-16,1988,0.103453
1987-10-17,1988,0.091172
1987-10-18,1988,0.074154
1987-10-19,1988,0.063005
1987-10-20,1988,0.064880
1987-10-21,1988,0.059710
1987-10-22,1988,0.051127
1987-10-23,1988,0.042766
1987-10-24,1988,0.045202
1987-10-25,1988,0.095843
1987-10-26,1988,0.089034
1987-10-27,1988,0.069641
1987-10-28,1988,0.057213
1987-10-29,1988,0.046152
1987-10-30,1988,0.052567
1987-10-31,1988,0.100208
1987-11-01,1988,0.091844
1987-11-02,1988,0.115065
1987-11-03,1988,0.121371
1987-11-04,1988,0.101941
1987-11-05,1988,0.084097
1987-11-06,1988,0.113462
1987-11-07,1988,0.176532
1987-11-08,1988,0.293567
1987-11-09,1988,0.296267
1987-11-10,1988,0.274777
1987-11-11,1988,0.294359
1987-11-12,1988,0.292975
1987-11-13,1988,0.276159
1987-11-14,1988,0.283599
1987-11-15,1988,0.555598
1987-11-16,1988,0.772545
1987-11-17,1988,0.773181
1987-11-18,1988,0.797212
1987-11-19,1988,0.750851
1987-11-20,1988,0.668826
1987-11-21,1988,0.622181
1987-11-22,1988,0.577767
1987-11-23,1988,0.562331
1987-11-24,1988,0.633017
1987-11-25,1988,0.625860
1987-11-26,1988,0.852734
1987-11-27,1988,0.932292
1987-11-28,1988,0.877926
1987-11-29,1988,0.836541
1987-11-30,1988,0.827512
1987-12-01,1988,0.815293
1987-12-02,1988,0.806307
1987-12-03,1988,0.779333
1987-12-04,1988,0.730243
1987-12-05,1988,0.660057
1987-12-06,1988,0.704133
1987-12-07,1988,0.674984
1987-12-08,1988,0.787473
1987-12-09,1988,0.726019
1987-12-10,1988,0.734803
1987-12-11,1988,0.772577
1987-12-12,1988,0.759200
1987-12-13,1988,0.903588
1987-12-14,1988,1.133635
1987-12-15,1988,1.112928
1987-12-16,1988,1.093851
1987-12-17,1988,1.111020
1987-12-18,1988,1.132790
1987-12-19,1988,1.200004
1987-12-20,1988,1.192103
1987-12-21,1988,1.193424
1987-12-22,1988,1.173814
1987-12-23,1988,1.357119
1987-12-24,1988,1.578755
1987-12-25,1988,1.666958
1987-12-26,1988,1.706745
1987-12-27,1988,1.912942
1987-12-28,1988,2.093807
1987-12-29,1988,2.019718
1987-12-30,1988,2.048165
1987-12-31,1988,2.130500
1988-01-01,1988,2.150083
1988-01-02,1988,2.109470
1988-01-03,1988,2.091697
1988-01-04,1988,2.085141
1988-01-05,1988,2.258125
1988-01-06,1988,2.576568
1988-01-07,1988,2.696332
1988-01-08,1988,2.729150
1988-01-09,1988,2.791504
1988-01-10,1988,2.826883
1988-01-11,1988,2.789391
1988-01-12,1988,2.885886
1988-01-13,1988,2.949400
1988-01-14,1988,2.884515
1988-01-15,1988,2.858579
1988-01-16,1988,2.960633
1988-01-17,1988,3.130271
1988-01-18,1988,3.225895
1988-01-19,1988,3.396427
1988-01-20,1988,3.309407
1988-01-21,1988,3.309529
1988-01-22,1988,3.346929
1988-01-23,1988,3.326216
1988-01-24,1988,3.387358
1988-01-25,1988,3.376576
1988-01-26,1988,3.357096
1988-01-27,1988,3.337322
1988-01-28,1988,3.293733
1988-01-29,1988,3.243583
1988-01-30,1988,3.269069
1988-01-31,1988,3.362720
1988-02-01,1988,3.477096
1988-02-02,1988,3.598363
1988-02-03,1988,3.961589
1988-02-04,1988,3.981213
1988-02-05,1988,3.968313
1988-02-06,1988,3.807303
1988-02-07,1988,3.787644
1988-02-08,1988,3.781059
1988-02-09,1988,3.793793
1988-02-10,1988,3.863502
1988-02-11,1988,4.060571
1988-02-12,1988,4.032418
1988-02-13,1988,4.006264
1988-02-14,1988,4.070236
1988-02-15,1988,4.066082
1988-02-16,1988,4.079079
1988-02-17,1988,4.196017
1988-02-18,1988,4.113550
1988-02-19,1988,4.022797
1988-02-20,1988,4.013597
1988-02-21,1988,4.010156
1988-02-22,1988,3.990682
1988-02-23,1988,4.001805
1988-02-24,1988,3.983693
1988-02-25,1988,3.913282
1988-02-26,1988,3.875710
1988-02-27,1988,3.831741
1988-02-28,1988,3.818545
1988-02-29,1988,3.785036
1988-03-01,1988,3.737044
1988-03-02,1988,3.730305
1988-03-03,1988,3.457836
1988-03-04,1988,3.355038
1988-03-05,1988,3.360556
1988-03-06,1988,3.342288
1988-03-07,1988,3.451904
1988-03-08,1988,3.494774
1988-03-09,1988,3.480191
1988-03-10,1988,3.468097
1988-03-11,1988,3.828279
1988-03-12,1988,3.883640
1988-03-13,1988,3.935972
1988-03-14,1988,3.889412
1988-03-15,1988,3.825026
1988-03-16,1988,3.886278
1988-03-17,1988,4.002266
1988-03-18,1988,3.988443
1988-03-19,1988,3.954272
1988-03-20,1988,3.871833
1988-03-21,1988,3.775860
1988-03-22,1988,3.676981
1988-03-23,1988,3.537931
1988-03-24,1988,3.542278
1988-03-25,1988,3.602925
1988-03-26,1988,3.558642
1988-03-27,1988,3.450836
1988-03-28,1988,3.237711
1988-03-29,1988,3.268941
1988-03-30,1988,3.262604
1988-03-31,1988,3.345438
1988-04-01,1988,3.475334
1988-04-02,1988,3.282426
1988-04-03,1988,3.174815
1988-04-04,1988,3.066317
1988-04-05,1988,2.981939
1988-04-06,1988,2.931430
1988-04-07,1988,2.772143
1988-04-08,1988,2.585696
1988-04-09,1988,2.541442
1988-04-10,1988,2.601623
1988-04-11,1988,2.564933
1988-04-12,1988,2.477019
1988-04-13,1988,2.329945
1988-04-14,1988,2.175009
1988-04-15,1988,2.055987
1988-04-16,1988,1.919725
1988-04-17,1988,1.883563
1988-04-18,1988,1.940784
1988-04-19,1988,1.859266
1988-04-20,1988,1.765267
1988-04-21,1988,1.666699
1988-04-22,1988,1.795398
1988-04-23,1988,1.915426
1988-04-24,1988,1.908276
1988-04-25,1988,1.920137
1988-04-26,1988,1.924200
1988-04-27,1988,1.892150
1988-04-28,1988,1.828092
1988-04-29,1988,1.746670
1988-04-30,1988,1.631355
1988-05-01,1988,1.494998
1988-05-02,1988,1.580966
1988-05-03,1988,1.607682
1988-05-04,1988,1.555259
1988-05-05,1988,1.465261
1988-05-06,1988,1.365569
1988-05-07,1988,1.381014
1988-05-08,1988,1.410318
1988-05-09,1988,1.435148
1988-05-10,1988,1.390479
1988-05-11,1988,1.360246
1988-05-12,1988,1.269874
1988-05-13,1988,1.158743
1988-05-14,1988,1.045258
1988-05-15,1988,0.945791
1988-05-16,1988,0.850665
1988-05-17,1988,0.746420
1988-05-18,1988,0.668275
1988-05-19,1988,0.601665
1988-05-20,1988,0.839027
1988-05-21,1988,0.903839
1988-05-22,1988,0.843619
1988-05-23,1988,0.773205
1988-05-24,1988,0.649428
1988-05-25,1988,0.542246
1988-05-26,1988,0.464986
1988-05-27,1988,0.395115
1988-05-28,1988,0.334749
1988-05-29,1988,0.283749
1988-05-30,1988,0.266102
1988-05-31,1988,0.310624
1988-06-01,1988,0.302516
1988-06-02,1988,0.265431
1988-06-03,1988,0.219925
1988-06-04,1988,0.178998
1988-06-05,1988,0.144106
1988-06-06,1988,0.113869
1988-06-07,1988,0.089585
1988-06-08,1988,0.070324
1988-06-09,1988,0.056178
1988-06-10,1988,0.041791
1988-06-11,1988,0.028120
1988-06-12,1988,0.016600
1988-06-13,1988,0.010386
1988-06-14,1988,0.014141
1988-06-15,1988,0.007145
1988-06-16,1988,0.003677
1988-06-17,1988,0.001561
1988-06-18,1988,0.000617
1988-06-19,1988,0.000332
1988-06-20,1988,0.000142
1988-06-21,1988,0.000000
1988-06-22,1988,0.000000
1988-06-23,1988,0.000000
1988-06-24,1988,0.000000
1988-06-25,1988,0.000000
1988-06-26,1988,0.000000
1988-06-27,1988,0.000000
1988-06-28,1988,0.000000
1988-06-29,1988,0.000000
1988-06-30,1988,0.000000
1988-07-01,1988,0.000000
1988-07-02,1988,0.000000
1988-07-03,1988,0.000000
1988-07-04,1988,0.000000
1988-07-05,1988,0.000000
1988-07-06,1988,0.000000
1988-07-07,1988,0.000000
1988-07-08,1988,0.000000
1988-07-09,1988,0.000000
1988-07-10,1988,0.000000
1988-07-11,1988,0.000000
1988-07-12,1988,0.000000
1988-07-13,1988,0.000000
1988-07-14,1988,0.000000
1988-07-15,1988,0.000000
1988-07-16,1988,0.000000
1988-07-17,1988,0.000000
1988-07-18,1988,0.000000
1988-07-19,1988,0.000000
1988-07-20,1988,0.000000
1988-07-21,1988,0.000000
1988-07-22,1988,0.000000
1988-07-23,1988,0.000000
1988-07-24,1988,0.000000
1988-07-25,1988,0.000000
1988-07-26,1988,0.000000
1988-07-27,1988,0.000000
1988-07-28,1988,0.000000
1988-07-29,1988,0.000000
1988-07-30,1988,0.000000
1988-07-31,1988,0.000000
1988-08-01,1988,0.000000
1988-08-02,1988,0.000000
1988-08-03,1988,0.000000
1988-08-04,1988,0.000000
1988-08-05,1988,0.000000
1988-08-06,1988,0.000000
1988-08-07,1988,0.000000
1988-08-08,1988,0.000000
1988-08-09,1988,0.000000
1988-08-10,1988,0.000000
1988-08-11,1988,0.000000
1988-08-12,1988,0.000000
1988-08-13,1988,0.000000
1988-08-14,1988,0.000000
1988-08-15,1988,0.000000
1988-08-16,1988,0.000000
1988-08-17,1988,0.000000
1988-08-18,1988,0.000000
1988-08-19,1988,0.000000
1988-08-20,1988,0.000000
1988-08-21,1988,0.000000
1988-08-22,1988,0.000000
1988-08-23,1988,0.000000
1988-08-24,1988,0.000000
1988-08-25,1988,0.000000
1988-08-26,1988,0.000000
1988-08-27,1988,0.000000
1988-08-28,1988,0.000000
1988-08-29,1988,0.000000
1988-08-30,1988,0.000000
1988-08-31,1988,0.000000
1988-09-01,1988,0.000000
1988-09-02,1988,0.000000
1988-09-03,1988,0.000000
1988-09-04,1988,0.000000
1988-09-05,1988,0.000000
1988-09-06,1988,0.000000
1988-09-07,1988,0.000000
1988-09-08,1988,0.000000
1988-09-09,1988,0.000000
1988-09-10,1988,0.000000
1988-09-11,1988,0.000024
1988-09-12,1988,0.021381
1988-09-13,1988,0.047838
1988-09-14,1988,0.028085
1988-09-15,1988,0.030653
1988-09-16,1988,0.019715
1988-09-17,1988,0.008461
1988-09-18,1988,0.003131
1988-09-19,1988,0.003156
1988-09-20,1988,0.001980
1988-09-21,1988,0.001376
1988-09-22,1988,0.006692
1988-09-23,1988,0.011774
1988-09-24,1988,0.006547
1988-09-25,1988,0.003003
1988-09-26,1988,0.001324
1988-09-27,1988,0.001161
1988-09-28,1988,0.001436
1988-09-29,1988,0.009733
1988-09-30,1988,0.007346
1988-10-01,1989,0.003609
1988-10-02,1989,0.001805
1988-10-03,1989,0.000760
1988-10-04,1989,0.000368
1988-10-05,1989,0.000353
1988-10-06,1989,0.001492
1988-10-07,1989,0.012141
1988-10-08,1989,0.011980
1988-10-09,1989,0.008795
1988-10-10,1989,0.023072
1988-10-11,1989,0.016196
1988-10-12,1989,0.010157
1988-10-13,1989,0.010335
1988-10-14,1989,0.007603
1988-10-15,1989,0.005543
1988-10-16,1989,0.003416
1988-10-17,1989,0.001779
1988-10-18,1989,0.000937
1988-10-19,1989,0.000631
1988-10-20,1989,0.004565
1988-10-21,1989,0.003384
1988-10-22,1989,0.002154
1988-10-23,1989,0.001738
1988-10-24,1989,0.001345
1988-10-25,1989,0.001020
1988-10-26,1989,0.000766
1988-10-27,1989,0.000604
1988-10-28,1989,0.000534
1988-10-29,1989,0.000441
1988-10-30,1989,0.005722
1988-10-31,1989,0.005790
1988-11-01,1989,0.004704
1988-11-02,1989,0.003903
1988-11-03,1989,0.005093
1988-11-04,1989,0.094271
1988-11-05,1989,0.117245
1988-11-06,1989,0.114431
1988-11-07,1989,0.099000
1988-11-08,1989,0.095135
1988-11-09,1989,0.342233
1988-11-10,1989,0.384684
1988-11-11,1989,0.437800
1988-11-12,1989,0.617121
1988-11-13,1989,0.583930
1988-11-14,1989,0.497239
1988-11-15,1989,0.750348
1988-11-16,1989,0.910191
1988-11-17,1989,0.962984
1988-11-18,1989,1.037886
1988-11-19,1989,1.121010
1988-11-20,1989,1.126682
1988-11-21,1989,1.081708
1988-11-22,1989,1.069156
1988-11-23,1989,1.053635
1988-11-24,1989,0.963158
1988-11-25,1989,1.175677
1988-11-26,1989,1.318321
1988-11-27,1989,1.455061
1988-11-28,1989,1.443666
1988-11-29,1989,1.486161
1988-11-30,1989,1.551233
1988-12-01,1989,1.532575
1988-12-02,1989,1.470452
1988-12-03,1989,1.456020
1988-12-04,1989,1.449563
1988-12-05,1989,1.437802
1988-12-06,1989,1.424941
1988-12-07,1989,1.448217
1988-12-08,1989,1.619422
1988-12-09,1989,1.618770
1988-12-10,1989,1.577160
1988-12-11,1989,1.566842
1988-12-12,1989,1.513464
1988-12-13,1989,1.492422
1988-12-14,1989,1.459264
1988-12-15,1989,1.694701
1988-12-16,1989,1.645702
1988-12-17,1989,1.630108
1988-12-18,1989,1.611276
1988-12-19,1989,1.575996
1988-12-20,1989,1.763251
1988-12-21,1989,1.773640
1988-12-22,1989,2.007124
1988-12-23,1989,2.016286
1988-12-24,1989,2.118528
1988-12-25,1989,2.279981
1988-12-26,1989,2.564707
1988-12-27,1989,2.636054
1988-12-28,1989,2.672048
1988-12-29,1989,2.684305
1988-12-30,1989,2.695315
1988-12-31,1989,2.695172
1989-01-01,1989,2.688708
1989-01-02,1989,2.615318
1989-01-03,1989,2.609348
1989-01-04,1989,2.600304
1989-01-05,1989,2.832213
1989-01-06,1989,2.862876
1989-01-07,1989,3.030895
1989-01-08,1989,3.011226
1989-01-09,1989,3.021438
1989-01-10,1989,2.999185
1989-01-11,1989,3.043761
1989-01-12,1989,3.194807
1989-01-13,1989,3.184564
1989-01-14,1989,3.137456
1989-01-15,1989,3.142216
1989-01-16,1989,3.133848
1989-01-17,1989,3.128629
1989-01-18,1989,3.133668
1989-01-19,1989,3.135062
1989-01-20,1989,3.136938
1989-01-21,1989,3.138177
1989-01-22,1989,3.137976
1989-01-23,1989,3.133341
1989-01-24,1989,3.150616
1989-01-25,1989,3.373621
1989-01-26,1989,3.388146
1989-01-27,1989,3.369723
1989-01-28,1989,3.553888
1989-01-29,1989,3.692961
1989-01-30,1989,3.666243
1989-01-31,1989,3.655426
1989-02-01,1989,3.616444
1989-02-02,1989,3.672498
1989-02-03,1989,3.803327
1989-02-04,1989,4.262449
1989-02-05,1989,4.985283
1989-02-06,1989,4.981126
1989-02-07,1989,4.991086
1989-02-08,1989,5.004663
1989-02-09,1989,5.048576
1989-02-10,1989,5.031757
1989-02-11,1989,5.047477
1989-02-12,1989,5.098810
1989-02-13,1989,5.109888
1989-02-14,1989,5.139212
1989-02-15,1989,5.137789
1989-02-16,1989,5.133937
1989-02-17,1989,5.075621
1989-02-18,1989,5.071472
1989-02-19,1989,5.083366
1989-02-20,1989,5.339812
1989-02-21,1989,5.434965
1989-02-22,1989,5.453902
1989-02-23,1989,5.473878
1989-02-24,1989,5.406965
1989-02-25,1989,5.375639
1989-02-26,1989,5.235416
1989-02-27,1989,5.285754
1989-02-28,1989,5.206271
1989-03-01,1989,5.187153
1989-03-02,1989,5.119439
1989-03-03,1989,5.432138
1989-03-04,1989,5.641853
1989-03-05,1989,5.663306
1989-03-06,1989,5.664350
1989-03-07,1989,5.635758
1989-03-08,1989,5.575219
1989-03-09,1989,5.375613
1989-03-10,1989,5.159421
1989-03-11,1989,4.848689
1989-03-12,1989,4.604505
1989-03-13,1989,4.427751
1989-03-14,1989,4.268371
1989-03-15,1989,4.218811
1989-03-16,1989,4.127265
1989-03-17,1989,4.000703
1989-03-18,1989,4.045771
1989-03-19,1989,3.971195
1989-03-20,1989,4.145953
1989-03-21,1989,3.994117
1989-03-22,1989,3.931671
1989-03-23,1989,3.839874
1989-03-24,1989,3.701543
1989-03-25,1989,3.577355
1989-03-26,1989,3.482976
1989-03-27,1989,3.460583
1989-03-28,1989,3.380841
1989-03-29,1989,3.332515
1989-03-30,1989,3.468029
1989-03-31,1989,3.563076
1989-04-01,1989,3.474103
1989-04-02,1989,3.551772
1989-04-03,1989,3.632169
1989-04-04,1989,3.702929
1989-04-05,1989,3.874052
1989-04-06,1989,3.619449
1989-04-07,1989,3.544826
1989-04-08,1989,3.414635
1989-04-09,1989,3.184952
1989-04-10,1989,3.244000
1989-04-11,1989,2.967146
1989-04-12,1989,2.991094
1989-04-13,1989,2.949604
1989-04-14,1989,2.796029
1989-04-15,1989,2.699275
1989-04-16,1989,2.576431
1989-04-17,1989,2.456947
1989-04-18,1989,2.315085
1989-04-19,1989,2.172049
1989-04-20,1989,2.020762
1989-04-21,1989,1.825130
1989-04-22,1989,1.647683
1989-04-23,1989,1.499477
1989-04-24,1989,1.396564
1989-04-25,1989,1.317190
1989-04-26,1989,1.253308
1989-04-27,1989,1.228837
1989-04-28,1989,1.279942
1989-04-29,1989,1.354189
1989-04-30,1989,1.424219
1989-05-01,1989,1.436451
1989-05-02,1989,1.392917
1989-05-03,1989,1.323217
1989-05-04,1989,1.286298
1989-05-05,1989,1.119912
1989-05-06,1989,1.066507
1989-05-07,1989,0.978608
1989-05-08,1989,0.870868
1989-05-09,1989,0.755656
1989-05-10,1989,0.654636
1989-05-11,1989,0.570569
1989-05-12,1989,0.506651
1989-05-13,1989,0.517738
1989-05-14,1989,0.578041
1989-05-15,1989,0.599547
1989-05-16,1989,0.553409
1989-05-17,1989,0.565738
1989-05-18,1989,0.510495
1989-05-19,1989,0.429087
1989-05-20,1989,0.376206
1989-05-21,1989,0.323349
1989-05-22,1989,0.276139
1989-05-23,1989,0.234154
1989-05-24,1989,0.196442
1989-05-25,1989,0.178970
1989-05-26,1989,0.178518
1989-05-27,1989,0.164115
1989-05-28,1989,0.137562
1989-05-29,1989,0.111209
1989-05-30,1989,0.090884
1989-05-31,1989,0.084796
1989-06-01,1989,0.078442
1989-06-02,1989,0.068093
1989-06-03,1989,0.057282
1989-06-04,1989,0.069074
1989-06-05,1989,0.062988
1989-06-06,1989,0.041521
1989-06-07,1989,0.033007
1989-06-08,1989,0.028178
1989-06-09,1989,0.023928
1989-06-10,1989,0.017330
1989-06-11,1989,0.011578
1989-06-12,1989,0.007607
1989-06-13,1989,0.006194
1989-06-14,1989,0.004115
1989-06-15,1989,0.002604
1989-06-16,1989,0.001352
1989-06-17,1989,0.000664
1989-06-18,1989,0.000332
1989-06-19,1989,0.000166
1989-06-20,1989,0.000000
1989-06-21,1989,0.000000
1989-06-22,1989,0.051171
1989-06-23,1989,0.048340
1989-06-24,1989,0.019050
1989-06-25,1989,0.004596
1989-06-26,1989,0.001322
1989-06-27,1989,0.000440
1989-06-28,1989,0.000116
1989-06-29,1989,0.000000
1989-06-30,1989,0.000000
1989-07-01,1989,0.000000
1989-07-02,1989,0.000000
1989-07-03,1989,0.000000
1989-07-04,1989,0.000000
1989-07-05,1989,0.000000
1989-07-06,1989,0.000000
1989-07-07,1989,0.000000
1989-07-08,1989,0.000000
1989-07-09,1989,0.000000
1989-07-10,1989,0.000000
1989-07-11,1989,0.000000
1989-07-12,1989,0.000000
1989-07-13,1989,0.000000
1989-07-14,1989,0.000000
1989-07-15,1989,0.000000
1989-07-16,1989,0.000000
1989-07-17,1989,0.000000
1989-07-18,1989,0.000000
1989-07-19,1989,0.000000
1989-07-20,1989,0.000000
1989-07-21,1989,0.000000
1989-07-22,1989,0.000000
1989-07-23,1989,0.000000
1989-07-24,1989,0.000000
1989-07-25,1989,0.000000
1989-07-26,1989,0.000000
1989-07-27,1989,0.000000
1989-07-28,1989,0.000000
1989-07-29,1989,0.000000
1989-07-30,1989,0.000000
1989-07-31,1989,0.000000
1989-08-01,1989,0.000000
1989-08-02,1989,0.000000
1989-08-03,1989,0.000000
1989-08-04,1989,0.000000
1989-08-05,1989,0.000000
1989-08-06,1989,0.000000
1989-08-07,1989,0.000000
1989-08-08,1989,0.000000
1989-08-09,1989,0.000000
1989-08-10,1989,0.000000
1989-08-11,1989,0.000000
1989-08-12,1989,0.000000
1989-08-13,1989,0.000000
1989-08-14,1989,0.000000
1989-08-15,1989,0.000000
1989-08-16,1989,0.000000
1989-08-17,1989,0.000000
1989-08-18,1989,0.000000
1989-08-19,1989,0.000000
1989-08-20,1989,0.000000
1989-08-21,1989,0.000000
1989-08-22,1989,0.000000
1989-08-23,1989,0.000000
1989-08-24,1989,0.000000
1989-08-25,1989,0.000000
1989-08-26,1989,0.000000
1989-08-27,1989,0.000000
1989-08-28,1989,0.000000
1989-08-29,1989,0.000000
1989-08-30,1989,0.000000
1989-08-31,1989,0.000000
1989-09-01,1989,0.000000
1989-09-02,1989,0.000000
1989-09-03,1989,0.000000
1989-09-04,1989,0.000000
1989-09-05,1989,0.000000
1989-09-06,1989,0.000000
1989-09-07,1989,0.000000
1989-09-08,1989,0.000308
1989-09-09,1989,0.000996
1989-09-10,1989,0.000543
1989-09-11,1989,0.004223
1989-09-12,1989,0.041004
1989-09-13,1989,0.134502
1989-09-14,1989,0.096926
1989-09-15,1989,0.052792
1989-09-16,1989,0.023460
1989-09-17,1989,0.009425
1989-09-18,1989,0.003362
1989-09-19,1989,0.000911
1989-09-20,1989,0.000935
1989-09-21,1989,0.001772
1989-09-22,1989,0.002795
1989-09-23,1989,0.001639
1989-09-24,1989,0.000532
1989-09-25,1989,0.000069
1989-09-26,1989,0.000000
1989-09-27,1989,0.000000
1989-09-28,1989,0.000000
1989-09-29,1989,0.000000
1989-09-30,1989,0.000000
1989-10-01,1990,0.000000
1989-10-02,1990,0.000000
1989-10-03,1990,0.000000
1989-10-04,1990,0.008970
1989-10-05,1990,0.015325
1989-10-06,1990,0.022058
1989-10-07,1990,0.015520
1989-10-08,1990,0.013643
1989-10-09,1990,0.009413
1989-10-10,1990,0.005856
1989-10-11,1990,0.003018
1989-10-12,1990,0.001665
1989-10-13,1990,0.000867
1989-10-14,1990,0.000444
1989-10-15,1990,0.000280
1989-10-16,1990,0.151202
1989-10-17,1990,0.294780
1989-10-18,1990,0.154016
1989-10-19,1990,0.134709
1989-10-20,1990,0.116427
1989-10-21,1990,0.083731
1989-10-22,1990,0.062537
1989-10-23,1990,0.043744
1989-10-24,1990,0.028541
1989-10-25,1990,0.017999
1989-10-26,1990,0.085678
1989-10-27,1990,0.159101
1989-10-28,1990,0.143173
1989-10-29,1990,0.206623
1989-10-30,1990,0.280490
1989-10-31,1990,0.272056
1989-11-01,1990,0.323161
1989-11-02,1990,0.297701
1989-11-03,1990,0.281669
1989-11-04,1990,0.263272
1989-11-05,1990,0.246981
1989-11-06,1990,0.254080
1989-11-07,1990,0.317122
1989-11-08,1990,0.289360
1989-11-09,1990,0.273452
1989-11-10,1990,0.247835
1989-11-11,1990,0.201554
1989-11-12,1990,0.159099
1989-11-13,1990,0.123816
1989-11-14,1990,0.107395
1989-11-15,1990,0.177078
1989-11-16,1990,0.177338
1989-11-17,1990,0.172171
1989-11-18,1990,0.168485
1989-11-19,1990,0.162323
1989-11-20,1990,0.136126
1989-11-21,1990,0.104823
1989-11-22,1990,0.092797
1989-11-23,1990,0.088949
1989-11-24,1990,0.084759
1989-11-25,1990,0.232630
1989-11-26,1990,0.301108
1989-11-27,1990,0.529635
1989-11-28,1990,0.615116
1989-11-29,1990,0.588963
1989-11-30,1990,0.583296
1989-12-01,1990,0.582061
1989-12-02,1990,0.537865
1989-12-03,1990,0.529425
1989-12-04,1990,0.519088
1989-12-05,1990,0.483723
1989-12-06,1990,0.520031
1989-12-07,1990,0.635171
1989-12-08,1990,0.637509
1989-12-09,1990,0.614176
1989-12-10,1990,0.675263
1989-12-11,1990,0.819005
1989-12-12,1990,0.816287
1989-12-13,1990,0.820362
1989-12-14,1990,0.835885
1989-12-15,1990,0.870600
1989-12-16,1990,0.974245
1989-12-17,1990,1.022884
1989-12-18,1990,1.117807
1989-12-19,1990,1.084768
1989-12-20,1990,1.012658
1989-12-21,1990,1.006269
1989-12-22,1990,1.032761
1989-12-23,1990,1.034091
1989-12-24,1990,1.031273
1989-12-25,1990,1.025226
1989-12-26,1990,0.992981
1989-12-27,1990,0.988085
1989-12-28,1990,0.960910
1989-12-29,1990,0.961900
1989-12-30,1990,0.981295
1989-12-31,1990,1.058705
1990-01-01,1990,1.054326
1990-01-02,1990,1.039444
1990-01-03,1990,1.155828
1990-01-04,1990,1.251821
1990-01-05,1990,1.254397
1990-01-06,1990,1.255932
1990-01-07,1990,1.239447
1990-01-08,1990,1.240206
1990-01-09,1990,1.252323
1990-01-10,1990,1.248248
1990-01-11,1990,1.185819
1990-01-12,1990,1.147920
1990-01-13,1990,1.136012
1990-01-14,1990,1.213269
1990-01-15,1990,1.279649
1990-01-16,1990,1.354297
1990-01-17,1990,1.378559
1990-01-18,1990,1.391434
1990-01-19,1990,1.644448
1990-01-20,1990,1.780165
1990-01-21,1990,1.753848
1990-01-22,1990,1.711935
1990-01-23,1990,1.672350
1990-01-24,1990,1.722054
1990-01-25,1990,1.737756
1990-01-26,1990,1.649538
1990-01-27,1990,1.633416
1990-01-28,1990,1.603739
1990-01-29,1990,1.582768
1990-01-30,1990,1.675078
1990-01-31,1990,1.712126
1990-02-01,1990,1.791424
1990-02-02,1990,1.868025
1990-02-03,1990,1.903934
1990-02-04,1990,1.852774
1990-02-05,1990,1.837253
1990-02-06,1990,1.837783
1990-02-07,1990,1.829911
1990-02-08,1990,1.900086
1990-02-09,1990,1.982479
1990-02-10,1990,1.978774
1990-02-11,1990,1.916843
1990-02-12,1990,1.909991
1990-02-13,1990,1.996519
1990-02-14,1990,2.044558
1990-02-15,1990,2.319491
1990-02-16,1990,2.378074
1990-02-17,1990,2.383403
1990-02-18,1990,2.441724
1990-02-19,1990,2.455892
1990-02-20,1990,2.577348
1990-02-21,1990,2.615935
1990-02-22,1990,2.587173
1990-02-23,1990,2.557896
1990-02-24,1990,2.523693
1990-02-25,1990,2.475272
1990-02-26,1990,2.422648
1990-02-27,1990,2.393887
1990-02-28,1990,2.530619
1990-03-01,1990,2.566076
1990-03-02,1990,2.540293
1990-03-03,1990,2.416300
1990-03-04,1990,2.424069
1990-03-05,1990,2.410134
1990-03-06,1990,2.806286
1990-03-07,1990,3.143270
1990-03-08,1990,3.169553
1990-03-09,1990,2.898394
1990-03-10,1990,2.722456
1990-03-11,1990,2.640746
1990-03-12,1990,2.739375
1990-03-13,1990,2.890550
1990-03-14,1990,3.097986
1990-03-15,1990,3.117764
1990-03-16,1990,3.104566
1990-03-17,1990,3.091509
1990-03-18,1990,3.070155
1990-03-19,1990,3.047625
1990-03-20,1990,2.974873
1990-03-21,1990,2.853755
1990-03-22,1990,2.707742
1990-03-23,1990,2.600259
1990-03-24,1990,2.565842
1990-03-25,1990,2.445449
1990-03-26,1990,2.413499
1990-03-27,1990,2.266222
1990-03-28,1990,2.196730
1990-03-29,1990,2.280809
1990-03-30,1990,2.238082
1990-03-31,1990,2.305152
1990-04-01,1990,2.170544
1990-04-02,1990,2.123356
1990-04-03,1990,2.042212
1990-04-04,1990,1.911307
1990-04-05,1990,1.882029
1990-04-06,1990,1.962535
1990-04-07,1990,1.909469
1990-04-08,1990,1.846767
1990-04-09,1990,1.838223
1990-04-10,1990,1.914354
1990-04-11,1990,1.866332
1990-04-12,1990,1.814692
1990-04-13,1990,1.807243
1990-04-14,1990,1.782357
1990-04-15,1990,1.683540
1990-04-16,1990,1.559666
1990-04-17,1990,1.476350
1990-04-18,1990,1.473673
1990-04-19,1990,1.506980
1990-04-20,1990,1.543880
1990-04-21,1990,1.444082
1990-04-22,1990,1.351796
1990-04-23,1990,1.265146
1990-04-24,1990,1.242508
1990-04-25,1990,1.271475
1990-04-26,1990,1.369742
1990-04-27,1990,1.373217
1990-04-28,1990,1.424149
1990-04-29,1990,1.532119
1990-04-30,1990,1.853760
1990-05-01,1990,2.101645
1990-05-02,1990,2.192456
1990-05-03,1990,2.189836
1990-05-04,1990,2.086845
1990-05-05,1990,2.029922
1990-05-06,1990,1.917689
1990-05-07,1990,1.740637
1990-05-08,1990,1.580882
1990-05-09,1990,1.558566
1990-05-10,1990,1.538757
1990-05-11,1990,1.472678
1990-05-12,1990,1.483139
1990-05-13,1990,1.447727
1990-05-14,1990,1.398189
1990-05-15,1990,1.339844
1990-05-16,1990,1.395458
1990-05-17,1990,1.389162
1990-05-18,1990,1.332379
1990-05-19,1990,1.289175
1990-05-20,1990,1.257533
1990-05-21,1990,1.232274
1990-05-22,1990,1.170884
1990-05-23,1990,1.091543
1990-05-24,1990,1.010058
1990-05-25,1990,0.930156
1990-05-26,1990,0.896701
1990-05-27,1990,0.863573
1990-05-28,1990,0.806977
1990-05-29,1990,0.741149
1990-05-30,1990,0.741002
1990-05-31,1990,0.686726
1990-06-01,1990,0.639681
1990-06-02,1990,0.671204
1990-06-03,1990,0.625503
1990-06-04,1990,0.546713
1990-06-05,1990,0.458660
1990-06-06,1990,0.383485
1990-06-07,1990,0.323011
1990-06-08,1990,0.275059
1990-06-09,1990,0.226656
1990-06-10,1990,0.182143
1990-06-11,1990,0.143749
1990-06-12,1990,0.113032
1990-06-13,1990,0.094303
1990-06-14,1990,0.073893
1990-06-15,1990,0.058524
1990-06-16,1990,0.047900
1990-06-17,1990,0.039707
1990-06-18,1990,0.030855
1990-06-19,1990,0.020949
1990-06-20,1990,0.013556
1990-06-21,1990,0.008377
1990-06-22,1990,0.004778
1990-06-23,1990,0.002509
1990-06-24,1990,0.001091
1990-06-25,1990,0.000498
1990-06-26,1990,0.000261
1990-06-27,1990,0.000000
1990-06-28,1990,0.000000
1990-06-29,1990,0.000000
1990-06-30,1990,0.000000
1990-07-01,1990,0.000000
1990-07-02,1990,0.000000
1990-07-03,1990,0.000000
1990-07-04,1990,0.000000
1990-07-05,1990,0.000000
1990-07-06,1990,0.000000
1990-07-07,1990,0.000000
1990-07-08,1990,0.000000
1990-07-09,1990,0.000000
1990-07-10,1990,0.000000
1990-07-11,1990,0.000000
1990-07-12,1990,0.000000
1990-07-13,1990,0.000000
1990-07-14,1990,0.000000
1990-07-15,1990,0.000000
1990-07-16,1990,0.000000
1990-07-17,1990,0.000000
1990-07-18,1990,0.000000
1990-07-19,1990,0.000000
1990-07-20,1990,0.000000
1990-07-21,1990,0.000000
1990-07-22,1990,0.000000
1990-07-23,1990,0.000000
1990-07-24,1990,0.000000
1990-07-25,1990,0.000000
1990-07-26,1990,0.000000
1990-07-27,1990,0.000000
1990-07-28,1990,0.000000
1990-07-29,1990,0.000000
1990-07-30,1990,0.000000
1990-07-31,1990,0.000000
1990-08-01,1990,0.000000
1990-08-02,1990,0.000000
1990-08-03,1990,0.000000
1990-08-04,1990,0.000000
1990-08-05,1990,0.000000
1990-08-06,1990,0.000000
1990-08-07,1990,0.000000
1990-08-08,1990,0.000000
1990-08-09,1990,0.000000
1990-08-10,1990,0.000000
1990-08-11,1990,0.000000
1990-08-12,1990,0.000000
1990-08-13,1990,0.000000
1990-08-14,1990,0.000000
1990-08-15,1990,0.000000
1990-08-16,1990,0.000000
1990-08-17,1990,0.000000
1990-08-18,1990,0.000000
1990-08-19,1990,0.000000
1990-08-20,1990,0.000000
1990-08-21,1990,0.000000
1990-08-22,1990,0.000000
1990-08-23,1990,0.000000
1990-08-24,1990,0.000000
1990-08-25,1990,0.000000
1990-08-26,1990,0.000000
1990-08-27,1990,0.000000
1990-08-28,1990,0.000000
1990-08-29,1990,0.000000
1990-08-30,1990,0.000000
1990-08-31,1990,0.000000
1990-09-01,1990,0.000000
1990-09-02,1990,0.000000
1990-09-03,1990,0.000000
1990-09-04,1990,0.000000
1990-09-05,1990,0.000000
1990-09-06,1990,0.000000
1990-09-07,1990,0.000000
1990-09-08,1990,0.000000
1990-09-09,1990,0.000000
1990-09-10,1990,0.000000
1990-09-11,1990,0.000000
1990-09-12,1990,0.000000
1990-09-13,1990,0.000000
1990-09-14,1990,0.000000
1990-09-15,1990,0.000000
1990-09-16,1990,0.000000
1990-09-17,1990,0.000000
1990-09-18,1990,0.000000
1990-09-19,1990,0.008207
1990-09-20,1990,0.004432
1990-09-21,1990,0.002931
1990-09-22,1990,0.001243
1990-09-23,1990,0.000492
1990-09-24,1990,0.000164
1990-09-25,1990,0.000000
1990-09-26,1990,0.000000
1990-09-27,1990,0.000000
1990-09-28,1990,0.003912
1990-09-29,1990,0.007458
1990-09-30,1990,0.007397
1990-10-01,1991,0.003684
1990-10-02,1991,0.002822
1990-10-03,1991,0.034543
1990-10-04,1991,0.034119
1990-10-05,1991,0.020935
1990-10-06,1991,0.012106
1990-10-07,1991,0.033726
1990-10-08,1991,0.276339
1990-10-09,1991,0.298841
1990-10-10,1991,0.248626
1990-10-11,1991,0.173356
1990-10-12,1991,0.145628
1990-10-13,1991,0.116875
1990-10-14,1991,0.081436
1990-10-15,1991,0.059663
1990-10-16,1991,0.037586
1990-10-17,1991,0.081602
1990-10-18,1991,0.081028
1990-10-19,1991,0.073657
1990-10-20,1991,0.421422
1990-10-21,1991,0.715311
1990-10-22,1991,0.699503
1990-10-23,1991,0.465370
1990-10-24,1991,0.366335
1990-10-25,1991,0.294468
1990-10-26,1991,0.211237
1990-10-27,1991,0.150048
1990-10-28,1991,0.103880
1990-10-29,1991,0.070836
1990-10-30,1991,0.050430
1990-10-31,1991,0.036575
1990-11-01,1991,0.033407
1990-11-02,1991,0.105334
1990-11-03,1991,0.503707
1990-11-04,1991,0.555682
1990-11-05,1991,0.506486
1990-11-06,1991,0.730651
1990-11-07,1991,0.897586
1990-11-08,1991,0.893392
1990-11-09,1991,0.868820
1990-11-10,1991,0.847100
1990-11-11,1991,0.783896
1990-11-12,1991,0.706737
1990-11-13,1991,0.568816
1990-11-14,1991,0.473009
1990-11-15,1991,0.393887
1990-11-16,1991,0.343735
1990-11-17,1991,0.304926
1990-11-18,1991,0.274213
1990-11-19,1991,0.251893
1990-11-20,1991,0.235027
1990-11-21,1991,0.473647
1990-11-22,1991,0.449643
1990-11-23,1991,0.435718
1990-11-24,1991,0.424481
1990-11-25,1991,0.404779
1990-11-26,1991,0.386676
1990-11-27,1991,0.721700
1990-11-28,1991,0.765514
1990-11-29,1991,0.705257
1990-11-30,1991,0.692943
1990-12-01,1991,0.679469
1990-12-02,1991,0.665040
1990-12-03,1991,0.715577
1990-12-04,1991,0.690655
1990-12-05,1991,0.665811
1990-12-06,1991,0.701750
1990-12-07,1991,0.699981
1990-12-08,1991,0.693912
1990-12-09,1991,0.684899
1990-12-10,1991,0.670865
1990-12-11,1991,0.648834
1990-12-12,1991,0.636756
1990-12-13,1991,0.811044
1990-12-14,1991,0.975546
1990-12-15,1991,1.054886
1990-12-16,1991,1.094966
1990-12-17,1991,1.354629
1990-12-18,1991,1.440363
1990-12-19,1991,1.461241
1990-12-20,1991,1.509534
1990-12-21,1991,1.709239
1990-12-22,1991,1.741026
1990-12-23,1991,1.752273
1990-12-24,1991,1.729604
1990-12-25,1991,1.736929
1990-12-26,1991,1.730088
1990-12-27,1991,1.723980
1990-12-28,1991,1.719028
1990-12-29,1991,1.799509
1990-12-30,1991,1.926661
1990-12-31,1991,1.920431
1991-01-01,1991,1.865436
1991-01-02,1991,1.846436
1991-01-03,1991,1.834841
1991-01-04,1991,1.839014
1991-01-05,1991,2.205499
1991-01-06,1991,2.260714
1991-01-07,1991,2.197329
1991-01-08,1991,2.206329
1991-01-09,1991,2.221134
1991-01-10,1991,2.224619
1991-01-11,1991,2.245783
1991-01-12,1991,2.240421
1991-01-13,1991,2.239031
1991-01-14,1991,2.291895
1991-01-15,1991,2.333910
1991-01-16,1991,2.507613
1991-01-17,1991,2.509380
1991-01-18,1991,2.497267
1991-01-19,1991,2.489014
1991-01-20,1991,2.619237
1991-01-21,1991,2.654481
1991-01-22,1991,2.648567
1991-01-23,1991,2.646596
1991-01-24,1991,2.633211
1991-01-25,1991,2.657968
1991-01-26,1991,2.653056
1991-01-27,1991,2.648124
1991-01-28,1991,2.634402
1991-01-29,1991,2.703239
1991-01-30,1991,2.733634
1991-01-31,1991,2.712641
1991-02-01,1991,2.698421
1991-02-02,1991,2.680364
1991-02-03,1991,2.594003
1991-02-04,1991,2.577723
1991-02-05,1991,2.562398
1991-02-06,1991,2.550223
1991-02-07,1991,2.535707
1991-02-08,1991,2.521976
1991-02-09,1991,2.523390
1991-02-10,1991,2.518230
1991-02-11,1991,2.504425
1991-02-12,1991,2.425271
1991-02-13,1991,2.431130
1991-02-14,1991,2.561810
1991-02-15,1991,2.513306
1991-02-16,1991,2.436963
1991-02-17,1991,2.567834
1991-02-18,1991,2.709101
1991-02-19,1991,2.740492
1991-02-20,1991,2.727335
1991-02-21,1991,2.706615
1991-02-22,1991,2.653017
1991-02-23,1991,2.585936
1991-02-24,1991,2.537408
1991-02-25,1991,2.611019
1991-02-26,1991,2.555445
1991-02-27,1991,2.531253
1991-02-28,1991,2.509166
1991-03-01,1991,2.653067
1991-03-02,1991,2.923796
1991-03-03,1991,3.100467
1991-03-04,1991,3.082503
1991-03-05,1991,3.092777
1991-03-06,1991,3.346089
1991-03-07,1991,3.362746
1991-03-08,1991,3.368204
1991-03-09,1991,3.368281
1991-03-10,1991,3.346005
1991-03-11,1991,3.254634
1991-03-12,1991,3.349635
1991-03-13,1991,3.358339
1991-03-14,1991,3.363339
1991-03-15,1991,3.431404
1991-03-16,1991,3.486961
1991-03-17,1991,3.500817
1991-03-18,1991,3.492867
1991-03-19,1991,3.424641
1991-03-20,1991,3.500061
1991-03-21,1991,3.494865
1991-03-22,1991,3.749007
1991-03-23,1991,3.709976
1991-03-24,1991,3.675096
1991-03-25,1991,3.623037
1991-03-26,1991,3.636086
1991-03-27,1991,3.997422
1991-03-28,1991,4.010753
1991-03-29,1991,3.964425
1991-03-30,1991,4.154394
1991-03-31,1991,4.138555
1991-04-01,1991,4.076390
1991-04-02,1991,3.980532
1991-04-03,1991,3.933117
1991-04-04,1991,3.876174
1991-04-05,1991,3.674049
1991-04-06,1991,3.502338
1991-04-07,1991,3.281167
1991-04-08,1991,3.189648
1991-04-09,1991,3.234069
1991-04-10,1991,3.152917
1991-04-11,1991,3.233189
1991-04-12,1991,3.357438
1991-04-13,1991,3.386285
1991-04-14,1991,3.415638
1991-04-15,1991,3.367277
1991-04-16,1991,3.246644
1991-04-17,1991,3.154337
1991-04-18,1991,3.085573
1991-04-19,1991,3.077693
1991-04-20,1991,3.033039
1991-04-21,1991,2.966589
1991-04-22,1991,2.960899
1991-04-23,1991,2.969548
1991-04-24,1991,3.016747
1991-04-25,1991,2.940608
1991-04-26,1991,2.776853
1991-04-27,1991,2.690563
1991-04-28,1991,2.795502
1991-04-29,1991,2.836247
1991-04-30,1991,2.980410
1991-05-01,1991,2.956478
1991-05-02,1991,2.861703
1991-05-03,1991,2.763577
1991-05-04,1991,2.758601
1991-05-05,1991,2.848177
1991-05-06,1991,2.811068
1991-05-07,1991,2.739816
1991-05-08,1991,2.637405
1991-05-09,1991,2.442962
1991-05-10,1991,2.230362
1991-05-11,1991,2.048777
1991-05-12,1991,1.919624
1991-05-13,1991,1.888989
1991-05-14,1991,1.776793
1991-05-15,1991,1.660830
1991-05-16,1991,1.728341
1991-05-17,1991,1.673872
1991-05-18,1991,1.506234
1991-05-19,1991,1.336919
1991-05-20,1991,1.188692
1991-05-21,1991,1.045211
1991-05-22,1991,0.929347
1991-05-23,1991,0.833543
1991-05-24,1991,0.792468
1991-05-25,1991,0.740141
1991-05-26,1991,0.671629
1991-05-27,1991,0.608412
1991-05-28,1991,0.565653
1991-05-29,1991,0.532735
1991-05-30,1991,0.504626
1991-05-31,1991,0.479526
1991-06-01,1991,0.461046
1991-06-02,1991,0.453145
1991-06-03,1991,0.454093
1991-06-04,1991,0.420016
1991-06-05,1991,0.365224
1991-06-06,1991,0.316491
1991-06-07,1991,0.278874
1991-06-08,1991,0.243163
1991-06-09,1991,0.208331
1991-06-10,1991,0.173513
1991-06-11,1991,0.143094
1991-06-12,1991,0.118432
1991-06-13,1991,0.097793
1991-06-14,1991,0.079153
1991-06-15,1991,0.064198
1991-06-16,1991,0.049601
1991-06-17,1991,0.036433
1991-06-18,1991,0.027203
1991-06-19,1991,0.019803
1991-06-20,1991,0.012901
1991-06-21,1991,0.008514
1991-06-22,1991,0.005312
1991-06-23,1991,0.003249
1991-06-24,1991,0.001992
1991-06-25,1991,0.001162
1991-06-26,1991,0.000617
1991-06-27,1991,0.000332
1991-06-28,1991,0.000166
1991-06-29,1991,0.000000
1991-06-30,1991,0.000000
1991-07-01,1991,0.000000
1991-07-02,1991,0.000000
1991-07-03,1991,0.000000
1991-07-04,1991,0.000000
1991-07-05,1991,0.000000
1991-07-06,1991,0.000000
1991-07-07,1991,0.000000
1991-07-08,1991,0.000000
1991-07-09,1991,0.000000
1991-07-10,1991,0.000000
1991-07-11,1991,0.000000
1991-07-12,1991,0.000000
1991-07-13,1991,0.000000
1991-07-14,1991,0.000000
1991-07-15,1991,0.000000
1991-07-16,1991,0.000000
1991-07-17,1991,0.000000
1991-07-18,1991,0.000000
1991-07-19,1991,0.000000
1991-07-20,1991,0.000000
1991-07-21,1991,0.000000
1991-07-22,1991,0.000000
1991-07-23,1991,0.000000
1991-07-24,1991,0.000000
1991-07-25,1991,0.000000
1991-07-26,1991,0.000000
1991-07-27,1991,0.000000
1991-07-28,1991,0.000000
1991-07-29,1991,0.000000
1991-07-30,1991,0.000000
1991-07-31,1991,0.000000
1991-08-01,1991,0.000000
1991-08-02,1991,0.000000
1991-08-03,1991,0.000000
1991-08-04,1991,0.000000
1991-08-05,1991,0.000000
1991-08-06,1991,0.000000
1991-08-07,1991,0.000000
1991-08-08,1991,0.000000
1991-08-09,1991,0.000000
1991-08-10,1991,0.000000
1991-08-11,1991,0.000000
1991-08-12,1991,0.000000
1991-08-13,1991,0.000000
1991-08-14,1991,0.000000
1991-08-15,1991,0.000000
1991-08-16,1991,0.000000
1991-08-17,1991,0.000000
1991-08-18,1991,0.000000
1991-08-19,1991,0.000000
1991-08-20,1991,0.000000
1991-08-21,1991,0.000000
1991-08-22,1991,0.000000
1991-08-23,1991,0.000000
1991-08-24,1991,0.000000
1991-08-25,1991,0.000000
1991-08-26,1991,0.000000
1991-08-27,1991,0.000000
1991-08-28,1991,0.000000
1991-08-29,1991,0.000000
1991-08-30,1991,0.000000
1991-08-31,1991,0.000000
1991-09-01,1991,0.000000
1991-09-02,1991,0.000000
1991-09-03,1991,0.000000
1991-09-04,1991,0.000000
1991-09-05,1991,0.001471
1991-09-06,1991,0.000759
1991-09-07,1991,0.000261
1991-09-08,1991,0.000261
1991-09-09,1991,0.000071
1991-09-10,1991,0.000024
1991-09-11,1991,0.000000
1991-09-12,1991,0.000000
1991-09-13,1991,0.000047
1991-09-14,1991,0.000188
1991-09-15,1991,0.007309
1991-09-16,1991,0.007147
1991-09-17,1991,0.004139
1991-09-18,1991,0.002056
1991-09-19,1991,0.000876
1991-09-20,1991,0.000438
1991-09-21,1991,0.000116
1991-09-22,1991,0.000000
1991-09-23,1991,0.000000
1991-09-24,1991,0.000000
1991-09-25,1991,0.000000
1991-09-26,1991,0.000000
1991-09-27,1991,0.000000
1991-09-28,1991,0.000000
1991-09-29,1991,0.000024
1991-09-30,1991,0.000161
1991-10-01,1992,0.000656
1991-10-02,1992,0.000374
1991-10-03,1992,0.000094
1991-10-04,1992,0.005801
1991-10-05,1992,0.021673
1991-10-06,1992,0.017559
1991-10-07,1992,0.010899
1991-10-08,1992,0.005098
1991-10-09,1992,0.002180
1991-10-10,1992,0.000838
1991-10-11,1992,0.000161
1991-10-12,1992,0.000000
1991-10-13,1992,0.000000
1991-10-14,1992,0.000000
1991-10-15,1992,0.000000
1991-10-16,1992,0.000000
1991-10-17,1992,0.000000
1991-10-18,1992,0.000000
1991-10-19,1992,0.000000
1991-10-20,1992,0.000186
1991-10-21,1992,0.000186
1991-10-22,1992,0.000163
1991-10-23,1992,0.000353
1991-10-24,1992,0.200979
1991-10-25,1992,0.354161
1991-10-26,1992,0.351688
1991-10-27,1992,0.303509
1991-10-28,1992,0.463558
1991-10-29,1992,0.650709
1991-10-30,1992,0.884633
1991-10-31,1992,1.082104
1991-11-01,1992,1.081719
1991-11-02,1992,1.171640
1991-11-03,1992,1.199513
1991-11-04,1992,1.166658
1991-11-05,1992,1.129325
1991-11-06,1992,1.073683
1991-11-07,1992,1.077845
1991-11-08,1992,0.988616
1991-11-09,1992,0.918346
1991-11-10,1992,0.851553
1991-11-11,1992,0.831394
1991-11-12,1992,0.833941
1991-11-13,1992,0.790162
1991-11-14,1992,0.680433
1991-11-15,1992,0.828691
1991-11-16,1992,1.190010
1991-11-17,1992,1.476678
1991-11-18,1992,1.530196
1991-11-19,1992,1.574502
1991-11-20,1992,1.488052
1991-11-21,1992,1.434566
1991-11-22,1992,1.516699
1991-11-23,1992,1.531102
1991-11-24,1992,1.514421
1991-11-25,1992,1.551565
1991-11-26,1992,1.577797
1991-11-27,1992,1.618097
1991-11-28,1992,1.597928
1991-11-29,1992,1.700803
1991-11-30,1992,1.846662
1991-12-01,1992,1.998759
1991-12-02,1992,1.901906
1991-12-03,1992,1.923636
1991-12-04,1992,1.923583
1991-12-05,1992,1.878542
1991-12-06,1992,1.870451
1991-12-07,1992,1.827393
1991-12-08,1992,1.815968
1991-12-09,1992,1.826099
1991-12-10,1992,1.824941
1991-12-11,1992,1.864866
1991-12-12,1992,2.082485
1991-12-13,1992,2.127481
1991-12-14,1992,2.169724
1991-12-15,1992,2.139312
1991-12-16,1992,2.103202
1991-12-17,1992,2.087661
1991-12-18,1992,2.082461
1991-12-19,1992,2.301488
1991-12-20,1992,2.397352
1991-12-21,1992,2.399350
1991-12-22,1992,2.399199
1991-12-23,1992,2.426453
1991-12-24,1992,2.431282
1991-12-25,1992,2.432823
1991-12-26,1992,2.431330
1991-12-27,1992,2.433854
1991-12-28,1992,2.433828
1991-12-29,1992,2.429523
1991-12-30,1992,2.441564
1991-12-31,1992,2.486781
1992-01-01,1992,2.548697
1992-01-02,1992,2.542212
1992-01-03,1992,2.534173
1992-01-04,1992,2.570280
1992-01-05,1992,2.649409
1992-01-06,1992,2.622847
1992-01-07,1992,2.830681
1992-01-08,1992,3.076591
1992-01-09,1992,3.080666
1992-01-10,1992,3.077484
1992-01-11,1992,3.062426
1992-01-12,1992,3.117870
1992-01-13,1992,3.227868
1992-01-14,1992,3.196280
1992-01-15,1992,3.208579
1992-01-16,1992,3.149481
1992-01-17,1992,3.130247
1992-01-18,1992,3.123526
1992-01-19,1992,3.122091
1992-01-20,1992,3.115056
1992-01-21,1992,3.126138
1992-01-22,1992,3.121071
1992-01-23,1992,3.098389
1992-01-24,1992,3.092818
1992-01-25,1992,3.072276
1992-01-26,1992,3.047092
1992-01-27,1992,3.030947
1992-01-28,1992,3.041134
1992-01-29,1992,3.085636
1992-01-30,1992,3.074604
1992-01-31,1992,3.078700
1992-02-01,1992,3.079930
1992-02-02,1992,3.065398
1992-02-03,1992,3.057567
1992-02-04,1992,3.110318
1992-02-05,1992,3.117670
1992-02-06,1992,3.094645
1992-02-07,1992,3.085978
1992-02-08,1992,3.060107
1992-02-09,1992,3.100585
1992-02-10,1992,3.093550
1992-02-11,1992,3.161910
1992-02-12,1992,3.219494
1992-02-13,1992,3.227713
1992-02-14,1992,3.543791
1992-02-15,1992,3.573701
1992-02-16,1992,3.600700
1992-02-17,1992,3.791194
1992-02-18,1992,3.790632
1992-02-19,1992,3.782571
1992-02-20,1992,3.774886
1992-02-21,1992,3.768762
1992-02-22,1992,3.768406
1992-02-23,1992,3.882426
1992-02-24,1992,3.945817
1992-02-25,1992,3.925031
1992-02-26,1992,3.909158
1992-02-27,1992,3.890770
1992-02-28,1992,3.862697
1992-02-29,1992,3.795500
1992-03-01,1992,3.735744
1992-03-02,1992,3.666160
1992-03-03,1992,3.594750
1992-03-04,1992,3.749540
1992-03-05,1992,4.293001
1992-03-06,1992,4.381311
1992-03-07,1992,4.234627
1992-03-08,1992,4.207969
1992-03-09,1992,4.495894
1992-03-10,1992,4.139971
1992-03-11,1992,4.097421
1992-03-12,1992,4.038840
1992-03-13,1992,4.004531
1992-03-14,1992,3.971110
1992-03-15,1992,3.902082
1992-03-16,1992,3.812185
1992-03-17,1992,3.701961
1992-03-18,1992,3.714184
1992-03-19,1992,3.802256
1992-03-20,1992,3.835559
1992-03-21,1992,3.820839
1992-03-22,1992,4.028885
1992-03-23,1992,4.034862
1992-03-24,1992,4.076060
1992-03-25,1992,4.110378
1992-03-26,1992,4.063785
1992-03-27,1992,4.009537
1992-03-28,1992,4.109789
1992-03-29,1992,4.123823
1992-03-30,1992,4.131879
1992-03-31,1992,4.076251
1992-04-01,1992,4.168617
1992-04-02,1992,4.145160
1992-04-03,1992,4.095218
1992-04-04,1992,3.986495
1992-04-05,1992,3.852926
1992-04-06,1992,3.555231
1992-04-07,1992,3.341301
1992-04-08,1992,3.243040
1992-04-09,1992,2.979628
1992-04-10,1992,2.841691
1992-04-11,1992,2.690593
1992-04-12,1992,2.540736
1992-04-13,1992,2.346504
1992-04-14,1992,2.191103
1992-04-15,1992,2.059787
1992-04-16,1992,2.013897
1992-04-17,1992,1.965289
1992-04-18,1992,1.986549
1992-04-19,1992,2.095275
1992-04-20,1992,2.125991
1992-04-21,1992,2.108624
1992-04-22,1992,2.027396
1992-04-23,1992,2.013511
1992-04-24,1992,1.977356
1992-04-25,1992,1.908216
1992-04-26,1992,1.827920
1992-04-27,1992,1.729553
1992-04-28,1992,1.589821
1992-04-29,1992,1.454529
1992-04-30,1992,1.301696
1992-05-01,1992,1.170192
1992-05-02,1992,1.078189
1992-05-03,1992,1.005516
1992-05-04,1992,0.931605
1992-05-05,1992,0.866786
1992-05-06,1992,0.798825
1992-05-07,1992,0.727790
1992-05-08,1992,0.662927
1992-05-09,1992,0.603045
1992-05-10,1992,0.592525
1992-05-11,1992,0.592861
1992-05-12,1992,0.549765
1992-05-13,1992,0.495353
1992-05-14,1992,0.444510
1992-05-15,1992,0.400783
1992-05-16,1992,0.361507
1992-05-17,1992,0.326312
1992-05-18,1992,0.286332
1992-05-19,1992,0.245603
1992-05-20,1992,0.208276
1992-05-21,1992,0.182442
1992-05-22,1992,0.158040
1992-05-23,1992,0.136571
1992-05-24,1992,0.123040
1992-05-25,1992,0.110607
1992-05-26,1992,0.103103
1992-05-27,1992,0.087709
1992-05-28,1992,0.096511
1992-05-29,1992,0.088808
1992-05-30,1992,0.089098
1992-05-31,1992,0.072857
1992-06-01,1992,0.116934
1992-06-02,1992,0.105930
1992-06-03,1992,0.061892
1992-06-04,1992,0.039071
1992-06-05,1992,0.028007
1992-06-06,1992,0.020420
1992-06-07,1992,0.014219
1992-06-08,1992,0.010243
1992-06-09,1992,0.009153
1992-06-10,1992,0.006403
1992-06-11,1992,0.003889
1992-06-12,1992,0.002632
1992-06-13,1992,0.001636
1992-06-14,1992,0.001043
1992-06-15,1992,0.000711
1992-06-16,1992,0.000498
1992-06-17,1992,0.003553
1992-06-18,1992,0.001431
1992-06-19,1992,0.000464
1992-06-20,1992,0.000000
1992-06-21,1992,0.000000
1992-06-22,1992,0.000000
1992-06-23,1992,0.000000
1992-06-24,1992,0.000000
1992-06-25,1992,0.000000
1992-06-26,1992,0.000000
1992-06-27,1992,0.000000
1992-06-28,1992,0.000000
1992-06-29,1992,0.000000
1992-06-30,1992,0.000000
1992-07-01,1992,0.000000
1992-07-02,1992,0.000482
1992-07-03,1992,0.000320
1992-07-04,1992,0.000023
1992-07-05,1992,0.000000
1992-07-06,1992,0.000000
1992-07-07,1992,0.000000
1992-07-08,1992,0.000000
1992-07-09,1992,0.000000
1992-07-10,1992,0.000000
1992-07-11,1992,0.000000
1992-07-12,1992,0.000000
1992-07-13,1992,0.000000
1992-07-14,1992,0.000000
1992-07-15,1992,0.000000
1992-07-16,1992,0.000000
1992-07-17,1992,0.000000
1992-07-18,1992,0.000000
1992-07-19,1992,0.000000
1992-07-20,1992,0.000000
1992-07-21,1992,0.000000
1992-07-22,1992,0.000000
1992-07-23,1992,0.000000
1992-07-24,1992,0.000000
1992-07-25,1992,0.000000
1992-07-26,1992,0.000000
1992-07-27,1992,0.000000
1992-07-28,1992,0.000000
1992-07-29,1992,0.000000
1992-07-30,1992,0.000000
1992-07-31,1992,0.000000
1992-08-01,1992,0.000000
1992-08-02,1992,0.000000
1992-08-03,1992,0.000000
1992-08-04,1992,0.000000
1992-08-05,1992,0.000000
1992-08-06,1992,0.000000
1992-08-07,1992,0.000000
1992-08-08,1992,0.000000
1992-08-09,1992,0.000000
1992-08-10,1992,0.000000
1992-08-11,1992,0.000000
1992-08-12,1992,0.000000
1992-08-13,1992,0.000000
1992-08-14,1992,0.000000
1992-08-15,1992,0.000000
1992-08-16,1992,0.000000
1992-08-17,1992,0.000000
1992-08-18,1992,0.000000
1992-08-19,1992,0.000000
1992-08-20,1992,0.000000
1992-08-21,1992,0.000000
1992-08-22,1992,0.000000
1992-08-23,1992,0.000000
1992-08-24,1992,0.007777
1992-08-25,1992,0.107828
1992-08-26,1992,0.070312
1992-08-27,1992,0.044012
1992-08-28,1992,0.024732
1992-08-29,1992,0.011015
1992-08-30,1992,0.004956
1992-08-31,1992,0.002296
1992-09-01,1992,0.004412
1992-09-02,1992,0.002657
1992-09-03,1992,0.001073
1992-09-04,1992,0.000374
1992-09-05,1992,0.000512
1992-09-06,1992,0.000279
1992-09-07,1992,0.000116
1992-09-08,1992,0.000000
1992-09-09,1992,0.000000
1992-09-10,1992,0.000000
1992-09-11,1992,0.000000
1992-09-12,1992,0.000000
1992-09-13,1992,0.000000
1992-09-14,1992,0.000000
1992-09-15,1992,0.000000
1992-09-16,1992,0.000000
1992-09-17,1992,0.000000
1992-09-18,1992,0.000000
1992-09-19,1992,0.001068
1992-09-20,1992,0.000869
1992-09-21,1992,0.005289
1992-09-22,1992,0.002805
1992-09-23,1992,0.001168
1992-09-24,1992,0.000326
1992-09-25,1992,0.003897
1992-09-26,1992,0.006980
1992-09-27,1992,0.004843
1992-09-28,1992,0.002778
1992-09-29,1992,0.001339
1992-09-30,1992,0.000647
1992-10-01,1993,0.000139
1992-10-02,1993,0.000046
1992-10-03,1993,0.000000
1992-10-04,1993,0.000000
1992-10-05,1993,0.000000
1992-10-06,1993,0.000301
1992-10-07,1993,0.066766
1992-10-08,1993,0.085677
1992-10-09,1993,0.076840
1992-10-10,1993,0.057916
1992-10-11,1993,0.039349
1992-10-12,1993,0.021785
1992-10-13,1993,0.011237
1992-10-14,1993,0.005567
1992-10-15,1993,0.003384
1992-10-16,1993,0.002640
1992-10-17,1993,0.006600
1992-10-18,1993,0.005115
1992-10-19,1993,0.003866
1992-10-20,1993,0.002733
1992-10-21,1993,0.001832
1992-10-22,1993,0.003825
1992-10-23,1993,0.002504
1992-10-24,1993,0.001322
1992-10-25,1993,0.003297
1992-10-26,1993,0.023865
1992-10-27,1993,0.019237
1992-10-28,1993,0.017255
1992-10-29,1993,0.058019
1992-10-30,1993,0.092404
1992-10-31,1993,0.312804
1992-11-01,1993,0.455688
1992-11-02,1993,0.563877
1992-11-03,1993,0.914679
1992-11-04,1993,1.053633
1992-11-05,1993,1.055611
1992-11-06,1993,1.081654
1992-11-07,1993,1.065648
1992-11-08,1993,1.072699
1992-11-09,1993,1.123874
1992-11-10,1993,1.218889
1992-11-11,1993,1.331529
1992-11-12,1993,1.385212
1992-11-13,1993,1.380282
1992-11-14,1993,1.368790
1992-11-15,1993,1.327120
1992-11-16,1993,1.241214
1992-11-17,1993,1.203607
1992-11-18,1993,1.172907
1992-11-19,1993,1.161871
1992-11-20,1993,1.237493
1992-11-21,1993,1.574762
1992-11-22,1993,1.555642
1992-11-23,1993,1.642184
1992-11-24,1993,1.849199
1992-11-25,1993,1.808415
1992-11-26,1993,1.795584
1992-11-27,1993,1.762998
1992-11-28,1993,1.750934
1992-11-29,1993,1.816638
1992-11-30,1993,1.812842
1992-12-01,1993,1.807678
1992-12-02,1993,1.775674
1992-12-03,1993,1.765848
1992-12-04,1993,1.795007
1992-12-05,1993,2.046064
1992-12-06,1993,2.250104
1992-12-07,1993,2.220717
1992-12-08,1993,2.199379
1992-12-09,1993,2.096271
1992-12-10,1993,2.204119
1992-12-11,1993,2.179771
1992-12-12,1993,2.162071
1992-12-13,1993,2.433645
1992-12-14,1993,2.490664
1992-12-15,1993,2.506013
1992-12-16,1993,2.516696
1992-12-17,1993,2.511419
1992-12-18,1993,2.580383
1992-12-19,1993,2.700261
1992-12-20,1993,2.676552
1992-12-21,1993,2.655551
1992-12-22,1993,2.651488
1992-12-23,1993,2.641846
1992-12-24,1993,2.632999
1992-12-25,1993,2.597004
1992-12-26,1993,2.580871
1992-12-27,1993,2.558378
1992-12-28,1993,2.594425
1992-12-29,1993,2.887723
1992-12-30,1993,2.985109
1992-12-31,1993,3.098231
1993-01-01,1993,3.083680
1993-01-02,1993,3.083533
1993-01-03,1993,3.217364
1993-01-04,1993,3.196576
1993-01-05,1993,3.184494
1993-01-06,1993,3.175845
1993-01-07,1993,3.339564
1993-01-08,1993,3.625197
1993-01-09,1993,3.960941
1993-01-10,1993,4.018179
1993-01-11,1993,4.177006
1993-01-12,1993,4.276983
1993-01-13,1993,4.273116
1993-01-14,1993,4.349664
1993-01-15,1993,4.373991
1993-01-16,1993,4.368512
1993-01-17,1993,4.372591
1993-01-18,1993,4.416434
1993-01-19,1993,4.558471
1993-01-20,1993,4.708535
1993-01-21,1993,4.713901
1993-01-22,1993,4.711582
1993-01-23,1993,4.776404
1993-01-24,1993,4.808055
1993-01-25,1993,4.804065
1993-01-26,1993,4.782125
1993-01-27,1993,4.755313
1993-01-28,1993,4.739090
1993-01-29,1993,4.743798
1993-01-30,1993,4.752826
1993-01-31,1993,4.746634
1993-02-01,1993,4.755306
1993-02-02,1993,4.804403
1993-02-03,1993,4.839567
1993-02-04,1993,4.831638
1993-02-05,1993,4.859874
1993-02-06,1993,4.850266
1993-02-07,1993,4.810396
1993-02-08,1993,4.907306
1993-02-09,1993,5.075571
1993-02-10,1993,5.293006
1993-02-11,1993,5.424785
1993-02-12,1993,5.408417
1993-02-13,1993,5.410931
1993-02-14,1993,5.327767
1993-02-15,1993,5.439996
1993-02-16,1993,5.512507
1993-02-17,1993,5.631462
1993-02-18,1993,5.732104
1993-02-19,1993,5.791477
1993-02-20,1993,5.941205
1993-02-21,1993,6.126207
1993-02-22,1993,6.229052
1993-02-23,1993,6.298976
1993-02-24,1993,6.382693
1993-02-25,1993,6.555156
1993-02-26,1993,6.543702
1993-02-27,1993,6.549261
1993-02-28,1993,6.533430
1993-03-01,1993,6.577044
1993-03-02,1993,6.615228
1993-03-03,1993,6.603586
1993-03-04,1993,6.588516
1993-03-05,1993,6.354598
1993-03-06,1993,6.188510
1993-03-07,1993,6.150561
1993-03-08,1993,6.119007
1993-03-09,1993,6.078594
1993-03-10,1993,5.861591
1993-03-11,1993,5.945722
1993-03-12,1993,6.097822
1993-03-13,1993,6.055896
1993-03-14,1993,6.205792
1993-03-15,1993,6.303247
1993-03-16,1993,6.317176
1993-03-17,1993,6.275625
1993-03-18,1993,6.386672
1993-03-19,1993,6.352799
1993-03-20,1993,6.251833
1993-03-21,1993,6.176518
1993-03-22,1993,6.105661
1993-03-23,1993,6.025984
1993-03-24,1993,5.916608
1993-03-25,1993,5.782579
1993-03-26,1993,5.615421
1993-03-27,1993,5.528121
1993-03-28,1993,5.900847
1993-03-29,1993,6.042212
1993-03-30,1993,6.143932
1993-03-31,1993,6.238163
1993-04-01,1993,6.222190
1993-04-02,1993,6.181264
1993-04-03,1993,6.308090
1993-04-04,1993,6.373732
1993-04-05,1993,6.306722
1993-04-06,1993,6.399078
1993-04-07,1993,6.565725
1993-04-08,1993,6.419860
1993-04-09,1993,6.354981
1993-04-10,1993,6.313751
1993-04-11,1993,6.202972
1993-04-12,1993,6.153526
1993-04-13,1993,6.296449
1993-04-14,1993,6.228392
1993-04-15,1993,6.147089
1993-04-16,1993,6.138146
1993-04-17,1993,6.190574
1993-04-18,1993,6.102381
1993-04-19,1993,6.109088
1993-04-20,1993,6.205577
1993-04-21,1993,6.139075
1993-04-22,1993,6.047581
1993-04-23,1993,5.865653
1993-04-24,1993,5.823278
1993-04-25,1993,5.908631
1993-04-26,1993,5.672305
1993-04-27,1993,5.447055
1993-04-28,1993,5.285001
1993-04-29,1993,5.139223
1993-04-30,1993,5.015178
1993-05-01,1993,5.037962
1993-05-02,1993,5.090882
1993-05-03,1993,4.823938
1993-05-04,1993,4.569875
1993-05-05,1993,4.464262
1993-05-06,1993,4.479099
1993-05-07,1993,4.408025
1993-05-08,1993,4.408734
1993-05-09,1993,4.500086
1993-05-10,1993,4.353582
1993-05-11,1993,4.222454
1993-05-12,1993,4.087975
1993-05-13,1993,3.860742
1993-05-14,1993,3.600810
1993-05-15,1993,3.326069
1993-05-16,1993,3.065857
1993-05-17,1993,2.818215
1993-05-18,1993,2.618925
1993-05-19,1993,2.426041
1993-05-20,1993,2.238049
1993-05-21,1993,2.019870
1993-05-22,1993,1.787177
1993-05-23,1993,1.639103
1993-05-24,1993,1.513555
1993-05-25,1993,1.361044
1993-05-26,1993,1.184920
1993-05-27,1993,0.998900
1993-05-28,1993,0.838846
1993-05-29,1993,0.698954
1993-05-30,1993,0.575892
1993-05-31,1993,0.466415
1993-06-01,1993,0.360963
1993-06-02,1993,0.288484
1993-06-03,1993,0.241356
1993-06-04,1993,0.240213
1993-06-05,1993,0.208332
1993-06-06,1993,0.165325
1993-06-07,1993,0.240108
1993-06-08,1993,0.244802
1993-06-09,1993,0.209489
1993-06-10,1993,0.175761
1993-06-11,1993,0.128853
1993-06-12,1993,0.098291
1993-06-13,1993,0.077852
1993-06-14,1993,0.061298
1993-06-15,1993,0.049635
1993-06-16,1993,0.040815
1993-06-17,1993,0.033936
1993-06-18,1993,0.036604
1993-06-19,1993,0.033098
1993-06-20,1993,0.024951
1993-06-21,1993,0.017564
1993-06-22,1993,0.012093
1993-06-23,1993,0.007518
1993-06-24,1993,0.004458
1993-06-25,1993,0.002751
1993-06-26,1993,0.001494
1993-06-27,1993,0.000759
1993-06-28,1993,0.000332
1993-06-29,1993,0.000166
1993-06-30,1993,0.000000
1993-07-01,1993,0.000000
1993-07-02,1993,0.000000
1993-07-03,1993,0.000000
1993-07-04,1993,0.000512
1993-07-05,1993,0.009556
1993-07-06,1993,0.004862
1993-07-07,1993,0.001460
1993-07-08,1993,0.000209
1993-07-09,1993,0.000000
1993-07-10,1993,0.000000
1993-07-11,1993,0.000000
1993-07-12,1993,0.000000
1993-07-13,1993,0.000000
1993-07-14,1993,0.000000
1993-07-15,1993,0.000000
1993-07-16,1993,0.000000
1993-07-17,1993,0.000000
1993-07-18,1993,0.000000
1993-07-19,1993,0.000000
1993-07-20,1993,0.000000
1993-07-21,1993,0.000000
1993-07-22,1993,0.000000
1993-07-23,1993,0.000000
1993-07-24,1993,0.000000
1993-07-25,1993,0.000000
1993-07-26,1993,0.000000
1993-07-27,1993,0.000000
1993-07-28,1993,0.000000
1993-07-29,1993,0.000000
1993-07-30,1993,0.000000
1993-07-31,1993,0.000000
1993-08-01,1993,0.000000
1993-08-02,1993,0.000000
1993-08-03,1993,0.000000
1993-08-04,1993,0.000000
1993-08-05,1993,0.000000
1993-08-06,1993,0.000000
1993-08-07,1993,0.000000
1993-08-08,1993,0.000000
1993-08-09,1993,0.000000
1993-08-10,1993,0.000000
1993-08-11,1993,0.000000
1993-08-12,1993,0.000000
1993-08-13,1993,0.000000
1993-08-14,1993,0.000000
1993-08-15,1993,0.000000
1993-08-16,1993,0.000000
1993-08-17,1993,0.000000
1993-08-18,1993,0.000000
1993-08-19,1993,0.000000
1993-08-20,1993,0.000000
1993-08-21,1993,0.000000
1993-08-22,1993,0.000000
1993-08-23,1993,0.000000
1993-08-24,1993,0.000000
1993-08-25,1993,0.000000
1993-08-26,1993,0.000000
1993-08-27,1993,0.000000
1993-08-28,1993,0.000000
1993-08-29,1993,0.000000
1993-08-30,1993,0.000069
1993-08-31,1993,0.000069
1993-09-01,1993,0.000023
1993-09-02,1993,0.000000
1993-09-03,1993,0.000000
1993-09-04,1993,0.000000
1993-09-05,1993,0.000000
1993-09-06,1993,0.000000
1993-09-07,1993,0.000000
1993-09-08,1993,0.000394
1993-09-09,1993,0.000162
1993-09-10,1993,0.000046
1993-09-11,1993,0.000000
1993-09-12,1993,0.000000
1993-09-13,1993,0.027010
1993-09-14,1993,0.118676
1993-09-15,1993,0.083367
1993-09-16,1993,0.041749
1993-09-17,1993,0.025650
1993-09-18,1993,0.013961
1993-09-19,1993,0.027016
1993-09-20,1993,0.019727
1993-09-21,1993,0.010017
1993-09-22,1993,0.004185
1993-09-23,1993,0.001346
1993-09-24,1993,0.000395
1993-09-25,1993,0.001011
1993-09-26,1993,0.001332
1993-09-27,1993,0.000850
1993-09-28,1993,0.000436
1993-09-29,1993,0.000160
1993-09-30,1993,0.000046
1993-10-01,1994,0.000000
1993-10-02,1994,0.000000
1993-10-03,1994,0.000000
1993-10-04,1994,0.000000
1993-10-05,1994,0.000000
1993-10-06,1994,0.000000
1993-10-07,1994,0.018029
1993-10-08,1994,0.064154
1993-10-09,1994,0.136030
1993-10-10,1994,0.189414
1993-10-11,1994,0.174210
1993-10-12,1994,0.145756
1993-10-13,1994,0.119850
1993-10-14,1994,0.092758
1993-10-15,1994,0.098386
1993-10-16,1994,0.140762
1993-10-17,1994,0.186604
1993-10-18,1994,0.336345
1993-10-19,1994,0.376002
1993-10-20,1994,0.360138
1993-10-21,1994,0.345180
1993-10-22,1994,0.299824
1993-10-23,1994,0.255483
1993-10-24,1994,0.213990
1993-10-25,1994,0.178260
1993-10-26,1994,0.206804
1993-10-27,1994,0.338340
1993-10-28,1994,0.325174
1993-10-29,1994,0.548754
1993-10-30,1994,0.605831
1993-10-31,1994,0.586320
1993-11-01,1994,0.552139
1993-11-02,1994,0.595946
1993-11-03,1994,0.585549
1993-11-04,1994,0.564430
1993-11-05,1994,0.669676
1993-11-06,1994,0.696505
1993-11-07,1994,0.685928
1993-11-08,1994,0.672101
1993-11-09,1994,0.659285
1993-11-10,1994,0.644576
1993-11-11,1994,0.616710
1993-11-12,1994,0.968839
1993-11-13,1994,1.154277
1993-11-14,1994,1.465406
1993-11-15,1994,1.561405
1993-11-16,1994,1.549261
1993-11-17,1994,1.534403
1993-11-18,1994,1.515055
1993-11-19,1994,1.591582
1993-11-20,1994,1.572720
1993-11-21,1994,1.561044
1993-11-22,1994,1.548159
1993-11-23,1994,1.603860
1993-11-24,1994,1.791212
1993-11-25,1994,1.852560
1993-11-26,1994,1.863515
1993-11-27,1994,1.865122
1993-11-28,1994,1.856035
1993-11-29,1994,1.841236
1993-11-30,1994,1.818160
1993-12-01,1994,1.816362
1993-12-02,1994,1.811978
1993-12-03,1994,1.863305
1993-12-04,1994,1.862501
1993-12-05,1994,1.875759
1993-12-06,1994,1.868674
1993-12-07,1994,1.871017
1993-12-08,1994,1.861590
1993-12-09,1994,1.840659
1993-12-10,1994,1.824681
1993-12-11,1994,1.807386
1993-12-12,1994,1.825425
1993-12-13,1994,2.041085
1993-12-14,1994,2.033393
1993-12-15,1994,2.025527
1993-12-16,1994,2.133045
1993-12-17,1994,2.186170
1993-12-18,1994,2.181455
1993-12-19,1994,2.174964
1993-12-20,1994,2.257100
1993-12-21,1994,2.248411
1993-12-22,1994,2.300767
1993-12-23,1994,2.342532
1993-12-24,1994,2.375154
1993-12-25,1994,2.368079
1993-12-26,1994,2.350610
1993-12-27,1994,2.338599
1993-12-28,1994,2.442752
1993-12-29,1994,2.439195
1993-12-30,1994,2.429545
1993-12-31,1994,2.421790
1994-01-01,1994,2.412909
1994-01-02,1994,2.435944
1994-01-03,1994,2.433525
1994-01-04,1994,2.441662
1994-01-05,1994,2.440759
1994-01-06,1994,2.644020
1994-01-07,1994,2.692101
1994-01-08,1994,2.680615
1994-01-09,1994,2.673678
1994-01-10,1994,2.704269
1994-01-11,1994,2.702712
1994-01-12,1994,2.698119
1994-01-13,1994,2.698035
1994-01-14,1994,2.695487
1994-01-15,1994,2.683988
1994-01-16,1994,2.676665
1994-01-17,1994,2.721859
1994-01-18,1994,2.718006
1994-01-19,1994,2.697954
1994-01-20,1994,2.679484
1994-01-21,1994,2.664800
1994-01-22,1994,2.647699
1994-01-23,1994,2.632799
1994-01-24,1994,2.616492
1994-01-25,1994,2.605481
1994-01-26,1994,2.766346
1994-01-27,1994,2.967330
1994-01-28,1994,3.015372
1994-01-29,1994,3.026386
1994-01-30,1994,3.145140
1994-01-31,1994,3.176485
1994-02-01,1994,3.178834
1994-02-02,1994,3.169634
1994-02-03,1994,3.154174
1994-02-04,1994,3.140402
1994-02-05,1994,3.253995
1994-02-06,1994,3.257006
1994-02-07,1994,3.232333
1994-02-08,1994,3.538606
1994-02-09,1994,3.868335
1994-02-10,1994,3.860796
1994-02-11,1994,3.911065
1994-02-12,1994,4.189042
1994-02-13,1994,4.172886
1994-02-14,1994,4.156947
1994-02-15,1994,4.134186
1994-02-16,1994,4.119388
1994-02-17,1994,4.095129
1994-02-18,1994,4.209594
1994-02-19,1994,4.367652
1994-02-20,1994,4.456040
1994-02-21,1994,4.495007
1994-02-22,1994,4.599440
1994-02-23,1994,4.645904
1994-02-24,1994,4.641592
1994-02-25,1994,4.663966
1994-02-26,1994,4.645506
1994-02-27,1994,4.587036
1994-02-28,1994,4.632526
1994-03-01,1994,4.716922
1994-03-02,1994,4.691027
1994-03-03,1994,4.639259
1994-03-04,1994,4.556597
1994-03-05,1994,4.462595
1994-03-06,1994,4.396121
1994-03-07,1994,4.340028
1994-03-08,1994,4.360809
1994-03-09,1994,4.475839
1994-03-10,1994,4.443044
1994-03-11,1994,4.397944
1994-03-12,1994,4.416350
1994-03-13,1994,4.406750
1994-03-14,1994,4.336780
1994-03-15,1994,4.221977
1994-03-16,1994,4.105052
1994-03-17,1994,3.954190
1994-03-18,1994,3.876327
1994-03-19,1994,3.789860
1994-03-20,1994,3.790645
1994-03-21,1994,3.829848
1994-03-22,1994,3.773857
1994-03-23,1994,3.793960
1994-03-24,1994,3.792215
1994-03-25,1994,3.931566
1994-03-26,1994,3.993001
1994-03-27,1994,4.167567
1994-03-28,1994,4.175197
1994-03-29,1994,4.232440
1994-03-30,1994,4.219877
1994-03-31,1994,4.190543
1994-04-01,1994,4.137216
1994-04-02,1994,4.233489
1994-04-03,1994,4.256586
1994-04-04,1994,4.217155
1994-04-05,1994,4.361069
1994-04-06,1994,4.455169
1994-04-07,1994,4.448762
1994-04-08,1994,4.573532
1994-04-09,1994,4.622711
1994-04-10,1994,4.820891
1994-04-11,1994,5.009445
1994-04-12,1994,5.009606
1994-04-13,1994,4.943258
1994-04-14,1994,4.836101
1994-04-15,1994,4.798136
1994-04-16,1994,4.723608
1994-04-17,1994,4.570400
1994-04-18,1994,4.355921
1994-04-19,1994,4.103012
1994-04-20,1994,3.823791
1994-04-21,1994,3.526975
1994-04-22,1994,3.234285
1994-04-23,1994,2.956367
1994-04-24,1994,2.734333
1994-04-25,1994,2.677660
1994-04-26,1994,2.854587
1994-04-27,1994,3.009420
1994-04-28,1994,3.233701
1994-04-29,1994,3.285126
1994-04-30,1994,3.450216
1994-05-01,1994,3.367806
1994-05-02,1994,3.337936
1994-05-03,1994,3.261660
1994-05-04,1994,3.204750
1994-05-05,1994,3.030149
1994-05-06,1994,2.771996
1994-05-07,1994,2.571803
1994-05-08,1994,2.423309
1994-05-09,1994,2.341689
1994-05-10,1994,2.312152
1994-05-11,1994,2.161505
1994-05-12,1994,1.992480
1994-05-13,1994,1.838524
1994-05-14,1994,1.709367
1994-05-15,1994,1.578611
1994-05-16,1994,1.444827
1994-05-17,1994,1.294455
1994-05-18,1994,1.172736
1994-05-19,1994,1.060893
1994-05-20,1994,0.946605
1994-05-21,1994,0.894873
1994-05-22,1994,0.847316
1994-05-23,1994,0.763371
1994-05-24,1994,0.681040
1994-05-25,1994,0.611182
1994-05-26,1994,0.638477
1994-05-27,1994,0.580912
1994-05-28,1994,0.503768
1994-05-29,1994,0.441695
1994-05-30,1994,0.378074
1994-05-31,1994,0.317088
1994-06-01,1994,0.262076
1994-06-02,1994,0.222998
1994-06-03,1994,0.184935
1994-06-04,1994,0.144266
1994-06-05,1994,0.116989
1994-06-06,1994,0.093237
1994-06-07,1994,0.073490
1994-06-08,1994,0.058732
1994-06-09,1994,0.045798
1994-06-10,1994,0.033677
1994-06-11,1994,0.022195
1994-06-12,1994,0.013149
1994-06-13,1994,0.007103
1994-06-14,1994,0.003658
1994-06-15,1994,0.001970
1994-06-16,1994,0.001009
1994-06-17,1994,0.000285
1994-06-18,1994,0.000119
1994-06-19,1994,0.000000
1994-06-20,1994,0.000000
1994-06-21,1994,0.000000
1994-06-22,1994,0.000000
1994-06-23,1994,0.000000
1994-06-24,1994,0.000000
1994-06-25,1994,0.000000
1994-06-26,1994,0.000000
1994-06-27,1994,0.000000
1994-06-28,1994,0.000000
1994-06-29,1994,0.000000
1994-06-30,1994,0.000000
1994-07-01,1994,0.000000
1994-07-02,1994,0.000000
1994-07-03,1994,0.000000
1994-07-04,1994,0.000000
1994-07-05,1994,0.000000
1994-07-06,1994,0.000000
1994-07-07,1994,0.000000
1994-07-08,1994,0.000114
1994-07-09,1994,0.000000
1994-07-10,1994,0.000000
1994-07-11,1994,0.000000
1994-07-12,1994,0.000000
1994-07-13,1994,0.000000
1994-07-14,1994,0.000000
1994-07-15,1994,0.000000
1994-07-16,1994,0.000000
1994-07-17,1994,0.000000
1994-07-18,1994,0.000000
1994-07-19,1994,0.000000
1994-07-20,1994,0.000000
1994-07-21,1994,0.000000
1994-07-22,1994,0.000000
1994-07-23,1994,0.000000
1994-07-24,1994,0.000000
1994-07-25,1994,0.000000
1994-07-26,1994,0.000000
1994-07-27,1994,0.000000
1994-07-28,1994,0.000000
1994-07-29,1994,0.000000
1994-07-30,1994,0.000000
1994-07-31,1994,0.000000
1994-08-01,1994,0.000000
1994-08-02,1994,0.000000
1994-08-03,1994,0.000000
1994-08-04,1994,0.000000
1994-08-05,1994,0.000000
1994-08-06,1994,0.000000
1994-08-07,1994,0.000000
1994-08-08,1994,0.000000
1994-08-09,1994,0.000000
1994-08-10,1994,0.000000
1994-08-11,1994,0.000000
1994-08-12,1994,0.000000
1994-08-13,1994,0.000000
1994-08-14,1994,0.000000
1994-08-15,1994,0.000000
1994-08-16,1994,0.000000
1994-08-17,1994,0.000000
1994-08-18,1994,0.000000
1994-08-19,1994,0.000000
1994-08-20,1994,0.000000
1994-08-21,1994,0.000000
1994-08-22,1994,0.000000
1994-08-23,1994,0.000000
1994-08-24,1994,0.000000
1994-08-25,1994,0.000000
1994-08-26,1994,0.000000
1994-08-27,1994,0.000000
1994-08-28,1994,0.000000
1994-08-29,1994,0.000000
1994-08-30,1994,0.000000
1994-08-31,1994,0.000000
1994-09-01,1994,0.000000
1994-09-02,1994,0.000000
1994-09-03,1994,0.000000
1994-09-04,1994,0.000000
1994-09-05,1994,0.000000
1994-09-06,1994,0.000000
1994-09-07,1994,0.000000
1994-09-08,1994,0.000000
1994-09-09,1994,0.000000
1994-09-10,1994,0.000000
1994-09-11,1994,0.000000
1994-09-12,1994,0.000000
1994-09-13,1994,0.000000
1994-09-14,1994,0.000403
1994-09-15,1994,0.001947
1994-09-16,1994,0.001230
1994-09-17,1994,0.000627
1994-09-18,1994,0.000256
1994-09-19,1994,0.000163
1994-09-20,1994,0.000350
1994-09-21,1994,0.001303
1994-09-22,1994,0.013449
1994-09-23,1994,0.009123
1994-09-24,1994,0.003952
1994-09-25,1994,0.001661
1994-09-26,1994,0.000647
1994-09-27,1994,0.000116
1994-09-28,1994,0.000046
1994-09-29,1994,0.000000
1994-09-30,1994,0.000071
1994-10-01,1995,0.007072
1994-10-02,1995,0.012277
1994-10-03,1995,0.012164
1994-10-04,1995,0.013879
1994-10-05,1995,0.007019
1994-10-06,1995,0.081910
1994-10-07,1995,0.123960
1994-10-08,1995,0.183719
1994-10-09,1995,0.163264
1994-10-10,1995,0.112258
1994-10-11,1995,0.070436
1994-10-12,1995,0.043045
1994-10-13,1995,0.029840
1994-10-14,1995,0.019610
1994-10-15,1995,0.208279
1994-10-16,1995,0.446747
1994-10-17,1995,0.527376
1994-10-18,1995,0.632873
1994-10-19,1995,0.610424
1994-10-20,1995,0.553377
1994-10-21,1995,0.489221
1994-10-22,1995,0.419853
1994-10-23,1995,0.357664
1994-10-24,1995,0.301100
1994-10-25,1995,0.261861
1994-10-26,1995,0.228905
1994-10-27,1995,0.203233
1994-10-28,1995,0.171350
1994-10-29,1995,0.141031
1994-10-30,1995,0.137853
1994-10-31,1995,0.190728
1994-11-01,1995,0.181667
1994-11-02,1995,0.159557
1994-11-03,1995,0.278891
1994-11-04,1995,0.584683
1994-11-05,1995,0.577850
1994-11-06,1995,0.551636
1994-11-07,1995,0.451952
1994-11-08,1995,0.380896
1994-11-09,1995,0.524659
1994-11-10,1995,0.501661
1994-11-11,1995,0.451118
1994-11-12,1995,0.463887
1994-11-13,1995,0.667767
1994-11-14,1995,0.810311
1994-11-15,1995,0.799397
1994-11-16,1995,0.778579
1994-11-17,1995,0.990269
1994-11-18,1995,1.035594
1994-11-19,1995,1.126849
1994-11-20,1995,1.367516
1994-11-21,1995,1.419010
1994-11-22,1995,1.465906
1994-11-23,1995,1.453182
1994-11-24,1995,1.444310
1994-11-25,1995,1.435406
1994-11-26,1995,1.429681
1994-11-27,1995,1.600379
1994-11-28,1995,1.631662
1994-11-29,1995,1.668127
1994-11-30,1995,1.668881
1994-12-01,1995,1.660005
1994-12-02,1995,1.644106
1994-12-03,1995,1.633879
1994-12-04,1995,1.619145
1994-12-05,1995,1.612209
1994-12-06,1995,1.760786
1994-12-07,1995,1.964155
1994-12-08,1995,2.075396
1994-12-09,1995,2.101804
1994-12-10,1995,2.099281
1994-12-11,1995,2.093548
1994-12-12,1995,2.083005
1994-12-13,1995,2.082566
1994-12-14,1995,2.203454
1994-12-15,1995,2.213733
1994-12-16,1995,2.228613
1994-12-17,1995,2.222893
1994-12-18,1995,2.216415
1994-12-19,1995,2.211986
1994-12-20,1995,2.206942
1994-12-21,1995,2.201169
1994-12-22,1995,2.191519
1994-12-23,1995,2.179126
1994-12-24,1995,2.200060
1994-12-25,1995,2.189616
1994-12-26,1995,2.180317
1994-12-27,1995,2.171270
1994-12-28,1995,2.163213
1994-12-29,1995,2.154124
1994-12-30,1995,2.195905
1994-12-31,1995,2.300466
1995-01-01,1995,2.316495
1995-01-02,1995,2.305485
1995-01-03,1995,2.316370
1995-01-04,1995,2.319910
1995-01-05,1995,2.423405
1995-01-06,1995,2.622501
1995-01-07,1995,2.677579
1995-01-08,1995,2.793236
1995-01-09,1995,2.795801
1995-01-10,1995,2.781436
1995-01-11,1995,2.765319
1995-01-12,1995,2.857866
1995-01-13,1995,2.869858
1995-01-14,1995,2.867873
1995-01-15,1995,2.854782
1995-01-16,1995,2.971691
1995-01-17,1995,3.099823
1995-01-18,1995,3.118328
1995-01-19,1995,3.128564
1995-01-20,1995,3.126091
1995-01-21,1995,3.125515
1995-01-22,1995,3.154304
1995-01-23,1995,3.149051
1995-01-24,1995,3.142374
1995-01-25,1995,3.144209
1995-01-26,1995,3.170332
1995-01-27,1995,3.256108
1995-01-28,1995,3.327336
1995-01-29,1995,3.407798
1995-01-30,1995,3.432082
1995-01-31,1995,3.423307
1995-02-01,1995,3.434642
1995-02-02,1995,3.413647
1995-02-03,1995,3.396263
1995-02-04,1995,3.378272
1995-02-05,1995,3.353009
1995-02-06,1995,3.332504
1995-02-07,1995,3.303307
1995-02-08,1995,3.275518
1995-02-09,1995,3.360945
1995-02-10,1995,3.404311
1995-02-11,1995,3.571729
1995-02-12,1995,3.856735
1995-02-13,1995,4.038526
1995-02-14,1995,4.209936
1995-02-15,1995,4.555345
1995-02-16,1995,4.534027
1995-02-17,1995,4.512597
1995-02-18,1995,4.485526
1995-02-19,1995,4.471125
1995-02-20,1995,4.443706
1995-02-21,1995,4.398514
1995-02-22,1995,4.342264
1995-02-23,1995,4.285755
1995-02-24,1995,4.238821
1995-02-25,1995,4.180339
1995-02-26,1995,4.138581
1995-02-27,1995,4.101994
1995-02-28,1995,4.139932
1995-03-01,1995,4.279135
1995-03-02,1995,4.631582
1995-03-03,1995,4.724431
1995-03-04,1995,4.809409
1995-03-05,1995,4.855488
1995-03-06,1995,5.167688
1995-03-07,1995,5.273069
1995-03-08,1995,5.255778
1995-03-09,1995,5.233696
1995-03-10,1995,5.183802
1995-03-11,1995,5.095139
1995-03-12,1995,5.112074
1995-03-13,1995,5.183587
1995-03-14,1995,5.144953
1995-03-15,1995,5.076976
1995-03-16,1995,4.977539
1995-03-17,1995,4.877673
1995-03-18,1995,4.793768
1995-03-19,1995,4.714494
1995-03-20,1995,4.728543
1995-03-21,1995,4.666064
1995-03-22,1995,4.600837
1995-03-23,1995,4.611817
1995-03-24,1995,4.606338
1995-03-25,1995,4.625636
1995-03-26,1995,4.833016
1995-03-27,1995,4.876503
1995-03-28,1995,4.914699
1995-03-29,1995,5.086507
1995-03-30,1995,5.189603
1995-03-31,1995,5.173323
1995-04-01,1995,5.156868
1995-04-02,1995,5.107598
1995-04-03,1995,5.055525
1995-04-04,1995,4.989914
1995-04-05,1995,4.897463
1995-04-06,1995,4.803588
1995-04-07,1995,4.697758
1995-04-08,1995,4.610258
1995-04-09,1995,4.612863
1995-04-10,1995,4.985598
1995-04-11,1995,5.061604
1995-04-12,1995,5.041030
1995-04-13,1995,4.957151
1995-04-14,1995,4.807156
1995-04-15,1995,4.795639
1995-04-16,1995,4.847725
1995-04-17,1995,4.842350
1995-04-18,1995,5.067002
1995-04-19,1995,5.266726
1995-04-20,1995,5.419478
1995-04-21,1995,5.486838
1995-04-22,1995,5.610449
1995-04-23,1995,5.654495
1995-04-24,1995,5.748156
1995-04-25,1995,5.691748
1995-04-26,1995,5.849131
1995-04-27,1995,5.808088
1995-04-28,1995,5.707559
1995-04-29,1995,5.599805
1995-04-30,1995,5.570655
1995-05-01,1995,5.507048
1995-05-02,1995,5.453500
1995-05-03,1995,5.429773
1995-05-04,1995,5.423133
1995-05-05,1995,5.319681
1995-05-06,1995,5.224257
1995-05-07,1995,5.220216
1995-05-08,1995,5.449701
1995-05-09,1995,5.564364
1995-05-10,1995,5.475135
1995-05-11,1995,5.363733
1995-05-12,1995,5.286801
1995-05-13,1995,5.296138
1995-05-14,1995,5.280134
1995-05-15,1995,5.133151
1995-05-16,1995,4.878748
1995-05-17,1995,4.821137
1995-05-18,1995,4.988844
1995-05-19,1995,4.786506
1995-05-20,1995,4.552084
1995-05-21,1995,4.321104
1995-05-22,1995,4.077618
1995-05-23,1995,3.850216
1995-05-24,1995,3.793648
1995-05-25,1995,3.736897
1995-05-26,1995,3.671175
1995-05-27,1995,3.627345
1995-05-28,1995,3.627600
1995-05-29,1995,3.676562
1995-05-30,1995,3.694364
1995-05-31,1995,3.639643
1995-06-01,1995,3.470522
1995-06-02,1995,3.263249
1995-06-03,1995,3.054100
1995-06-04,1995,2.896958
1995-06-05,1995,2.736312
1995-06-06,1995,2.520403
1995-06-07,1995,2.374764
1995-06-08,1995,2.256477
1995-06-09,1995,2.209839
1995-06-10,1995,2.155380
1995-06-11,1995,2.090497
1995-06-12,1995,1.950034
1995-06-13,1995,1.754457
1995-06-14,1995,1.558564
1995-06-15,1995,1.383183
1995-06-16,1995,1.209799
1995-06-17,1995,1.068636
1995-06-18,1995,0.958801
1995-06-19,1995,0.876894
1995-06-20,1995,0.762558
1995-06-21,1995,0.664401
1995-06-22,1995,0.584218
1995-06-23,1995,0.518011
1995-06-24,1995,0.461736
1995-06-25,1995,0.411767
1995-06-26,1995,0.364054
1995-06-27,1995,0.313736
1995-06-28,1995,0.263964
1995-06-29,1995,0.220701
1995-06-30,1995,0.192319
1995-07-01,1995,0.170527
1995-07-02,1995,0.148510
1995-07-03,1995,0.127167
1995-07-04,1995,0.131850
1995-07-05,1995,0.116896
1995-07-06,1995,0.093971
1995-07-07,1995,0.071819
1995-07-08,1995,0.049044
1995-07-09,1995,0.029574
1995-07-10,1995,0.015387
1995-07-11,1995,0.007251
1995-07-12,1995,0.003194
1995-07-13,1995,0.001375
1995-07-14,1995,0.000513
1995-07-15,1995,0.000209
1995-07-16,1995,0.000000
1995-07-17,1995,0.000000
1995-07-18,1995,0.000000
1995-07-19,1995,0.000000
1995-07-20,1995,0.000000
1995-07-21,1995,0.000000
1995-07-22,1995,0.000000
1995-07-23,1995,0.000000
1995-07-24,1995,0.000000
1995-07-25,1995,0.000000
1995-07-26,1995,0.000000
1995-07-27,1995,0.000000
1995-07-28,1995,0.000000
1995-07-29,1995,0.000000
1995-07-30,1995,0.000000
1995-07-31,1995,0.000000
1995-08-01,1995,0.000000
1995-08-02,1995,0.000000
1995-08-03,1995,0.000000
1995-08-04,1995,0.000000
1995-08-05,1995,0.000000
1995-08-06,1995,0.000000
1995-08-07,1995,0.000000
1995-08-08,1995,0.000000
1995-08-09,1995,0.000000
1995-08-10,1995,0.000000
1995-08-11,1995,0.000000
1995-08-12,1995,0.000000
1995-08-13,1995,0.000000
1995-08-14,1995,0.000000
1995-08-15,1995,0.000000
1995-08-16,1995,0.000000
1995-08-17,1995,0.000000
1995-08-18,1995,0.000000
1995-08-19,1995,0.000000
1995-08-20,1995,0.000000
1995-08-21,1995,0.000000
1995-08-22,1995,0.000000
1995-08-23,1995,0.000000
1995-08-24,1995,0.000000
1995-08-25,1995,0.000000
1995-08-26,1995,0.000000
1995-08-27,1995,0.000000
1995-08-28,1995,0.000000
1995-08-29,1995,0.000000
1995-08-30,1995,0.000000
1995-08-31,1995,0.000000
1995-09-01,1995,0.000000
1995-09-02,1995,0.000000
1995-09-03,1995,0.000000
1995-09-04,1995,0.000000
1995-09-05,1995,0.000000
1995-09-06,1995,0.000000
1995-09-07,1995,0.000000
1995-09-08,1995,0.000000
1995-09-09,1995,0.000000
1995-09-10,1995,0.000000
1995-09-11,1995,0.000000
1995-09-12,1995,0.000000
1995-09-13,1995,0.000000
1995-09-14,1995,0.000000
1995-09-15,1995,0.000047
1995-09-16,1995,0.000000
1995-09-17,1995,0.000000
1995-09-18,1995,0.000000
1995-09-19,1995,0.001853
1995-09-20,1995,0.001684
1995-09-21,1995,0.122132
1995-09-22,1995,0.148363
1995-09-23,1995,0.120501
1995-09-24,1995,0.099438
1995-09-25,1995,0.111794
1995-09-26,1995,0.077482
1995-09-27,1995,0.052474
1995-09-28,1995,0.024223
1995-09-29,1995,0.013854
1995-09-30,1995,0.083291
1995-10-01,1996,0.067769
1995-10-02,1996,0.050019
1995-10-03,1996,0.038236
1995-10-04,1996,0.054931
1995-10-05,1996,0.219074
1995-10-06,1996,0.218971
1995-10-07,1996,0.193493
1995-10-08,1996,0.148675
1995-10-09,1996,0.128571
1995-10-10,1996,0.099444
1995-10-11,1996,0.064436
1995-10-12,1996,0.033002
1995-10-13,1996,0.025126
1995-10-14,1996,0.025032
1995-10-15,1996,0.019749
1995-10-16,1996,0.012253
1995-10-17,1996,0.007893
1995-10-18,1996,0.005413
1995-10-19,1996,0.003680
1995-10-20,1996,0.003550
1995-10-21,1996,0.003215
1995-10-22,1996,0.033360
1995-10-23,1996,0.302485
1995-10-24,1996,0.270599
1995-10-25,1996,0.253556
1995-10-26,1996,0.233598
1995-10-27,1996,0.209622
1995-10-28,1996,0.188336
1995-10-29,1996,0.150683
1995-10-30,1996,0.108806
1995-10-31,1996,0.080176
1995-11-01,1996,0.151231
1995-11-02,1996,0.275424
1995-11-03,1996,0.269424
1995-11-04,1996,0.262139
1995-11-05,1996,0.266300
1995-11-06,1996,0.249566
1995-11-07,1996,0.242285
1995-11-08,1996,0.230807
1995-11-09,1996,0.202317
1995-11-10,1996,0.468434
1995-11-11,1996,0.604999
1995-11-12,1996,0.586525
1995-11-13,1996,0.626992
1995-11-14,1996,0.592257
1995-11-15,1996,0.521235
1995-11-16,1996,0.478870
1995-11-17,1996,0.443433
1995-11-18,1996,0.420339
1995-11-19,1996,0.392268
1995-11-20,1996,0.368314
1995-11-21,1996,0.351835
1995-11-22,1996,0.337646
1995-11-23,1996,0.337983
1995-11-24,1996,0.335349
1995-11-25,1996,0.323654
1995-11-26,1996,0.308887
1995-11-27,1996,0.507803
1995-11-28,1996,0.617234
1995-11-29,1996,0.670926
1995-11-30,1996,0.662272
1995-12-01,1996,0.632624
1995-12-02,1996,0.596145
1995-12-03,1996,0.580799
1995-12-04,1996,0.573308
1995-12-05,1996,0.610741
1995-12-06,1996,0.656927
1995-12-07,1996,0.672701
1995-12-08,1996,0.764814
1995-12-09,1996,0.767311
1995-12-10,1996,0.770902
1995-12-11,1996,0.761410
1995-12-12,1996,0.748783
1995-12-13,1996,0.762200
1995-12-14,1996,0.901010
1995-12-15,1996,0.935393
1995-12-16,1996,0.929481
1995-12-17,1996,0.943842
1995-12-18,1996,0.973471
1995-12-19,1996,0.970590
1995-12-20,1996,0.967630
1995-12-21,1996,0.967084
1995-12-22,1996,0.985107
1995-12-23,1996,0.996864
1995-12-24,1996,0.993654
1995-12-25,1996,0.988306
1995-12-26,1996,0.982963
1995-12-27,1996,0.977114
1995-12-28,1996,0.971018
1995-12-29,1996,0.969641
1995-12-30,1996,0.986596
1995-12-31,1996,1.174969
1996-01-01,1996,1.446637
1996-01-02,1996,1.538416
1996-01-03,1996,1.554759
1996-01-04,1996,1.646056
1996-01-05,1996,1.761253
1996-01-06,1996,1.801275
1996-01-07,1996,1.797638
1996-01-08,1996,1.786751
1996-01-09,1996,1.766401
1996-01-10,1996,1.742607
1996-01-11,1996,1.789714
1996-01-12,1996,1.775788
1996-01-13,1996,1.744515
1996-01-14,1996,1.715590
1996-01-15,1996,1.693958
1996-01-16,1996,1.674550
1996-01-17,1996,1.873312
1996-01-18,1996,2.144112
1996-01-19,1996,2.179538
1996-01-20,1996,2.288701
1996-01-21,1996,2.285338
1996-01-22,1996,2.282347
1996-01-23,1996,2.410123
1996-01-24,1996,2.417706
1996-01-25,1996,2.500680
1996-01-26,1996,2.710309
1996-01-27,1996,2.714366
1996-01-28,1996,2.777537
1996-01-29,1996,2.863489
1996-01-30,1996,2.906716
1996-01-31,1996,3.187605
1996-02-01,1996,3.515018
1996-02-02,1996,3.604361
1996-02-03,1996,3.648505
1996-02-04,1996,3.633843
1996-02-05,1996,3.671272
1996-02-06,1996,3.670224
1996-02-07,1996,3.643295
1996-02-08,1996,3.610486
1996-02-09,1996,3.562172
1996-02-10,1996,3.505364
1996-02-11,1996,3.460317
1996-02-12,1996,3.430540
1996-02-13,1996,3.395411
1996-02-14,1996,3.356548
1996-02-15,1996,3.306925
1996-02-16,1996,3.273641
1996-02-17,1996,3.237756
1996-02-18,1996,3.234368
1996-02-19,1996,3.279639
1996-02-20,1996,3.349531
1996-02-21,1996,3.747994
1996-02-22,1996,3.928260
1996-02-23,1996,4.095342
1996-02-24,1996,4.078475
1996-02-25,1996,4.059771
1996-02-26,1996,4.091850
1996-02-27,1996,4.270428
1996-02-28,1996,4.286740
1996-02-29,1996,4.323943
1996-03-01,1996,4.324132
1996-03-02,1996,4.323351
1996-03-03,1996,4.309721
1996-03-04,1996,4.282917
1996-03-05,1996,4.327819
1996-03-06,1996,4.603588
1996-03-07,1996,4.698126
1996-03-08,1996,4.681785
1996-03-09,1996,4.656401
1996-03-10,1996,4.601068
1996-03-11,1996,4.509320
1996-03-12,1996,4.437710
1996-03-13,1996,4.419131
1996-03-14,1996,4.537945
1996-03-15,1996,4.632412
1996-03-16,1996,4.596570
1996-03-17,1996,4.590382
1996-03-18,1996,4.726965
1996-03-19,1996,4.733654
1996-03-20,1996,4.713289
1996-03-21,1996,4.666946
1996-03-22,1996,4.599099
1996-03-23,1996,4.522776
1996-03-24,1996,4.702521
1996-03-25,1996,4.768286
1996-03-26,1996,4.780519
1996-03-27,1996,4.751895
1996-03-28,1996,4.703980
1996-03-29,1996,4.650528
1996-03-30,1996,4.685354
1996-03-31,1996,4.650583
1996-04-01,1996,4.603856
1996-04-02,1996,4.523706
1996-04-03,1996,4.468880
1996-04-04,1996,4.529977
1996-04-05,1996,4.732378
1996-04-06,1996,4.705740
1996-04-07,1996,4.640064
1996-04-08,1996,4.521730
1996-04-09,1996,4.332510
1996-04-10,1996,4.115024
1996-04-11,1996,3.981393
1996-04-12,1996,4.055698
1996-04-13,1996,4.110194
1996-04-14,1996,4.460627
1996-04-15,1996,4.444313
1996-04-16,1996,4.374805
1996-04-17,1996,4.260987
1996-04-18,1996,4.282269
1996-04-19,1996,4.386834
1996-04-20,1996,4.392212
1996-04-21,1996,4.425846
1996-04-22,1996,4.426650
1996-04-23,1996,4.401138
1996-04-24,1996,4.319921
1996-04-25,1996,4.152191
1996-04-26,1996,4.080022
1996-04-27,1996,3.999176
1996-04-28,1996,3.972321
1996-04-29,1996,4.071126
1996-04-30,1996,4.041162
1996-05-01,1996,3.988531
1996-05-02,1996,3.928151
1996-05-03,1996,3.823747
1996-05-04,1996,3.703343
1996-05-05,1996,3.569019
1996-05-06,1996,3.406755
1996-05-07,1996,3.241545
1996-05-08,1996,3.060937
1996-05-09,1996,2.881529
1996-05-10,1996,2.740114
1996-05-11,1996,2.615258
1996-05-12,1996,2.446180
1996-05-13,1996,2.240587
1996-05-14,1996,2.024406
1996-05-15,1996,1.838158
1996-05-16,1996,1.653284
1996-05-17,1996,1.460759
1996-05-18,1996,1.331365
1996-05-19,1996,1.182650
1996-05-20,1996,1.060200
1996-05-21,1996,0.998699
1996-05-22,1996,0.914847
1996-05-23,1996,0.819244
1996-05-24,1996,0.763474
1996-05-25,1996,0.715420
1996-05-26,1996,0.760457
1996-05-27,1996,0.836101
1996-05-28,1996,0.754805
1996-05-29,1996,0.699838
1996-05-30,1996,0.621805
1996-05-31,1996,0.565629
1996-06-01,1996,0.526516
1996-06-02,1996,0.490686
1996-06-03,1996,0.445538
1996-06-04,1996,0.385383
1996-06-05,1996,0.321147
1996-06-06,1996,0.266056
1996-06-07,1996,0.234933
1996-06-08,1996,0.205409
1996-06-09,1996,0.175903
1996-06-10,1996,0.148054
1996-06-11,1996,0.124593
1996-06-12,1996,0.103857
1996-06-13,1996,0.086003
1996-06-14,1996,0.070683
1996-06-15,1996,0.057203
1996-06-16,1996,0.049044
1996-06-17,1996,0.037517
1996-06-18,1996,0.026389
1996-06-19,1996,0.018053
1996-06-20,1996,0.010997
1996-06-21,1996,0.005776
1996-06-22,1996,0.003551
1996-06-23,1996,0.002254
1996-06-24,1996,0.001137
1996-06-25,1996,0.000556
1996-06-26,1996,0.000232
1996-06-27,1996,0.000000
1996-06-28,1996,0.000000
1996-06-29,1996,0.000000
1996-06-30,1996,0.000000
1996-07-01,1996,0.000000
1996-07-02,1996,0.000000
1996-07-03,1996,0.000000
1996-07-04,1996,0.000000
1996-07-05,1996,0.000000
1996-07-06,1996,0.000000
1996-07-07,1996,0.000000
1996-07-08,1996,0.000000
1996-07-09,1996,0.000000
1996-07-10,1996,0.000000
1996-07-11,1996,0.000000
1996-07-12,1996,0.000000
1996-07-13,1996,0.000000
1996-07-14,1996,0.000000
1996-07-15,1996,0.000000
1996-07-16,1996,0.000000
1996-07-17,1996,0.000000
1996-07-18,1996,0.000000
1996-07-19,1996,0.000000
1996-07-20,1996,0.000000
1996-07-21,1996,0.000000
1996-07-22,1996,0.000000
1996-07-23,1996,0.000000
1996-07-24,1996,0.000000
1996-07-25,1996,0.000000
1996-07-26,1996,0.000000
1996-07-27,1996,0.000000
1996-07-28,1996,0.000000
1996-07-29,1996,0.000000
1996-07-30,1996,0.000000
1996-07-31,1996,0.000000
1996-08-01,1996,0.000000
1996-08-02,1996,0.000000
1996-08-03,1996,0.000000
1996-08-04,1996,0.000000
1996-08-05,1996,0.000000
1996-08-06,1996,0.000000
1996-08-07,1996,0.000000
1996-08-08,1996,0.000000
1996-08-09,1996,0.000000
1996-08-10,1996,0.000000
1996-08-11,1996,0.000000
1996-08-12,1996,0.000000
1996-08-13,1996,0.000000
1996-08-14,1996,0.000000
1996-08-15,1996,0.000000
1996-08-16,1996,0.000000
1996-08-17,1996,0.000000
1996-08-18,1996,0.000000
1996-08-19,1996,0.000000
1996-08-20,1996,0.000000
1996-08-21,1996,0.000000
1996-08-22,1996,0.000000
1996-08-23,1996,0.000000
1996-08-24,1996,0.000000
1996-08-25,1996,0.000000
1996-08-26,1996,0.000000
1996-08-27,1996,0.000000
1996-08-28,1996,0.000000
1996-08-29,1996,0.000000
1996-08-30,1996,0.000000
1996-08-31,1996,0.000000
1996-09-01,1996,0.000000
1996-09-02,1996,0.000000
1996-09-03,1996,0.000000
1996-09-04,1996,0.000000
1996-09-05,1996,0.000000
1996-09-06,1996,0.000000
1996-09-07,1996,0.000000
1996-09-08,1996,0.000000
1996-09-09,1996,0.000000
1996-09-10,1996,0.000000
1996-09-11,1996,0.000000
1996-09-12,1996,0.000233
1996-09-13,1996,0.000325
1996-09-14,1996,0.000588
1996-09-15,1996,0.009543
1996-09-16,1996,0.005105
1996-09-17,1996,0.020585
1996-09-18,1996,0.058787
1996-09-19,1996,0.158360
1996-09-20,1996,0.161313
1996-09-21,1996,0.126506
1996-09-22,1996,0.060229
1996-09-23,1996,0.025181
1996-09-24,1996,0.013970
1996-09-25,1996,0.005922
1996-09-26,1996,0.087097
1996-09-27,1996,0.253430
1996-09-28,1996,0.244235
1996-09-29,1996,0.150681
1996-09-30,1996,0.071288
1996-10-01,1997,0.032410
1996-10-02,1997,0.014433
1996-10-03,1997,0.011971
1996-10-04,1997,0.034570
1996-10-05,1997,0.024294
1996-10-06,1997,0.015212
1996-10-07,1997,0.008934
1996-10-08,1997,0.004978
1996-10-09,1997,0.002560
1996-10-10,1997,0.001091
1996-10-11,1997,0.000546
1996-10-12,1997,0.000285
1996-10-13,1997,0.000119
1996-10-14,1997,0.000047
1996-10-15,1997,0.000071
1996-10-16,1997,0.000024
1996-10-17,1997,0.087426
1996-10-18,1997,0.086287
1996-10-19,1997,0.072597
1996-10-20,1997,0.225953
1996-10-21,1997,0.299621
1996-10-22,1997,0.354101
1996-10-23,1997,0.342245
1996-10-24,1997,0.320513
1996-10-25,1997,0.354691
1996-10-26,1997,0.679459
1996-10-27,1997,0.862483
1996-10-28,1997,0.967892
1996-10-29,1997,1.175590
1996-10-30,1997,1.211410
1996-10-31,1997,1.181037
1996-11-01,1997,1.190998
1996-11-02,1997,1.174011
1996-11-03,1997,1.130124
1996-11-04,1997,1.211523
1996-11-05,1997,1.150471
1996-11-06,1997,1.259556
1996-11-07,1997,1.276864
1996-11-08,1997,1.271812
1996-11-09,1997,1.250679
1996-11-10,1997,1.205003
1996-11-11,1997,1.153634
1996-11-12,1997,1.105119
1996-11-13,1997,1.048237
1996-11-14,1997,0.980497
1996-11-15,1997,1.056878
1996-11-16,1997,1.592228
1996-11-17,1997,1.687078
1996-11-18,1997,1.814910
1996-11-19,1997,1.803199
1996-11-20,1997,1.715800
1996-11-21,1997,1.643768
1996-11-22,1997,1.614488
1996-11-23,1997,1.675246
1996-11-24,1997,1.745029
1996-11-25,1997,1.741837
1996-11-26,1997,1.741519
1996-11-27,1997,1.914129
1996-11-28,1997,1.911082
1996-11-29,1997,1.919325
1996-11-30,1997,2.171659
1996-12-01,1997,2.190588
1996-12-02,1997,2.293580
1996-12-03,1997,2.309735
1996-12-04,1997,2.309929
1996-12-05,1997,2.314111
1996-12-06,1997,2.550595
1996-12-07,1997,2.756093
1996-12-08,1997,2.750930
1996-12-09,1997,2.733362
1996-12-10,1997,2.717216
1996-12-11,1997,2.863257
1996-12-12,1997,2.977261
1996-12-13,1997,2.972630
1996-12-14,1997,3.000528
1996-12-15,1997,3.031216
1996-12-16,1997,3.057222
1996-12-17,1997,3.241159
1996-12-18,1997,3.239963
1996-12-19,1997,3.244133
1996-12-20,1997,3.271981
1996-12-21,1997,3.315447
1996-12-22,1997,3.377071
1996-12-23,1997,3.580657
1996-12-24,1997,3.627850
1996-12-25,1997,3.625786
1996-12-26,1997,3.654466
1996-12-27,1997,3.705742
1996-12-28,1997,3.806891
1996-12-29,1997,3.814979
1996-12-30,1997,3.803222
1996-12-31,1997,3.789844
1997-01-01,1997,3.759365
1997-01-02,1997,3.723661
1997-01-03,1997,3.676286
1997-01-04,1997,3.921845
1997-01-05,1997,3.920929
1997-01-06,1997,4.047079
1997-01-07,1997,4.076778
1997-01-08,1997,4.114507
1997-01-09,1997,4.131627
1997-01-10,1997,4.220646
1997-01-11,1997,4.396313
1997-01-12,1997,4.646712
1997-01-13,1997,4.864478
1997-01-14,1997,4.984969
1997-01-15,1997,5.088152
1997-01-16,1997,5.083295
1997-01-17,1997,5.082654
1997-01-18,1997,5.078251
1997-01-19,1997,5.065686
1997-01-20,1997,5.055373
1997-01-21,1997,5.074162
1997-01-22,1997,5.148334
1997-01-23,1997,5.168598
1997-01-24,1997,5.341811
1997-01-25,1997,5.340342
1997-01-26,1997,5.572563
1997-01-27,1997,5.707192
1997-01-28,1997,5.748631
1997-01-29,1997,5.776026
1997-01-30,1997,5.789816
1997-01-31,1997,5.772050
1997-02-01,1997,5.739688
1997-02-02,1997,5.719570
1997-02-03,1997,5.839499
1997-02-04,1997,5.843768
1997-02-05,1997,5.872129
1997-02-06,1997,5.970769
1997-02-07,1997,6.092056
1997-02-08,1997,6.089964
1997-02-09,1997,6.081296
1997-02-10,1997,6.072652
1997-02-11,1997,6.065162
1997-02-12,1997,6.071512
1997-02-13,1997,6.162469
1997-02-14,1997,6.190490
1997-02-15,1997,6.200278
1997-02-16,1997,6.197043
1997-02-17,1997,6.171282
1997-02-18,1997,6.154207
1997-02-19,1997,6.179022
1997-02-20,1997,6.160084
1997-02-21,1997,6.400947
1997-02-22,1997,6.405183
1997-02-23,1997,6.430766
1997-02-24,1997,6.576270
1997-02-25,1997,6.636596
1997-02-26,1997,6.660609
1997-02-27,1997,6.678567
1997-02-28,1997,6.820003
1997-03-01,1997,6.983301
1997-03-02,1997,6.974636
1997-03-03,1997,6.971733
1997-03-04,1997,7.040329
1997-03-05,1997,7.088115
1997-03-06,1997,7.073774
1997-03-07,1997,7.048248
1997-03-08,1997,7.019010
1997-03-09,1997,6.999510
1997-03-10,1997,6.965846
1997-03-11,1997,6.920219
1997-03-12,1997,6.853140
1997-03-13,1997,6.764420
1997-03-14,1997,6.735123
1997-03-15,1997,6.754226
1997-03-16,1997,6.685786
1997-03-17,1997,6.554156
1997-03-18,1997,6.454911
1997-03-19,1997,6.362109
1997-03-20,1997,6.204186
1997-03-21,1997,5.993027
1997-03-22,1997,5.791656
1997-03-23,1997,5.616483
1997-03-24,1997,5.444115
1997-03-25,1997,5.631759
1997-03-26,1997,5.595707
1997-03-27,1997,5.510886
1997-03-28,1997,5.454570
1997-03-29,1997,5.480034
1997-03-30,1997,5.473590
1997-03-31,1997,5.412939
1997-04-01,1997,5.447907
1997-04-02,1997,5.664836
1997-04-03,1997,5.737863
1997-04-04,1997,5.733270
1997-04-05,1997,6.050695
1997-04-06,1997,6.131269
1997-04-07,1997,6.115695
1997-04-08,1997,6.089417
1997-04-09,1997,6.174281
1997-04-10,1997,6.272461
1997-04-11,1997,6.432613
1997-04-12,1997,6.461561
1997-04-13,1997,6.476042
1997-04-14,1997,6.455520
1997-04-15,1997,6.404107
1997-04-16,1997,6.313319
1997-04-17,1997,6.211784
1997-04-18,1997,6.098242
1997-04-19,1997,5.969224
1997-04-20,1997,5.820976
1997-04-21,1997,5.673531
1997-04-22,1997,5.603184
1997-04-23,1997,5.615660
1997-04-24,1997,5.807013
1997-04-25,1997,6.104707
1997-04-26,1997,6.091573
1997-04-27,1997,6.053893
1997-04-28,1997,5.956304
1997-04-29,1997,5.792959
1997-04-30,1997,5.768340
1997-05-01,1997,5.773570
1997-05-02,1997,5.902141
1997-05-03,1997,5.897736
1997-05-04,1997,5.830321
1997-05-05,1997,5.682923
1997-05-06,1997,5.472738
1997-05-07,1997,5.180521
1997-05-08,1997,4.935337
1997-05-09,1997,4.782444
1997-05-10,1997,4.609758
1997-05-11,1997,4.408237
1997-05-12,1997,4.247705
1997-05-13,1997,4.080010
1997-05-14,1997,3.863006
1997-05-15,1997,3.628303
1997-05-16,1997,3.359577
1997-05-17,1997,3.080578
1997-05-18,1997,2.805244
1997-05-19,1997,2.597367
1997-05-20,1997,2.409186
1997-05-21,1997,2.232251
1997-05-22,1997,2.092613
1997-05-23,1997,1.996170
1997-05-24,1997,1.827519
1997-05-25,1997,1.731111
1997-05-26,1997,1.791437
1997-05-27,1997,1.790210
1997-05-28,1997,1.717781
1997-05-29,1997,1.629120
1997-05-30,1997,1.497717
1997-05-31,1997,1.305123
1997-06-01,1997,1.092542
1997-06-02,1997,0.893399
1997-06-03,1997,0.750444
1997-06-04,1997,0.625930
1997-06-05,1997,0.508646
1997-06-06,1997,0.427539
1997-06-07,1997,0.359369
1997-06-08,1997,0.301524
1997-06-09,1997,0.275279
1997-06-10,1997,0.238599
1997-06-11,1997,0.199497
1997-06-12,1997,0.168492
1997-06-13,1997,0.147040
1997-06-14,1997,0.128771
1997-06-15,1997,0.109341
1997-06-16,1997,0.097276
1997-06-17,1997,0.083405
1997-06-18,1997,0.063892
1997-06-19,1997,0.041899
1997-06-20,1997,0.023825
1997-06-21,1997,0.012927
1997-06-22,1997,0.006743
1997-06-23,1997,0.003267
1997-06-24,1997,0.001587
1997-06-25,1997,0.000933
1997-06-26,1997,0.000209
1997-06-27,1997,0.000000
1997-06-28,1997,0.000000
1997-06-29,1997,0.000000
1997-06-30,1997,0.000000
1997-07-01,1997,0.000000
1997-07-02,1997,0.000000
1997-07-03,1997,0.000000
1997-07-04,1997,0.000000
1997-07-05,1997,0.000000
1997-07-06,1997,0.000000
1997-07-07,1997,0.000000
1997-07-08,1997,0.000000
1997-07-09,1997,0.000000
1997-07-10,1997,0.000000
1997-07-11,1997,0.000000
1997-07-12,1997,0.000000
1997-07-13,1997,0.000000
1997-07-14,1997,0.000000
1997-07-15,1997,0.000000
1997-07-16,1997,0.000000
1997-07-17,1997,0.000000
1997-07-18,1997,0.000000
1997-07-19,1997,0.000000
1997-07-20,1997,0.000000
1997-07-21,1997,0.000000
1997-07-22,1997,0.000000
1997-07-23,1997,0.000000
1997-07-24,1997,0.000000
1997-07-25,1997,0.000000
1997-07-26,1997,0.000000
1997-07-27,1997,0.000000
1997-07-28,1997,0.000000
1997-07-29,1997,0.000000
1997-07-30,1997,0.000000
1997-07-31,1997,0.000000
1997-08-01,1997,0.000000
1997-08-02,1997,0.000000
1997-08-03,1997,0.000000
1997-08-04,1997,0.000000
1997-08-05,1997,0.000000
1997-08-06,1997,0.000000
1997-08-07,1997,0.000000
1997-08-08,1997,0.000000
1997-08-09,1997,0.000000
1997-08-10,1997,0.000000
1997-08-11,1997,0.000000
1997-08-12,1997,0.000000
1997-08-13,1997,0.000000
1997-08-14,1997,0.000000
1997-08-15,1997,0.000000
1997-08-16,1997,0.000000
1997-08-17,1997,0.000000
1997-08-18,1997,0.000000
1997-08-19,1997,0.000000
1997-08-20,1997,0.000000
1997-08-21,1997,0.000000
1997-08-22,1997,0.000000
1997-08-23,1997,0.000000
1997-08-24,1997,0.000000
1997-08-25,1997,0.000000
1997-08-26,1997,0.000000
1997-08-27,1997,0.000000
1997-08-28,1997,0.000000
1997-08-29,1997,0.000000
1997-08-30,1997,0.000000
1997-08-31,1997,0.000000
1997-09-01,1997,0.000000
1997-09-02,1997,0.000000
1997-09-03,1997,0.000000
1997-09-04,1997,0.000000
1997-09-05,1997,0.000000
1997-09-06,1997,0.000000
1997-09-07,1997,0.000000
1997-09-08,1997,0.000000
1997-09-09,1997,0.000000
1997-09-10,1997,0.000000
1997-09-11,1997,0.000000
1997-09-12,1997,0.000000
1997-09-13,1997,0.000000
1997-09-14,1997,0.000000
1997-09-15,1997,0.000000
1997-09-16,1997,0.000000
1997-09-17,1997,0.000000
1997-09-18,1997,0.000000
1997-09-19,1997,0.000000
1997-09-20,1997,0.000579
1997-09-21,1997,0.000186
1997-09-22,1997,0.004079
1997-09-23,1997,0.006592
1997-09-24,1997,0.005544
1997-09-25,1997,0.002565
1997-09-26,1997,0.000670
1997-09-27,1997,0.000069
1997-09-28,1997,0.000000
1997-09-29,1997,0.000000
1997-09-30,1997,0.000000
1997-10-01,1998,0.000000
1997-10-02,1998,0.000000
1997-10-03,1998,0.000447
1997-10-04,1998,0.000142
1997-10-05,1998,0.000000
1997-10-06,1998,0.000000
1997-10-07,1998,0.000000
1997-10-08,1998,0.066205
1997-10-09,1998,0.105847
1997-10-10,1998,0.075449
1997-10-11,1998,0.057575
1997-10-12,1998,0.209736
1997-10-13,1998,0.315693
1997-10-14,1998,0.299409
1997-10-15,1998,0.234790
1997-10-16,1998,0.173153
1997-10-17,1998,0.122106
1997-10-18,1998,0.080035
1997-10-19,1998,0.055510
1997-10-20,1998,0.040975
1997-10-21,1998,0.048815
1997-10-22,1998,0.041523
1997-10-23,1998,0.035279
1997-10-24,1998,0.165569
1997-10-25,1998,0.688085
1997-10-26,1998,0.860492
1997-10-27,1998,0.845223
1997-10-28,1998,0.806699
1997-10-29,1998,0.771131
1997-10-30,1998,0.730781
1997-10-31,1998,0.657009
1997-11-01,1998,0.619504
1997-11-02,1998,0.608593
1997-11-03,1998,0.590374
1997-11-04,1998,0.548844
1997-11-05,1998,0.499138
1997-11-06,1998,0.452484
1997-11-07,1998,0.394033
1997-11-08,1998,0.344129
1997-11-09,1998,0.379426
1997-11-10,1998,0.549290
1997-11-11,1998,0.623825
1997-11-12,1998,0.887652
1997-11-13,1998,0.899472
1997-11-14,1998,0.959699
1997-11-15,1998,1.015949
1997-11-16,1998,1.010871
1997-11-17,1998,1.004908
1997-11-18,1998,1.001741
1997-11-19,1998,0.997176
1997-11-20,1998,1.049793
1997-11-21,1998,1.125132
1997-11-22,1998,1.193509
1997-11-23,1998,1.186440
1997-11-24,1998,1.171161
1997-11-25,1998,1.146323
1997-11-26,1998,1.105130
1997-11-27,1998,1.207169
1997-11-28,1998,1.397450
1997-11-29,1998,1.493338
1997-11-30,1998,1.484999
1997-12-01,1998,1.478484
1997-12-02,1998,1.556694
1997-12-03,1998,1.719989
1997-12-04,1998,1.735994
1997-12-05,1998,1.730205
1997-12-06,1998,1.723734
1997-12-07,1998,1.730733
1997-12-08,1998,1.805085
1997-12-09,1998,1.992091
1997-12-10,1998,2.123984
1997-12-11,1998,2.195433
1997-12-12,1998,2.187863
1997-12-13,1998,2.179321
1997-12-14,1998,2.172902
1997-12-15,1998,2.165940
1997-12-16,1998,2.162703
1997-12-17,1998,2.156626
1997-12-18,1998,2.148553
1997-12-19,1998,2.139363
1997-12-20,1998,2.141393
1997-12-21,1998,2.138962
1997-12-22,1998,2.140317
1997-12-23,1998,2.166645
1997-12-24,1998,2.169758
1997-12-25,1998,2.256192
1997-12-26,1998,2.266198
1997-12-27,1998,2.259336
1997-12-28,1998,2.302999
1997-12-29,1998,2.310707
1997-12-30,1998,2.312452
1997-12-31,1998,2.306721
1998-01-01,1998,2.296778
1998-01-02,1998,2.280111
1998-01-03,1998,2.341556
1998-01-04,1998,2.369786
1998-01-05,1998,2.415965
1998-01-06,1998,2.563678
1998-01-07,1998,2.573325
1998-01-08,1998,2.569176
1998-01-09,1998,2.564818
1998-01-10,1998,2.562170
1998-01-11,1998,2.619999
1998-01-12,1998,2.675316
1998-01-13,1998,2.694688
1998-01-14,1998,2.818428
1998-01-15,1998,2.817268
1998-01-16,1998,2.911741
1998-01-17,1998,2.944072
1998-01-18,1998,3.090840
1998-01-19,1998,3.076811
1998-01-20,1998,3.207922
1998-01-21,1998,3.222493
1998-01-22,1998,3.220405
1998-01-23,1998,3.245115
1998-01-24,1998,3.240178
1998-01-25,1998,3.241855
1998-01-26,1998,3.256013
1998-01-27,1998,3.240726
1998-01-28,1998,3.216362
1998-01-29,1998,3.196688
1998-01-30,1998,3.177257
1998-01-31,1998,3.205737
1998-02-01,1998,3.265352
1998-02-02,1998,3.257751
1998-02-03,1998,3.279426
1998-02-04,1998,3.252487
1998-02-05,1998,3.321361
1998-02-06,1998,3.373311
1998-02-07,1998,3.368140
1998-02-08,1998,3.450482
1998-02-09,1998,3.603661
1998-02-10,1998,3.613209
1998-02-11,1998,3.609034
1998-02-12,1998,3.649301
1998-02-13,1998,3.641937
1998-02-14,1998,3.653254
1998-02-15,1998,3.705444
1998-02-16,1998,3.852742
1998-02-17,1998,3.925059
1998-02-18,1998,3.922998
1998-02-19,1998,3.963829
1998-02-20,1998,3.957086
1998-02-21,1998,3.950131
1998-02-22,1998,3.934044
1998-02-23,1998,4.033165
1998-02-24,1998,4.070325
1998-02-25,1998,4.264720
1998-02-26,1998,4.377604
1998-02-27,1998,4.402264
1998-02-28,1998,4.415039
1998-03-01,1998,4.409490
1998-03-02,1998,4.404487
1998-03-03,1998,4.398392
1998-03-04,1998,4.453439
1998-03-05,1998,4.510783
1998-03-06,1998,4.571139
1998-03-07,1998,4.842054
1998-03-08,1998,4.957529
1998-03-09,1998,4.951303
1998-03-10,1998,4.947833
1998-03-11,1998,4.939297
1998-03-12,1998,4.923433
1998-03-13,1998,4.892058
1998-03-14,1998,4.851100
1998-03-15,1998,4.813234
1998-03-16,1998,4.779063
1998-03-17,1998,4.743386
1998-03-18,1998,4.936951
1998-03-19,1998,5.258699
1998-03-20,1998,5.237270
1998-03-21,1998,5.214559
1998-03-22,1998,5.177503
1998-03-23,1998,5.087386
1998-03-24,1998,4.881141
1998-03-25,1998,4.627208
1998-03-26,1998,4.402514
1998-03-27,1998,4.480309
1998-03-28,1998,4.532569
1998-03-29,1998,4.779121
1998-03-30,1998,4.851510
1998-03-31,1998,4.954899
1998-04-01,1998,4.948924
1998-04-02,1998,4.972860
1998-04-03,1998,5.277496
1998-04-04,1998,5.206060
1998-04-05,1998,5.129063
1998-04-06,1998,5.078174
1998-04-07,1998,5.180291
1998-04-08,1998,5.306296
1998-04-09,1998,5.331596
1998-04-10,1998,5.297488
1998-04-11,1998,5.203571
1998-04-12,1998,5.037310
1998-04-13,1998,5.129981
1998-04-14,1998,5.166975
1998-04-15,1998,5.251971
1998-04-16,1998,5.440693
1998-04-17,1998,5.596905
1998-04-18,1998,5.694840
1998-04-19,1998,5.725993
1998-04-20,1998,5.704788
1998-04-21,1998,5.672254
1998-04-22,1998,5.577426
1998-04-23,1998,5.440925
1998-04-24,1998,5.216944
1998-04-25,1998,5.093775
1998-04-26,1998,5.177442
1998-04-27,1998,5.286766
1998-04-28,1998,5.215032
1998-04-29,1998,5.122469
1998-04-30,1998,4.998662
1998-05-01,1998,4.825605
1998-05-02,1998,4.643894
1998-05-03,1998,4.405019
1998-05-04,1998,4.161511
1998-05-05,1998,3.982008
1998-05-06,1998,3.850834
1998-05-07,1998,3.820736
1998-05-08,1998,3.724419
1998-05-09,1998,3.679731
1998-05-10,1998,3.546061
1998-05-11,1998,3.378042
1998-05-12,1998,3.308783
1998-05-13,1998,3.190022
1998-05-14,1998,3.036649
1998-05-15,1998,3.022629
1998-05-16,1998,2.970289
1998-05-17,1998,2.854654
1998-05-18,1998,2.713170
1998-05-19,1998,2.533987
1998-05-20,1998,2.347336
1998-05-21,1998,2.154239
1998-05-22,1998,1.985556
1998-05-23,1998,1.938382
1998-05-24,1998,1.882716
1998-05-25,1998,1.796208
1998-05-26,1998,1.679354
1998-05-27,1998,1.544313
1998-05-28,1998,1.424210
1998-05-29,1998,1.283011
1998-05-30,1998,1.149753
1998-05-31,1998,1.052283
1998-06-01,1998,0.947157
1998-06-02,1998,0.834647
1998-06-03,1998,0.732952
1998-06-04,1998,0.656016
1998-06-05,1998,0.700570
1998-06-06,1998,0.690650
1998-06-07,1998,0.632567
1998-06-08,1998,0.562674
1998-06-09,1998,0.532225
1998-06-10,1998,0.497195
1998-06-11,1998,0.473810
1998-06-12,1998,0.448049
1998-06-13,1998,0.407518
1998-06-14,1998,0.393411
1998-06-15,1998,0.382302
1998-06-16,1998,0.360635
1998-06-17,1998,0.334440
1998-06-18,1998,0.381621
1998-06-19,1998,0.328897
1998-06-20,1998,0.276501
1998-06-21,1998,0.243268
1998-06-22,1998,0.209451
1998-06-23,1998,0.179214
1998-06-24,1998,0.158741
1998-06-25,1998,0.141655
1998-06-26,1998,0.118456
1998-06-27,1998,0.095336
1998-06-28,1998,0.072141
1998-06-29,1998,0.049162
1998-06-30,1998,0.028738
1998-07-01,1998,0.013971
1998-07-02,1998,0.006483
1998-07-03,1998,0.002962
1998-07-04,1998,0.001143
1998-07-05,1998,0.000535
1998-07-06,1998,0.000163
1998-07-07,1998,0.000000
1998-07-08,1998,0.000000
1998-07-09,1998,0.000000
1998-07-10,1998,0.000000
1998-07-11,1998,0.000000
1998-07-12,1998,0.000000
1998-07-13,1998,0.000000
1998-07-14,1998,0.000000
1998-07-15,1998,0.000000
1998-07-16,1998,0.000000
1998-07-17,1998,0.000000
1998-07-18,1998,0.000000
1998-07-19,1998,0.000000
1998-07-20,1998,0.000000
1998-07-21,1998,0.000000
1998-07-22,1998,0.000000
1998-07-23,1998,0.000000
1998-07-24,1998,0.000000
1998-07-25,1998,0.000000
1998-07-26,1998,0.000000
1998-07-27,1998,0.000000
1998-07-28,1998,0.000000
1998-07-29,1998,0.000000
1998-07-30,1998,0.000000
1998-07-31,1998,0.000000
1998-08-01,1998,0.000000
1998-08-02,1998,0.000000
1998-08-03,1998,0.000000
1998-08-04,1998,0.000000
1998-08-05,1998,0.000000
1998-08-06,1998,0.000000
1998-08-07,1998,0.000000
1998-08-08,1998,0.000000
1998-08-09,1998,0.000000
1998-08-10,1998,0.000000
1998-08-11,1998,0.000000
1998-08-12,1998,0.000000
1998-08-13,1998,0.000000
1998-08-14,1998,0.000000
1998-08-15,1998,0.000000
1998-08-16,1998,0.000000
1998-08-17,1998,0.000000
1998-08-18,1998,0.000000
1998-08-19,1998,0.000000
1998-08-20,1998,0.000000
1998-08-21,1998,0.000000
1998-08-22,1998,0.000000
1998-08-23,1998,0.000000
1998-08-24,1998,0.000000
1998-08-25,1998,0.000000
1998-08-26,1998,0.000000
1998-08-27,1998,0.000000
1998-08-28,1998,0.000000
1998-08-29,1998,0.000000
1998-08-30,1998,0.000000
1998-08-31,1998,0.000000
1998-09-01,1998,0.000303
1998-09-02,1998,0.000186
1998-09-03,1998,0.000000
1998-09-04,1998,0.000000
1998-09-05,1998,0.000000
1998-09-06,1998,0.000000
1998-09-07,1998,0.000000
1998-09-08,1998,0.000000
1998-09-09,1998,0.000000
1998-09-10,1998,0.000000
1998-09-11,1998,0.000000
1998-09-12,1998,0.000000
1998-09-13,1998,0.000000
1998-09-14,1998,0.000000
1998-09-15,1998,0.000000
1998-09-16,1998,0.000000
1998-09-17,1998,0.000000
1998-09-18,1998,0.000000
1998-09-19,1998,0.000000
1998-09-20,1998,0.000000
1998-09-21,1998,0.000000
1998-09-22,1998,0.000000
1998-09-23,1998,0.000000
1998-09-24,1998,0.000000
1998-09-25,1998,0.000000
1998-09-26,1998,0.000000
1998-09-27,1998,0.000000
1998-09-28,1998,0.000000
1998-09-29,1998,0.000000
1998-09-30,1998,0.000000
1998-10-01,1999,0.002662
1998-10-02,1999,0.046599
1998-10-03,1999,0.028557
1998-10-04,1999,0.166692
1998-10-05,1999,0.311135
1998-10-06,1999,0.316633
1998-10-07,1999,0.275775
1998-10-08,1999,0.179419
1998-10-09,1999,0.104632
1998-10-10,1999,0.061879
1998-10-11,1999,0.039577
1998-10-12,1999,0.028113
1998-10-13,1999,0.017905
1998-10-14,1999,0.011281
1998-10-15,1999,0.006507
1998-10-16,1999,0.008173
1998-10-17,1999,0.209151
1998-10-18,1999,0.224170
1998-10-19,1999,0.191069
1998-10-20,1999,0.144957
1998-10-21,1999,0.122616
1998-10-22,1999,0.093422
1998-10-23,1999,0.069981
1998-10-24,1999,0.058236
1998-10-25,1999,0.047296
1998-10-26,1999,0.130332
1998-10-27,1999,0.170558
1998-10-28,1999,0.304389
1998-10-29,1999,0.334867
1998-10-30,1999,0.330593
1998-10-31,1999,0.360389
1998-11-01,1999,0.429118
1998-11-02,1999,0.420834
1998-11-03,1999,0.524648
1998-11-04,1999,0.549610
1998-11-05,1999,0.545133
1998-11-06,1999,0.585266
1998-11-07,1999,0.676956
1998-11-08,1999,0.691790
1998-11-09,1999,1.233615
1998-11-10,1999,1.431121
1998-11-11,1999,1.431713
1998-11-12,1999,1.480653
1998-11-13,1999,1.466082
1998-11-14,1999,1.442581
1998-11-15,1999,1.383602
1998-11-16,1999,1.297259
1998-11-17,1999,1.241360
1998-11-18,1999,1.214627
1998-11-19,1999,1.216043
1998-11-20,1999,1.215702
1998-11-21,1999,1.205759
1998-11-22,1999,1.179128
1998-11-23,1999,1.124105
1998-11-24,1999,1.072413
1998-11-25,1999,1.044002
1998-11-26,1999,1.016710
1998-11-27,1999,0.951901
1998-11-28,1999,0.890437
1998-11-29,1999,0.943732
1998-11-30,1999,0.967540
1998-12-01,1999,0.942756
1998-12-02,1999,0.909965
1998-12-03,1999,0.882958
1998-12-04,1999,0.859874
1998-12-05,1999,0.877884
1998-12-06,1999,0.999137
1998-12-07,1999,1.031524
1998-12-08,1999,1.034413
1998-12-09,1999,1.064486
1998-12-10,1999,1.135949
1998-12-11,1999,1.131937
1998-12-12,1999,1.125471
1998-12-13,1999,1.118015
1998-12-14,1999,1.107433
1998-12-15,1999,1.094764
1998-12-16,1999,1.083513
1998-12-17,1999,1.069107
1998-12-18,1999,1.045332
1998-12-19,1999,1.074370
1998-12-20,1999,1.225812
1998-12-21,1999,1.511657
1998-12-22,1999,1.544177
1998-12-23,1999,1.539873
1998-12-24,1999,1.538660
1998-12-25,1999,1.536273
1998-12-26,1999,1.538655
1998-12-27,1999,1.542050
1998-12-28,1999,1.552107
1998-12-29,1999,1.561395
1998-12-30,1999,1.551674
1998-12-31,1999,1.538406
1999-01-01,1999,1.644368
1999-01-02,1999,1.714754
1999-01-03,1999,1.742841
1999-01-04,1999,1.752893
1999-01-05,1999,1.792658
1999-01-06,1999,1.809651
1999-01-07,1999,1.797630
1999-01-08,1999,1.800448
1999-01-09,1999,1.816439
1999-01-10,1999,1.830248
1999-01-11,1999,1.820461
1999-01-12,1999,1.795846
1999-01-13,1999,1.794103
1999-01-14,1999,1.804193
1999-01-15,1999,1.788189
1999-01-16,1999,1.784526
1999-01-17,1999,1.882248
1999-01-18,1999,1.911435
1999-01-19,1999,2.009584
1999-01-20,1999,2.081886
1999-01-21,1999,2.278040
1999-01-22,1999,2.599793
1999-01-23,1999,2.594605
1999-01-24,1999,2.599136
1999-01-25,1999,2.665912
1999-01-26,1999,2.644693
1999-01-27,1999,2.741952
1999-01-28,1999,2.765929
1999-01-29,1999,2.763859
1999-01-30,1999,2.765410
1999-01-31,1999,2.760017
1999-02-01,1999,2.749280
1999-02-02,1999,2.794784
1999-02-03,1999,2.778681
1999-02-04,1999,2.759910
1999-02-05,1999,2.887569
1999-02-06,1999,2.985461
1999-02-07,1999,2.994242
1999-02-08,1999,2.971492
1999-02-09,1999,2.938530
1999-02-10,1999,2.872953
1999-02-11,1999,3.157554
1999-02-12,1999,3.154573
1999-02-13,1999,3.143261
1999-02-14,1999,3.115693
1999-02-15,1999,3.094388
1999-02-16,1999,3.136127
1999-02-17,1999,3.123084
1999-02-18,1999,3.199459
1999-02-19,1999,3.224242
1999-02-20,1999,3.247590
1999-02-21,1999,3.238627
1999-02-22,1999,3.362379
1999-02-23,1999,3.371579
1999-02-24,1999,3.357325
1999-02-25,1999,3.333130
1999-02-26,1999,3.299031
1999-02-27,1999,3.292918
1999-02-28,1999,3.278508
1999-03-01,1999,3.251306
1999-03-02,1999,3.240248
1999-03-03,1999,3.226718
1999-03-04,1999,3.193207
1999-03-05,1999,3.291103
1999-03-06,1999,3.301099
1999-03-07,1999,3.300749
1999-03-08,1999,3.478348
1999-03-09,1999,3.477762
1999-03-10,1999,3.482276
1999-03-11,1999,3.462570
1999-03-12,1999,3.549489
1999-03-13,1999,3.669227
1999-03-14,1999,3.638078
1999-03-15,1999,3.556358
1999-03-16,1999,3.461061
1999-03-17,1999,3.383300
1999-03-18,1999,3.346929
1999-03-19,1999,3.338426
1999-03-20,1999,3.260881
1999-03-21,1999,3.156596
1999-03-22,1999,3.078525
1999-03-23,1999,3.049144
1999-03-24,1999,3.011173
1999-03-25,1999,2.945314
1999-03-26,1999,2.858875
1999-03-27,1999,2.871475
1999-03-28,1999,2.874929
1999-03-29,1999,2.855325
1999-03-30,1999,2.819426
1999-03-31,1999,2.763797
1999-04-01,1999,2.830726
1999-04-02,1999,3.214404
1999-04-03,1999,3.613867
1999-04-04,1999,3.629136
1999-04-05,1999,3.735276
1999-04-06,1999,3.708441
1999-04-07,1999,3.627781
1999-04-08,1999,3.603657
1999-04-09,1999,3.577186
1999-04-10,1999,3.651181
1999-04-11,1999,3.641222
1999-04-12,1999,3.575970
1999-04-13,1999,3.450705
1999-04-14,1999,3.404002
1999-04-15,1999,3.501168
1999-04-16,1999,3.513609
1999-04-17,1999,3.565968
1999-04-18,1999,3.528835
1999-04-19,1999,3.432332
1999-04-20,1999,3.304855
1999-04-21,1999,3.224539
1999-04-22,1999,3.449752
1999-04-23,1999,3.869856
1999-04-24,1999,3.958993
1999-04-25,1999,4.103496
1999-04-26,1999,4.212924
1999-04-27,1999,4.161225
1999-04-28,1999,3.945017
1999-04-29,1999,3.866400
1999-04-30,1999,3.924211
1999-05-01,1999,4.255128
1999-05-02,1999,4.647589
1999-05-03,1999,4.510259
1999-05-04,1999,4.596215
1999-05-05,1999,4.616864
1999-05-06,1999,4.628578
1999-05-07,1999,4.575271
1999-05-08,1999,4.435996
1999-05-09,1999,4.226708
1999-05-10,1999,4.103816
1999-05-11,1999,4.126812
1999-05-12,1999,4.102648
1999-05-13,1999,4.010168
1999-05-14,1999,3.866479
1999-05-15,1999,3.729038
1999-05-16,1999,3.611345
1999-05-17,1999,3.606731
1999-05-18,1999,3.553859
1999-05-19,1999,3.426124
1999-05-20,1999,3.246016
1999-05-21,1999,3.094880
1999-05-22,1999,2.913220
1999-05-23,1999,2.722287
1999-05-24,1999,2.514039
1999-05-25,1999,2.327007
1999-05-26,1999,2.265988
1999-05-27,1999,2.120764
1999-05-28,1999,1.972942
1999-05-29,1999,1.821847
1999-05-30,1999,1.662131
1999-05-31,1999,1.519109
1999-06-01,1999,1.430316
1999-06-02,1999,1.336535
1999-06-03,1999,1.226960
1999-06-04,1999,1.136864
1999-06-05,1999,1.057748
1999-06-06,1999,1.125849
1999-06-07,1999,1.050535
1999-06-08,1999,0.937993
1999-06-09,1999,0.844579
1999-06-10,1999,0.764114
1999-06-11,1999,0.690393
1999-06-12,1999,0.624736
1999-06-13,1999,0.551668
1999-06-14,1999,0.474963
1999-06-15,1999,0.397072
1999-06-16,1999,0.331720
1999-06-17,1999,0.263811
1999-06-18,1999,0.209811
1999-06-19,1999,0.167779
1999-06-20,1999,0.134039
1999-06-21,1999,0.105044
1999-06-22,1999,0.079192
1999-06-23,1999,0.057782
1999-06-24,1999,0.037973
1999-06-25,1999,0.021425
1999-06-26,1999,0.011287
1999-06-27,1999,0.005841
1999-06-28,1999,0.003037
1999-06-29,1999,0.001402
1999-06-30,1999,0.000630
1999-07-01,1999,0.000162
1999-07-02,1999,0.000000
1999-07-03,1999,0.000000
1999-07-04,1999,0.000000
1999-07-05,1999,0.000000
1999-07-06,1999,0.000000
1999-07-07,1999,0.000000
1999-07-08,1999,0.000000
1999-07-09,1999,0.000000
1999-07-10,1999,0.000000
1999-07-11,1999,0.000000
1999-07-12,1999,0.000000
1999-07-13,1999,0.000000
1999-07-14,1999,0.000000
1999-07-15,1999,0.000000
1999-07-16,1999,0.000000
1999-07-17,1999,0.000000
1999-07-18,1999,0.000000
1999-07-19,1999,0.000000
1999-07-20,1999,0.000000
1999-07-21,1999,0.000000
1999-07-22,1999,0.000000
1999-07-23,1999,0.000000
1999-07-24,1999,0.000000
1999-07-25,1999,0.000000
1999-07-26,1999,0.000000
1999-07-27,1999,0.000000
1999-07-28,1999,0.000000
1999-07-29,1999,0.000000
1999-07-30,1999,0.000000
1999-07-31,1999,0.000000
1999-08-01,1999,0.000000
1999-08-02,1999,0.000000
1999-08-03,1999,0.000000
1999-08-04,1999,0.000000
1999-08-05,1999,0.000000
1999-08-06,1999,0.000000
1999-08-07,1999,0.000000
1999-08-08,1999,0.000000
1999-08-09,1999,0.000000
1999-08-10,1999,0.000000
1999-08-11,1999,0.000000
1999-08-12,1999,0.000000
1999-08-13,1999,0.000000
1999-08-14,1999,0.000000
1999-08-15,1999,0.000000
1999-08-16,1999,0.000000
1999-08-17,1999,0.000000
1999-08-18,1999,0.000000
1999-08-19,1999,0.000000
1999-08-20,1999,0.000000
1999-08-21,1999,0.000000
1999-08-22,1999,0.000000
1999-08-23,1999,0.000000
1999-08-24,1999,0.000000
1999-08-25,1999,0.000000
1999-08-26,1999,0.000000
1999-08-27,1999,0.000000
1999-08-28,1999,0.000000
1999-08-29,1999,0.000000
1999-08-30,1999,0.000000
1999-08-31,1999,0.000000
1999-09-01,1999,0.000000
1999-09-02,1999,0.000000
1999-09-03,1999,0.000261
1999-09-04,1999,0.000071
1999-09-05,1999,0.000046
1999-09-06,1999,0.000000
1999-09-07,1999,0.000000
1999-09-08,1999,0.000000
1999-09-09,1999,0.000000
1999-09-10,1999,0.000000
1999-09-11,1999,0.000000
1999-09-12,1999,0.000000
1999-09-13,1999,0.000000
1999-09-14,1999,0.000000
1999-09-15,1999,0.001803
1999-09-16,1999,0.001659
1999-09-17,1999,0.000877
1999-09-18,1999,0.000403
1999-09-19,1999,0.000261
1999-09-20,1999,0.038945
1999-09-21,1999,0.025766
1999-09-22,1999,0.015382
1999-09-23,1999,0.009018
1999-09-24,1999,0.005115
1999-09-25,1999,0.002815
1999-09-26,1999,0.000745
1999-09-27,1999,0.006184
1999-09-28,1999,0.050978
1999-09-29,1999,0.084384
1999-09-30,1999,0.060499
1999-10-01,2000,0.035583
1999-10-02,2000,0.019049
1999-10-03,2000,0.011475
1999-10-04,2000,0.007372
1999-10-05,2000,0.003917
1999-10-06,2000,0.001749
1999-10-07,2000,0.002938
1999-10-08,2000,0.038370
1999-10-09,2000,0.025394
1999-10-10,2000,0.014173
1999-10-11,2000,0.007227
1999-10-12,2000,0.003630
1999-10-13,2000,0.002044
1999-10-14,2000,0.001091
1999-10-15,2000,0.000695
1999-10-16,2000,0.014823
1999-10-17,2000,0.155457
1999-10-18,2000,0.151091
1999-10-19,2000,0.219364
1999-10-20,2000,0.206002
1999-10-21,2000,0.166966
1999-10-22,2000,0.121259
1999-10-23,2000,0.083596
1999-10-24,2000,0.057329
1999-10-25,2000,0.038068
1999-10-26,2000,0.025489
1999-10-27,2000,0.015840
1999-10-28,2000,0.010515
1999-10-29,2000,0.079412
1999-10-30,2000,0.133212
1999-10-31,2000,0.122079
1999-11-01,2000,0.086170
1999-11-02,2000,0.073841
1999-11-03,2000,0.063870
1999-11-04,2000,0.053389
1999-11-05,2000,0.041492
1999-11-06,2000,0.031007
1999-11-07,2000,0.022563
1999-11-08,2000,0.016133
1999-11-09,2000,0.012147
1999-11-10,2000,0.010816
1999-11-11,2000,0.008200
1999-11-12,2000,0.006587
1999-11-13,2000,0.004732
1999-11-14,2000,0.003781
1999-11-15,2000,0.002554
1999-11-16,2000,0.001717
1999-11-17,2000,0.001369
1999-11-18,2000,0.031097
1999-11-19,2000,0.039222
1999-11-20,2000,0.037806
1999-11-21,2000,0.061642
1999-11-22,2000,0.252364
1999-11-23,2000,0.382323
1999-11-24,2000,0.370516
1999-11-25,2000,0.361118
1999-11-26,2000,0.387024
1999-11-27,2000,0.355630
1999-11-28,2000,0.331928
1999-11-29,2000,0.307988
1999-11-30,2000,0.275884
1999-12-01,2000,0.241292
1999-12-02,2000,0.299528
1999-12-03,2000,0.364090
1999-12-04,2000,0.602092
1999-12-05,2000,0.602631
1999-12-06,2000,0.593202
1999-12-07,2000,0.582238
1999-12-08,2000,0.636652
1999-12-09,2000,0.701359
1999-12-10,2000,0.694062
1999-12-11,2000,0.727278
1999-12-12,2000,0.731995
1999-12-13,2000,0.726062
1999-12-14,2000,0.832900
1999-12-15,2000,0.831494
1999-12-16,2000,0.827367
1999-12-17,2000,0.866041
1999-12-18,2000,0.887381
1999-12-19,2000,0.937636
1999-12-20,2000,0.979085
1999-12-21,2000,1.024247
1999-12-22,2000,1.092368
1999-12-23,2000,1.112878
1999-12-24,2000,1.107116
1999-12-25,2000,1.095685
1999-12-26,2000,1.085168
1999-12-27,2000,1.073471
1999-12-28,2000,1.061519
1999-12-29,2000,1.034586
1999-12-30,2000,1.014844
1999-12-31,2000,1.003372
2000-01-01,2000,1.013467
2000-01-02,2000,1.150654
2000-01-03,2000,1.278286
2000-01-04,2000,1.288132
2000-01-05,2000,1.316134
2000-01-06,2000,1.339017
2000-01-07,2000,1.335525
2000-01-08,2000,1.327160
2000-01-09,2000,1.369486
2000-01-10,2000,1.403574
2000-01-11,2000,1.465589
2000-01-12,2000,1.442091
2000-01-13,2000,1.438571
2000-01-14,2000,1.422124
2000-01-15,2000,1.395241
2000-01-16,2000,1.362556
2000-01-17,2000,1.354622
2000-01-18,2000,1.325463
2000-01-19,2000,1.351652
2000-01-20,2000,1.338279
2000-01-21,2000,1.314398
2000-01-22,2000,1.431453
2000-01-23,2000,1.481972
2000-01-24,2000,1.478595
2000-01-25,2000,1.533143
2000-01-26,2000,1.792941
2000-01-27,2000,2.043596
2000-01-28,2000,2.077503
2000-01-29,2000,2.099909
2000-01-30,2000,2.097614
2000-01-31,2000,2.086069
2000-02-01,2000,2.138865
2000-02-02,2000,2.131308
2000-02-03,2000,2.103180
2000-02-04,2000,2.076450
2000-02-05,2000,2.060044
2000-02-06,2000,2.030530
2000-02-07,2000,2.000658
2000-02-08,2000,1.971121
2000-02-09,2000,1.929340
2000-02-10,2000,1.943001
2000-02-11,2000,2.127093
2000-02-12,2000,2.181871
2000-02-13,2000,2.445017
2000-02-14,2000,2.513609
2000-02-15,2000,2.541181
2000-02-16,2000,2.537553
2000-02-17,2000,2.596965
2000-02-18,2000,2.848910
2000-02-19,2000,2.880778
2000-02-20,2000,2.866099
2000-02-21,2000,2.844656
2000-02-22,2000,2.820907
2000-02-23,2000,2.883241
2000-02-24,2000,2.864805
2000-02-25,2000,2.992153
2000-02-26,2000,3.046139
2000-02-27,2000,3.033446
2000-02-28,2000,2.998264
2000-02-29,2000,3.065627
2000-03-01,2000,3.043595
2000-03-02,2000,3.087103
2000-03-03,2000,3.128169
2000-03-04,2000,3.081033
2000-03-05,2000,3.012091
2000-03-06,2000,3.077174
2000-03-07,2000,3.138377
2000-03-08,2000,3.329474
2000-03-09,2000,3.343574
2000-03-10,2000,3.464054
2000-03-11,2000,3.482067
2000-03-12,2000,3.506327
2000-03-13,2000,3.513187
2000-03-14,2000,3.470123
2000-03-15,2000,3.428765
2000-03-16,2000,3.754363
2000-03-17,2000,3.733923
2000-03-18,2000,3.754690
2000-03-19,2000,3.781901
2000-03-20,2000,3.824001
2000-03-21,2000,4.161586
2000-03-22,2000,4.198819
2000-03-23,2000,4.258836
2000-03-24,2000,4.190506
2000-03-25,2000,4.110563
2000-03-26,2000,4.010487
2000-03-27,2000,3.913664
2000-03-28,2000,3.804236
2000-03-29,2000,3.915861
2000-03-30,2000,3.893981
2000-03-31,2000,4.242415
2000-04-01,2000,4.423801
2000-04-02,2000,4.424450
2000-04-03,2000,4.493243
2000-04-04,2000,4.457753
2000-04-05,2000,4.313141
2000-04-06,2000,4.118689
2000-04-07,2000,3.973428
2000-04-08,2000,3.901492
2000-04-09,2000,3.810608
2000-04-10,2000,3.660304
2000-04-11,2000,3.650185
2000-04-12,2000,3.612222
2000-04-13,2000,3.479337
2000-04-14,2000,3.322252
2000-04-15,2000,3.286096
2000-04-16,2000,3.370236
2000-04-17,2000,3.290070
2000-04-18,2000,3.164063
2000-04-19,2000,3.123638
2000-04-20,2000,3.188297
2000-04-21,2000,3.108536
2000-04-22,2000,2.991686
2000-04-23,2000,3.097619
2000-04-24,2000,3.012106
2000-04-25,2000,2.995309
2000-04-26,2000,2.926927
2000-04-27,2000,2.798700
2000-04-28,2000,2.605586
2000-04-29,2000,2.424457
2000-04-30,2000,2.388780
2000-05-01,2000,2.412323
2000-05-02,2000,2.292002
2000-05-03,2000,2.095100
2000-05-04,2000,1.907810
2000-05-05,2000,1.723575
2000-05-06,2000,1.563384
2000-05-07,2000,1.429098
2000-05-08,2000,1.343450
2000-05-09,2000,1.403530
2000-05-10,2000,1.326161
2000-05-11,2000,1.163233
2000-05-12,2000,1.149215
2000-05-13,2000,1.143697
2000-05-14,2000,1.108924
2000-05-15,2000,1.045493
2000-05-16,2000,0.961228
2000-05-17,2000,0.878051
2000-05-18,2000,1.019107
2000-05-19,2000,1.005484
2000-05-20,2000,0.924667
2000-05-21,2000,0.849874
2000-05-22,2000,0.770319
2000-05-23,2000,0.662431
2000-05-24,2000,0.547248
2000-05-25,2000,0.457144
2000-05-26,2000,0.388831
2000-05-27,2000,0.355617
2000-05-28,2000,0.308908
2000-05-29,2000,0.243715
2000-05-30,2000,0.186356
2000-05-31,2000,0.143644
2000-06-01,2000,0.111538
2000-06-02,2000,0.088189
2000-06-03,2000,0.066226
2000-06-04,2000,0.051227
2000-06-05,2000,0.038310
2000-06-06,2000,0.025706
2000-06-07,2000,0.015497
2000-06-08,2000,0.008294
2000-06-09,2000,0.004342
2000-06-10,2000,0.002670
2000-06-11,2000,0.001695
2000-06-12,2000,0.001115
2000-06-13,2000,0.000627
2000-06-14,2000,0.000395
2000-06-15,2000,0.000162
2000-06-16,2000,0.000260
2000-06-17,2000,0.035083
2000-06-18,2000,0.020842
2000-06-19,2000,0.004896
2000-06-20,2000,0.001834
2000-06-21,2000,0.000687
2000-06-22,2000,0.000069
2000-06-23,2000,0.000000
2000-06-24,2000,0.000000
2000-06-25,2000,0.000000
2000-06-26,2000,0.000000
2000-06-27,2000,0.000000
2000-06-28,2000,0.000000
2000-06-29,2000,0.000000
2000-06-30,2000,0.000000
2000-07-01,2000,0.000000
2000-07-02,2000,0.000000
2000-07-03,2000,0.000000
2000-07-04,2000,0.000000
2000-07-05,2000,0.000000
2000-07-06,2000,0.000000
2000-07-07,2000,0.000000
2000-07-08,2000,0.000000
2000-07-09,2000,0.000000
2000-07-10,2000,0.000000
2000-07-11,2000,0.000000
2000-07-12,2000,0.000000
2000-07-13,2000,0.000000
2000-07-14,2000,0.000000
2000-07-15,2000,0.000000
2000-07-16,2000,0.000000
2000-07-17,2000,0.000000
2000-07-18,2000,0.000000
2000-07-19,2000,0.000000
2000-07-20,2000,0.000000
2000-07-21,2000,0.000000
2000-07-22,2000,0.000000
2000-07-23,2000,0.000000
2000-07-24,2000,0.000000
2000-07-25,2000,0.000000
2000-07-26,2000,0.000000
2000-07-27,2000,0.000000
2000-07-28,2000,0.000000
2000-07-29,2000,0.000000
2000-07-30,2000,0.000000
2000-07-31,2000,0.000000
2000-08-01,2000,0.000000
2000-08-02,2000,0.000000
2000-08-03,2000,0.000000
2000-08-04,2000,0.000000
2000-08-05,2000,0.000000
2000-08-06,2000,0.000000
2000-08-07,2000,0.000000
2000-08-08,2000,0.000000
2000-08-09,2000,0.000000
2000-08-10,2000,0.000000
2000-08-11,2000,0.000000
2000-08-12,2000,0.000000
2000-08-13,2000,0.000000
2000-08-14,2000,0.000000
2000-08-15,2000,0.000000
2000-08-16,2000,0.000000
2000-08-17,2000,0.000000
2000-08-18,2000,0.000000
2000-08-19,2000,0.000000
2000-08-20,2000,0.000000
2000-08-21,2000,0.000000
2000-08-22,2000,0.000000
2000-08-23,2000,0.000000
2000-08-24,2000,0.000000
2000-08-25,2000,0.000000
2000-08-26,2000,0.000000
2000-08-27,2000,0.000000
2000-08-28,2000,0.000000
2000-08-29,2000,0.000000
2000-08-30,2000,0.000000
2000-08-31,2000,0.000000
2000-09-01,2000,0.000000
2000-09-02,2000,0.000071
2000-09-03,2000,0.000024
2000-09-04,2000,0.000000
2000-09-05,2000,0.000000
2000-09-06,2000,0.000000
2000-09-07,2000,0.000000
2000-09-08,2000,0.000000
2000-09-09,2000,0.000000
2000-09-10,2000,0.000000
2000-09-11,2000,0.000000
2000-09-12,2000,0.000000
2000-09-13,2000,0.000000
2000-09-14,2000,0.000000
2000-09-15,2000,0.000000
2000-09-16,2000,0.000000
2000-09-17,2000,0.000000
2000-09-18,2000,0.000838
2000-09-19,2000,0.000489
2000-09-20,2000,0.005282
2000-09-21,2000,0.003379
2000-09-22,2000,0.010082
2000-09-23,2000,0.039063
2000-09-24,2000,0.225583
2000-09-25,2000,0.233186
2000-09-26,2000,0.169525
2000-09-27,2000,0.105012
2000-09-28,2000,0.056686
2000-09-29,2000,0.023818
2000-09-30,2000,0.008279
2000-10-01,2001,0.002248
2000-10-02,2001,0.000680
2000-10-03,2001,0.000093
2000-10-04,2001,0.000000
2000-10-05,2001,0.004299
2000-10-06,2001,0.005788
2000-10-07,2001,0.007946
2000-10-08,2001,0.019990
2000-10-09,2001,0.018577
2000-10-10,2001,0.013705
2000-10-11,2001,0.019182
2000-10-12,2001,0.045231
2000-10-13,2001,0.047566
2000-10-14,2001,0.055926
2000-10-15,2001,0.055835
2000-10-16,2001,0.047292
2000-10-17,2001,0.038688
2000-10-18,2001,0.027965
2000-10-19,2001,0.018582
2000-10-20,2001,0.013515
2000-10-21,2001,0.009589
2000-10-22,2001,0.011991
2000-10-23,2001,0.046384
2000-10-24,2001,0.164140
2000-10-25,2001,0.176648
2000-10-26,2001,0.168949
2000-10-27,2001,0.148673
2000-10-28,2001,0.194259
2000-10-29,2001,0.307113
2000-10-30,2001,0.293375
2000-10-31,2001,0.306521
2000-11-01,2001,0.550447
2000-11-02,2001,0.633207
2000-11-03,2001,0.646187
2000-11-04,2001,0.645287
2000-11-05,2001,0.690488
2000-11-06,2001,0.836659
2000-11-07,2001,0.869207
2000-11-08,2001,0.866548
2000-11-09,2001,0.873962
2000-11-10,2001,0.903259
2000-11-11,2001,1.147309
2000-11-12,2001,1.234329
2000-11-13,2001,1.250459
2000-11-14,2001,1.243352
2000-11-15,2001,1.281427
2000-11-16,2001,1.347009
2000-11-17,2001,1.349664
2000-11-18,2001,1.375625
2000-11-19,2001,1.368625
2000-11-20,2001,1.360193
2000-11-21,2001,1.352155
2000-11-22,2001,1.337045
2000-11-23,2001,1.350584
2000-11-24,2001,1.352779
2000-11-25,2001,1.349127
2000-11-26,2001,1.343352
2000-11-27,2001,1.337940
2000-11-28,2001,1.367683
2000-11-29,2001,1.362093
2000-11-30,2001,1.349264
2000-12-01,2001,1.339915
2000-12-02,2001,1.331493
2000-12-03,2001,1.318515
2000-12-04,2001,1.301509
2000-12-05,2001,1.289524
2000-12-06,2001,1.316966
2000-12-07,2001,1.304128
2000-12-08,2001,1.291146
2000-12-09,2001,1.349378
2000-12-10,2001,1.364268
2000-12-11,2001,1.630375
2000-12-12,2001,1.641716
2000-12-13,2001,1.748015
2000-12-14,2001,1.790204
2000-12-15,2001,1.833684
2000-12-16,2001,1.994810
2000-12-17,2001,1.986320
2000-12-18,2001,2.031300
2000-12-19,2001,2.032339
2000-12-20,2001,2.045701
2000-12-21,2001,2.053493
2000-12-22,2001,2.052217
2000-12-23,2001,2.067581
2000-12-24,2001,2.062817
2000-12-25,2001,2.124990
2000-12-26,2001,2.219646
2000-12-27,2001,2.215691
2000-12-28,2001,2.207314
2000-12-29,2001,2.200814
2000-12-30,2001,2.194929
2000-12-31,2001,2.222703
2001-01-01,2001,2.216712
2001-01-02,2001,2.212661
2001-01-03,2001,2.206614
2001-01-04,2001,2.193073
2001-01-05,2001,2.171738
2001-01-06,2001,2.147237
2001-01-07,2001,2.132274
2001-01-08,2001,2.127787
2001-01-09,2001,2.119374
2001-01-10,2001,2.141043
2001-01-11,2001,2.157537
2001-01-12,2001,2.147028
2001-01-13,2001,2.298809
2001-01-14,2001,2.379477
2001-01-15,2001,2.382255
2001-01-16,2001,2.476016
2001-01-17,2001,2.575997
2001-01-18,2001,2.575572
2001-01-19,2001,2.566171
2001-01-20,2001,2.566805
2001-01-21,2001,2.586037
2001-01-22,2001,2.577772
2001-01-23,2001,2.567022
2001-01-24,2001,2.561370
2001-01-25,2001,2.569165
2001-01-26,2001,2.694332
2001-01-27,2001,2.709159
2001-01-28,2001,2.939749
2001-01-29,2001,3.120627
2001-01-30,2001,3.131825
2001-01-31,2001,3.137681
2001-02-01,2001,3.138277
2001-02-02,2001,3.131504
2001-02-03,2001,3.113799
2001-02-04,2001,3.137338
2001-02-05,2001,3.121866
2001-02-06,2001,3.102083
2001-02-07,2001,3.117280
2001-02-08,2001,3.249322
2001-02-09,2001,3.485789
2001-02-10,2001,3.477349
2001-02-11,2001,3.471229
2001-02-12,2001,3.485018
2001-02-13,2001,3.477079
2001-02-14,2001,3.644001
2001-02-15,2001,3.718449
2001-02-16,2001,3.714906
2001-02-17,2001,3.704865
2001-02-18,2001,3.685823
2001-02-19,2001,3.689902
2001-02-20,2001,3.694599
2001-02-21,2001,3.719108
2001-02-22,2001,3.749219
2001-02-23,2001,3.738488
2001-02-24,2001,3.858764
2001-02-25,2001,3.901893
2001-02-26,2001,3.898765
2001-02-27,2001,4.115776
2001-02-28,2001,4.217868
2001-03-01,2001,4.347686
2001-03-02,2001,4.354860
2001-03-03,2001,4.342039
2001-03-04,2001,4.361935
2001-03-05,2001,4.339538
2001-03-06,2001,4.298774
2001-03-07,2001,4.269985
2001-03-08,2001,4.350492
2001-03-09,2001,4.320635
2001-03-10,2001,4.312993
2001-03-11,2001,4.541420
2001-03-12,2001,4.706267
2001-03-13,2001,4.707343
2001-03-14,2001,4.674224
2001-03-15,2001,4.736008
2001-03-16,2001,4.723944
2001-03-17,2001,4.966613
2001-03-18,2001,5.045849
2001-03-19,2001,5.046308
2001-03-20,2001,5.003503
2001-03-21,2001,4.899609
2001-03-22,2001,4.744615
2001-03-23,2001,4.606296
2001-03-24,2001,4.551908
2001-03-25,2001,4.439492
2001-03-26,2001,4.329994
2001-03-27,2001,4.246627
2001-03-28,2001,4.227018
2001-03-29,2001,4.271305
2001-03-30,2001,4.337547
2001-03-31,2001,4.331330
2001-04-01,2001,4.270799
2001-04-02,2001,4.185005
2001-04-03,2001,4.050260
2001-04-04,2001,3.914942
2001-04-05,2001,3.783025
2001-04-06,2001,3.887145
2001-04-07,2001,4.119688
2001-04-08,2001,4.146237
2001-04-09,2001,4.203205
2001-04-10,2001,4.194210
2001-04-11,2001,4.516549
2001-04-12,2001,4.537446
2001-04-13,2001,4.610252
2001-04-14,2001,4.565615
2001-04-15,2001,4.532798
2001-04-16,2001,4.442599
2001-04-17,2001,4.346834
2001-04-18,2001,4.190343
2001-04-19,2001,3.975922
2001-04-20,2001,3.842791
2001-04-21,2001,3.841381
2001-04-22,2001,4.020455
2001-04-23,2001,4.263903
2001-04-24,2001,4.214962
2001-04-25,2001,4.126800
2001-04-26,2001,4.000878
2001-04-27,2001,3.833254
2001-04-28,2001,3.647642
2001-04-29,2001,3.443374
2001-04-30,2001,3.285128
2001-05-01,2001,3.141586
2001-05-02,2001,2.947908
2001-05-03,2001,3.153612
2001-05-04,2001,3.496644
2001-05-05,2001,3.743383
2001-05-06,2001,3.743014
2001-05-07,2001,3.570141
2001-05-08,2001,3.386029
2001-05-09,2001,3.146024
2001-05-10,2001,2.909185
2001-05-11,2001,2.704916
2001-05-12,2001,2.522741
2001-05-13,2001,2.332093
2001-05-14,2001,2.128263
2001-05-15,2001,1.918455
2001-05-16,2001,1.738706
2001-05-17,2001,1.556894
2001-05-18,2001,1.432169
2001-05-19,2001,1.313164
2001-05-20,2001,1.195927
2001-05-21,2001,1.151968
2001-05-22,2001,1.132488
2001-05-23,2001,1.063773
2001-05-24,2001,0.970456
2001-05-25,2001,0.877557
2001-05-26,2001,0.780815
2001-05-27,2001,0.670721
2001-05-28,2001,0.575863
2001-05-29,2001,0.492339
2001-05-30,2001,0.428563
2001-05-31,2001,0.368818
2001-06-01,2001,0.312804
2001-06-02,2001,0.257473
2001-06-03,2001,0.210426
2001-06-04,2001,0.181178
2001-06-05,2001,0.165793
2001-06-06,2001,0.147643
2001-06-07,2001,0.121042
2001-06-08,2001,0.096494
2001-06-09,2001,0.076056
2001-06-10,2001,0.055116
2001-06-11,2001,0.038930
2001-06-12,2001,0.026220
2001-06-13,2001,0.021164
2001-06-14,2001,0.097666
2001-06-15,2001,0.082866
2001-06-16,2001,0.036759
2001-06-17,2001,0.013243
2001-06-18,2001,0.004695
2001-06-19,2001,0.001965
2001-06-20,2001,0.000913
2001-06-21,2001,0.000375
2001-06-22,2001,0.000000
2001-06-23,2001,0.000000
2001-06-24,2001,0.000000
2001-06-25,2001,0.000000
2001-06-26,2001,0.000000
2001-06-27,2001,0.000000
2001-06-28,2001,0.000000
2001-06-29,2001,0.000000
2001-06-30,2001,0.000000
2001-07-01,2001,0.000000
2001-07-02,2001,0.000000
2001-07-03,2001,0.000000
2001-07-04,2001,0.000000
2001-07-05,2001,0.000000
2001-07-06,2001,0.000000
2001-07-07,2001,0.000000
2001-07-08,2001,0.000000
2001-07-09,2001,0.000000
2001-07-10,2001,0.000000
2001-07-11,2001,0.000000
2001-07-12,2001,0.000000
2001-07-13,2001,0.000000
2001-07-14,2001,0.000000
2001-07-15,2001,0.000000
2001-07-16,2001,0.000000
2001-07-17,2001,0.000000
2001-07-18,2001,0.000000
2001-07-19,2001,0.000000
2001-07-20,2001,0.000000
2001-07-21,2001,0.000000
2001-07-22,2001,0.000000
2001-07-23,2001,0.000000
2001-07-24,2001,0.000000
2001-07-25,2001,0.000000
2001-07-26,2001,0.000000
2001-07-27,2001,0.000000
2001-07-28,2001,0.000000
2001-07-29,2001,0.000000
2001-07-30,2001,0.000000
2001-07-31,2001,0.000000
2001-08-01,2001,0.000000
2001-08-02,2001,0.000000
2001-08-03,2001,0.000000
2001-08-04,2001,0.000000
2001-08-05,2001,0.000000
2001-08-06,2001,0.000000
2001-08-07,2001,0.000000
2001-08-08,2001,0.000000
2001-08-09,2001,0.000000
2001-08-10,2001,0.000000
2001-08-11,2001,0.000000
2001-08-12,2001,0.000000
2001-08-13,2001,0.000000
2001-08-14,2001,0.000000
2001-08-15,2001,0.000000
2001-08-16,2001,0.000000
2001-08-17,2001,0.000000
2001-08-18,2001,0.000000
2001-08-19,2001,0.000000
2001-08-20,2001,0.000000
2001-08-21,2001,0.000000
2001-08-22,2001,0.000000
2001-08-23,2001,0.000000
2001-08-24,2001,0.000000
2001-08-25,2001,0.000000
2001-08-26,2001,0.000000
2001-08-27,2001,0.000000
2001-08-28,2001,0.000000
2001-08-29,2001,0.000000
2001-08-30,2001,0.000000
2001-08-31,2001,0.001424
2001-09-01,2001,0.000546
2001-09-02,2001,0.000142
2001-09-03,2001,0.000047
2001-09-04,2001,0.000000
2001-09-05,2001,0.000000
2001-09-06,2001,0.000000
2001-09-07,2001,0.007611
2001-09-08,2001,0.087701
2001-09-09,2001,0.150117
2001-09-10,2001,0.090995
2001-09-11,2001,0.037649
2001-09-12,2001,0.013448
2001-09-13,2001,0.003903
2001-09-14,2001,0.000994
2001-09-15,2001,0.000255
2001-09-16,2001,0.000046
2001-09-17,2001,0.000450
2001-09-18,2001,0.002489
2001-09-19,2001,0.001291
2001-09-20,2001,0.000657
2001-09-21,2001,0.000282
2001-09-22,2001,0.000047
2001-09-23,2001,0.000000
2001-09-24,2001,0.000000
2001-09-25,2001,0.000000
2001-09-26,2001,0.000000
2001-09-27,2001,0.000000
2001-09-28,2001,0.000000
2001-09-29,2001,0.000000
2001-09-30,2001,0.000000
2001-10-01,2002,0.000000
2001-10-02,2002,0.000000
2001-10-03,2002,0.000000
2001-10-04,2002,0.000000
2001-10-05,2002,0.010794
2001-10-06,2002,0.009444
2001-10-07,2002,0.005361
2001-10-08,2002,0.002972
2001-10-09,2002,0.019957
2001-10-10,2002,0.102624
2001-10-11,2002,0.100127
2001-10-12,2002,0.187385
2001-10-13,2002,0.236220
2001-10-14,2002,0.214762
2001-10-15,2002,0.182350
2001-10-16,2002,0.162594
2001-10-17,2002,0.121536
2001-10-18,2002,0.079772
2001-10-19,2002,0.062002
2001-10-20,2002,0.047512
2001-10-21,2002,0.033823
2001-10-22,2002,0.048335
2001-10-23,2002,0.050395
2001-10-24,2002,0.064254
2001-10-25,2002,0.061606
2001-10-26,2002,0.058098
2001-10-27,2002,0.050129
2001-10-28,2002,0.038643
2001-10-29,2002,0.025820
2001-10-30,2002,0.017505
2001-10-31,2002,0.013557
2001-11-01,2002,0.040502
2001-11-02,2002,0.039321
2001-11-03,2002,0.033394
2001-11-04,2002,0.026985
2001-11-05,2002,0.020524
2001-11-06,2002,0.015913
2001-11-07,2002,0.014078
2001-11-08,2002,0.126717
2001-11-09,2002,0.150596
2001-11-10,2002,0.136761
2001-11-11,2002,0.123008
2001-11-12,2002,0.104227
2001-11-13,2002,0.085669
2001-11-14,2002,0.089552
2001-11-15,2002,0.079770
2001-11-16,2002,0.063623
2001-11-17,2002,0.050077
2001-11-18,2002,0.042428
2001-11-19,2002,0.095148
2001-11-20,2002,0.090508
2001-11-21,2002,0.082379
2001-11-22,2002,0.078282
2001-11-23,2002,0.341644
2001-11-24,2002,0.451463
2001-11-25,2002,0.513510
2001-11-26,2002,0.832649
2001-11-27,2002,0.902743
2001-11-28,2002,0.928369
2001-11-29,2002,0.922794
2001-11-30,2002,1.027406
2001-12-01,2002,1.082626
2001-12-02,2002,1.106927
2001-12-03,2002,1.132804
2001-12-04,2002,1.111045
2001-12-05,2002,1.290625
2001-12-06,2002,1.292508
2001-12-07,2002,1.358358
2001-12-08,2002,1.395393
2001-12-09,2002,1.389988
2001-12-10,2002,1.381011
2001-12-11,2002,1.443137
2001-12-12,2002,1.467647
2001-12-13,2002,1.502844
2001-12-14,2002,1.501765
2001-12-15,2002,1.500767
2001-12-16,2002,1.608951
2001-12-17,2002,1.604887
2001-12-18,2002,1.597007
2001-12-19,2002,1.596149
2001-12-20,2002,1.586894
2001-12-21,2002,1.571530
2001-12-22,2002,1.668361
2001-12-23,2002,1.679962
2001-12-24,2002,1.676472
2001-12-25,2002,1.671342
2001-12-26,2002,1.664532
2001-12-27,2002,1.660037
2001-12-28,2002,1.655084
2001-12-29,2002,1.689213
2001-12-30,2002,1.763498
2001-12-31,2002,1.804248
2002-01-01,2002,1.837243
2002-01-02,2002,1.871190
2002-01-03,2002,1.866409
2002-01-04,2002,1.875903
2002-01-05,2002,1.940462
2002-01-06,2002,1.941426
2002-01-07,2002,1.951715
2002-01-08,2002,1.936063
2002-01-09,2002,1.897566
2002-01-10,2002,1.963663
2002-01-11,2002,1.996392
2002-01-12,2002,1.984900
2002-01-13,2002,1.977811
2002-01-14,2002,2.001775
2002-01-15,2002,1.992672
2002-01-16,2002,2.021326
2002-01-17,2002,2.119376
2002-01-18,2002,2.124085
2002-01-19,2002,2.179636
2002-01-20,2002,2.184265
2002-01-21,2002,2.189659
2002-01-22,2002,2.176476
2002-01-23,2002,2.305869
2002-01-24,2002,2.341798
2002-01-25,2002,2.329979
2002-01-26,2002,2.311718
2002-01-27,2002,2.281929
2002-01-28,2002,2.252998
2002-01-29,2002,2.291280
2002-01-30,2002,2.450720
2002-01-31,2002,2.606926
2002-02-01,2002,2.606378
2002-02-02,2002,2.597443
2002-02-03,2002,2.588044
2002-02-04,2002,2.579888
2002-02-05,2002,2.584145
2002-02-06,2002,2.580272
2002-02-07,2002,2.569105
2002-02-08,2002,2.552149
2002-02-09,2002,2.599547
2002-02-10,2002,2.619119
2002-02-11,2002,2.607757
2002-02-12,2002,2.578236
2002-02-13,2002,2.566546
2002-02-14,2002,2.552268
2002-02-15,2002,2.686879
2002-02-16,2002,2.674439
2002-02-17,2002,2.652137
2002-02-18,2002,2.636007
2002-02-19,2002,2.712520
2002-02-20,2002,2.735096
2002-02-21,2002,2.888447
2002-02-22,2002,2.871947
2002-02-23,2002,2.831061
2002-02-24,2002,2.780204
2002-02-25,2002,2.846759
2002-02-26,2002,2.876264
2002-02-27,2002,2.862413
2002-02-28,2002,2.850627
2002-03-01,2002,2.935665
2002-03-02,2002,3.077881
2002-03-03,2002,3.067088
2002-03-04,2002,3.041374
2002-03-05,2002,3.022072
2002-03-06,2002,2.994594
2002-03-07,2002,2.958806
2002-03-08,2002,3.111659
2002-03-09,2002,3.318244
2002-03-10,2002,3.299227
2002-03-11,2002,3.293452
2002-03-12,2002,3.269235
2002-03-13,2002,3.207161
2002-03-14,2002,3.334934
2002-03-15,2002,3.405499
2002-03-16,2002,3.434353
2002-03-17,2002,3.481366
2002-03-18,2002,3.529304
2002-03-19,2002,3.563663
2002-03-20,2002,3.541493
2002-03-21,2002,3.502137
2002-03-22,2002,3.452817
2002-03-23,2002,3.373104
2002-03-24,2002,3.296307
2002-03-25,2002,3.373738
2002-03-26,2002,3.417692
2002-03-27,2002,3.369051
2002-03-28,2002,3.281530
2002-03-29,2002,3.183066
2002-03-30,2002,3.086658
2002-03-31,2002,2.985067
2002-04-01,2002,2.846417
2002-04-02,2002,2.696297
2002-04-03,2002,2.597313
2002-04-04,2002,2.505416
2002-04-05,2002,2.388293
2002-04-06,2002,2.246869
2002-04-07,2002,2.126752
2002-04-08,2002,2.044796
2002-04-09,2002,1.977159
2002-04-10,2002,1.873610
2002-04-11,2002,1.822442
2002-04-12,2002,1.766064
2002-04-13,2002,1.734090
2002-04-14,2002,1.622675
2002-04-15,2002,1.479353
2002-04-16,2002,1.393101
2002-04-17,2002,1.415754
2002-04-18,2002,1.385965
2002-04-19,2002,1.368334
2002-04-20,2002,1.341320
2002-04-21,2002,1.402288
2002-04-22,2002,1.396224
2002-04-23,2002,1.356712
2002-04-24,2002,1.284244
2002-04-25,2002,1.239130
2002-04-26,2002,1.196554
2002-04-27,2002,1.162182
2002-04-28,2002,1.186519
2002-04-29,2002,1.147001
2002-04-30,2002,1.072122
2002-05-01,2002,1.017730
2002-05-02,2002,1.025920
2002-05-03,2002,1.017171
2002-05-04,2002,0.990585
2002-05-05,2002,0.949108
2002-05-06,2002,0.899667
2002-05-07,2002,0.841588
2002-05-08,2002,0.800678
2002-05-09,2002,0.791241
2002-05-10,2002,0.774517
2002-05-11,2002,0.750635
2002-05-12,2002,0.772518
2002-05-13,2002,0.793176
2002-05-14,2002,0.721133
2002-05-15,2002,0.651839
2002-05-16,2002,0.593364
2002-05-17,2002,0.564593
2002-05-18,2002,0.513445
2002-05-19,2002,0.447711
2002-05-20,2002,0.383177
2002-05-21,2002,0.314536
2002-05-22,2002,0.276924
2002-05-23,2002,0.273438
2002-05-24,2002,0.332169
2002-05-25,2002,0.334967
2002-05-26,2002,0.286155
2002-05-27,2002,0.240304
2002-05-28,2002,0.200862
2002-05-29,2002,0.165261
2002-05-30,2002,0.131833
2002-05-31,2002,0.095332
2002-06-01,2002,0.064496
2002-06-02,2002,0.042230
2002-06-03,2002,0.028306
2002-06-04,2002,0.022645
2002-06-05,2002,0.036705
2002-06-06,2002,0.019893
2002-06-07,2002,0.009027
2002-06-08,2002,0.003743
2002-06-09,2002,0.001534
2002-06-10,2002,0.000628
2002-06-11,2002,0.000302
2002-06-12,2002,0.000163
2002-06-13,2002,0.000000
2002-06-14,2002,0.000000
2002-06-15,2002,0.000000
2002-06-16,2002,0.000000
2002-06-17,2002,0.000000
2002-06-18,2002,0.000000
2002-06-19,2002,0.000000
2002-06-20,2002,0.000000
2002-06-21,2002,0.000000
2002-06-22,2002,0.000000
2002-06-23,2002,0.000000
2002-06-24,2002,0.000000
2002-06-25,2002,0.000000
2002-06-26,2002,0.000000
2002-06-27,2002,0.000000
2002-06-28,2002,0.000000
2002-06-29,2002,0.000000
2002-06-30,2002,0.000000
2002-07-01,2002,0.000000
2002-07-02,2002,0.000000
2002-07-03,2002,0.000000
2002-07-04,2002,0.000000
2002-07-05,2002,0.000000
2002-07-06,2002,0.000000
2002-07-07,2002,0.000000
2002-07-08,2002,0.000000
2002-07-09,2002,0.000000
2002-07-10,2002,0.000000
2002-07-11,2002,0.000000
2002-07-12,2002,0.000000
2002-07-13,2002,0.000000
2002-07-14,2002,0.000000
2002-07-15,2002,0.000000
2002-07-16,2002,0.000000
2002-07-17,2002,0.000000
2002-07-18,2002,0.000000
2002-07-19,2002,0.000000
2002-07-20,2002,0.000000
2002-07-21,2002,0.000000
2002-07-22,2002,0.000000
2002-07-23,2002,0.000000
2002-07-24,2002,0.000000
2002-07-25,2002,0.000000
2002-07-26,2002,0.000000
2002-07-27,2002,0.000000
2002-07-28,2002,0.000000
2002-07-29,2002,0.000000
2002-07-30,2002,0.000000
2002-07-31,2002,0.000000
2002-08-01,2002,0.000000
2002-08-02,2002,0.000000
2002-08-03,2002,0.000000
2002-08-04,2002,0.000000
2002-08-05,2002,0.000000
2002-08-06,2002,0.000000
2002-08-07,2002,0.000000
2002-08-08,2002,0.000000
2002-08-09,2002,0.000000
2002-08-10,2002,0.000000
2002-08-11,2002,0.000000
2002-08-12,2002,0.000000
2002-08-13,2002,0.000000
2002-08-14,2002,0.000000
2002-08-15,2002,0.000000
2002-08-16,2002,0.000000
2002-08-17,2002,0.000000
2002-08-18,2002,0.000000
2002-08-19,2002,0.000000
2002-08-20,2002,0.000000
2002-08-21,2002,0.000000
2002-08-22,2002,0.000000
2002-08-23,2002,0.000000
2002-08-24,2002,0.000000
2002-08-25,2002,0.000000
2002-08-26,2002,0.000000
2002-08-27,2002,0.000000
2002-08-28,2002,0.000000
2002-08-29,2002,0.000000
2002-08-30,2002,0.000000
2002-08-31,2002,0.000000
2002-09-01,2002,0.000000
2002-09-02,2002,0.000000
2002-09-03,2002,0.000000
2002-09-04,2002,0.000000
2002-09-05,2002,0.000000
2002-09-06,2002,0.000000
2002-09-07,2002,0.000000
2002-09-08,2002,0.000000
2002-09-09,2002,0.000000
2002-09-10,2002,0.000397
2002-09-11,2002,0.000467
2002-09-12,2002,0.000352
2002-09-13,2002,0.000303
2002-09-14,2002,0.000489
2002-09-15,2002,0.000232
2002-09-16,2002,0.000046
2002-09-17,2002,0.001479
2002-09-18,2002,0.013766
2002-09-19,2002,0.093645
2002-09-20,2002,0.063334
2002-09-21,2002,0.029347
2002-09-22,2002,0.012121
2002-09-23,2002,0.004813
2002-09-24,2002,0.001608
2002-09-25,2002,0.000768
2002-09-26,2002,0.008785
2002-09-27,2002,0.009043
2002-09-28,2002,0.007897
2002-09-29,2002,0.006774
2002-09-30,2002,0.012141
2002-10-01,2003,0.008217
2002-10-02,2003,0.082796
2002-10-03,2003,0.173462
2002-10-04,2003,0.271357
2002-10-05,2003,0.241322
2002-10-06,2003,0.188624
2002-10-07,2003,0.134158
2002-10-08,2003,0.084263
2002-10-09,2003,0.055722
2002-10-10,2003,0.038307
2002-10-11,2003,0.025956
2002-10-12,2003,0.018465
2002-10-13,2003,0.016023
2002-10-14,2003,0.014021
2002-10-15,2003,0.011681
2002-10-16,2003,0.010160
2002-10-17,2003,0.009063
2002-10-18,2003,0.007599
2002-10-19,2003,0.006727
2002-10-20,2003,0.005692
2002-10-21,2003,0.005224
2002-10-22,2003,0.005111
2002-10-23,2003,0.077500
2002-10-24,2003,0.158478
2002-10-25,2003,0.184103
2002-10-26,2003,0.173836
2002-10-27,2003,0.286574
2002-10-28,2003,0.314106
2002-10-29,2003,0.444093
2002-10-30,2003,0.606760
2002-10-31,2003,0.681661
2002-11-01,2003,0.760817
2002-11-02,2003,0.789410
2002-11-03,2003,0.872803
2002-11-04,2003,0.871312
2002-11-05,2003,0.879646
2002-11-06,2003,0.864871
2002-11-07,2003,0.831968
2002-11-08,2003,0.789832
2002-11-09,2003,1.074645
2002-11-10,2003,1.318115
2002-11-11,2003,1.384784
2002-11-12,2003,1.404294
2002-11-13,2003,1.394357
2002-11-14,2003,1.412631
2002-11-15,2003,1.471919
2002-11-16,2003,1.506936
2002-11-17,2003,1.494555
2002-11-18,2003,1.490258
2002-11-19,2003,1.480352
2002-11-20,2003,1.467180
2002-11-21,2003,1.442330
2002-11-22,2003,1.406795
2002-11-23,2003,1.365026
2002-11-24,2003,1.373686
2002-11-25,2003,1.485497
2002-11-26,2003,1.491402
2002-11-27,2003,1.486644
2002-11-28,2003,1.480532
2002-11-29,2003,1.469728
2002-11-30,2003,1.453895
2002-12-01,2003,1.456989
2002-12-02,2003,1.474889
2002-12-03,2003,1.470871
2002-12-04,2003,1.553796
2002-12-05,2003,1.560599
2002-12-06,2003,1.558671
2002-12-07,2003,1.552177
2002-12-08,2003,1.546327
2002-12-09,2003,1.541387
2002-12-10,2003,1.532972
2002-12-11,2003,1.524215
2002-12-12,2003,1.542628
2002-12-13,2003,1.571339
2002-12-14,2003,1.562019
2002-12-15,2003,1.549483
2002-12-16,2003,1.544621
2002-12-17,2003,1.643573
2002-12-18,2003,1.823012
2002-12-19,2003,1.877519
2002-12-20,2003,1.876962
2002-12-21,2003,1.907144
2002-12-22,2003,1.921068
2002-12-23,2003,1.935864
2002-12-24,2003,1.978759
2002-12-25,2003,2.003784
2002-12-26,2003,2.014057
2002-12-27,2003,2.013501
2002-12-28,2003,2.005658
2002-12-29,2003,1.991433
2002-12-30,2003,2.020737
2002-12-31,2003,2.014643
2003-01-01,2003,2.153128
2003-01-02,2003,2.181924
2003-01-03,2003,2.173707
2003-01-04,2003,2.155841
2003-01-05,2003,2.139764
2003-01-06,2003,2.257106
2003-01-07,2003,2.243329
2003-01-08,2003,2.222682
2003-01-09,2003,2.198769
2003-01-10,2003,2.203796
2003-01-11,2003,2.253087
2003-01-12,2003,2.327518
2003-01-13,2003,2.323072
2003-01-14,2003,2.305769
2003-01-15,2003,2.284427
2003-01-16,2003,2.332727
2003-01-17,2003,2.337600
2003-01-18,2003,2.329796
2003-01-19,2003,2.318904
2003-01-20,2003,2.299948
2003-01-21,2003,2.280667
2003-01-22,2003,2.267126
2003-01-23,2003,2.265380
2003-01-24,2003,2.265949
2003-01-25,2003,2.268894
2003-01-26,2003,2.264103
2003-01-27,2003,2.248729
2003-01-28,2003,2.221987
2003-01-29,2003,2.256522
2003-01-30,2003,2.246709
2003-01-31,2003,2.261246
2003-02-01,2003,2.226174
2003-02-02,2003,2.180837
2003-02-03,2003,2.422973
2003-02-04,2003,2.430811
2003-02-05,2003,2.457447
2003-02-06,2003,2.540447
2003-02-07,2003,2.579436
2003-02-08,2003,2.574174
2003-02-09,2003,2.580405
2003-02-10,2003,2.586243
2003-02-11,2003,2.583220
2003-02-12,2003,2.570747
2003-02-13,2003,2.562107
2003-02-14,2003,2.672270
2003-02-15,2003,2.729442
2003-02-16,2003,2.755122
2003-02-17,2003,2.827530
2003-02-18,2003,2.858990
2003-02-19,2003,3.003905
2003-02-20,2003,3.000650
2003-02-21,2003,2.995208
2003-02-22,2003,3.045127
2003-02-23,2003,3.159893
2003-02-24,2003,3.200848
2003-02-25,2003,3.331356
2003-02-26,2003,3.566544
2003-02-27,2003,3.709957
2003-02-28,2003,3.852273
2003-03-01,2003,3.934476
2003-03-02,2003,4.009963
2003-03-03,2003,3.999116
2003-03-04,2003,3.989342
2003-03-05,2003,4.259216
2003-03-06,2003,4.264250
2003-03-07,2003,4.266511
2003-03-08,2003,4.242387
2003-03-09,2003,4.192232
2003-03-10,2003,4.128959
2003-03-11,2003,4.057261
2003-03-12,2003,3.972589
2003-03-13,2003,3.866154
2003-03-14,2003,3.728111
2003-03-15,2003,3.604026
2003-03-16,2003,3.520633
2003-03-17,2003,3.620486
2003-03-18,2003,4.118694
2003-03-19,2003,4.637146
2003-03-20,2003,4.812572
2003-03-21,2003,4.896419
2003-03-22,2003,4.906969
2003-03-23,2003,4.839581
2003-03-24,2003,4.758443
2003-03-25,2003,4.814645
2003-03-26,2003,4.746816
2003-03-27,2003,4.833175
2003-03-28,2003,4.915448
2003-03-29,2003,4.930441
2003-03-30,2003,4.922348
2003-03-31,2003,4.868383
2003-04-01,2003,4.763366
2003-04-02,2003,4.619092
2003-04-03,2003,4.530175
2003-04-04,2003,4.596766
2003-04-05,2003,4.588442
2003-04-06,2003,4.686990
2003-04-07,2003,4.728270
2003-04-08,2003,4.778136
2003-04-09,2003,4.733028
2003-04-10,2003,4.643786
2003-04-11,2003,4.532764
2003-04-12,2003,4.406309
2003-04-13,2003,4.266867
2003-04-14,2003,4.109951
2003-04-15,2003,3.974500
2003-04-16,2003,4.057386
2003-04-17,2003,4.007950
2003-04-18,2003,3.988510
2003-04-19,2003,4.019003
2003-04-20,2003,4.134722
2003-04-21,2003,4.075607
2003-04-22,2003,4.048671
2003-04-23,2003,4.089546
2003-04-24,2003,4.388932
2003-04-25,2003,4.362693
2003-04-26,2003,4.240369
2003-04-27,2003,4.123550
2003-04-28,2003,4.024476
2003-04-29,2003,3.924058
2003-04-30,2003,3.855459
2003-05-01,2003,3.836151
2003-05-02,2003,3.814463
2003-05-03,2003,3.770076
2003-05-04,2003,3.761870
2003-05-05,2003,3.836016
2003-05-06,2003,3.819086
2003-05-07,2003,3.800444
2003-05-08,2003,3.785123
2003-05-09,2003,3.828516
2003-05-10,2003,3.976938
2003-05-11,2003,4.000680
2003-05-12,2003,3.943496
2003-05-13,2003,3.838313
2003-05-14,2003,3.712107
2003-05-15,2003,3.537966
2003-05-16,2003,3.401419
2003-05-17,2003,3.143548
2003-05-18,2003,2.895418
2003-05-19,2003,2.710504
2003-05-20,2003,2.586694
2003-05-21,2003,2.457834
2003-05-22,2003,2.294819
2003-05-23,2003,2.100523
2003-05-24,2003,1.894663
2003-05-25,2003,1.682494
2003-05-26,2003,1.473422
2003-05-27,2003,1.269658
2003-05-28,2003,1.054693
2003-05-29,2003,0.844969
2003-05-30,2003,0.656347
2003-05-31,2003,0.488653
2003-06-01,2003,0.357438
2003-06-02,2003,0.277645
2003-06-03,2003,0.220688
2003-06-04,2003,0.182059
2003-06-05,2003,0.160489
2003-06-06,2003,0.146945
2003-06-07,2003,0.136065
2003-06-08,2003,0.124880
2003-06-09,2003,0.105326
2003-06-10,2003,0.085678
2003-06-11,2003,0.067382
2003-06-12,2003,0.055567
2003-06-13,2003,0.045517
2003-06-14,2003,0.037018
2003-06-15,2003,0.027917
2003-06-16,2003,0.018701
2003-06-17,2003,0.011554
2003-06-18,2003,0.007099
2003-06-19,2003,0.004315
2003-06-20,2003,0.005413
2003-06-21,2003,0.003132
2003-06-22,2003,0.001634
2003-06-23,2003,0.000722
2003-06-24,2003,0.000311
2003-06-25,2003,0.001800
2003-06-26,2003,0.000738
2003-06-27,2003,0.000148
2003-06-28,2003,0.000000
2003-06-29,2003,0.000000
2003-06-30,2003,0.000000
2003-07-01,2003,0.000000
2003-07-02,2003,0.000000
2003-07-03,2003,0.000000
2003-07-04,2003,0.000000
2003-07-05,2003,0.000000
2003-07-06,2003,0.000000
2003-07-07,2003,0.000000
2003-07-08,2003,0.000000
2003-07-09,2003,0.000000
2003-07-10,2003,0.000000
2003-07-11,2003,0.000000
2003-07-12,2003,0.000000
2003-07-13,2003,0.000000
2003-07-14,2003,0.000000
2003-07-15,2003,0.000000
2003-07-16,2003,0.000000
2003-07-17,2003,0.000000
2003-07-18,2003,0.000000
2003-07-19,2003,0.000000
2003-07-20,2003,0.000000
2003-07-21,2003,0.000000
2003-07-22,2003,0.000000
2003-07-23,2003,0.000000
2003-07-24,2003,0.000000
2003-07-25,2003,0.000000
2003-07-26,2003,0.000000
2003-07-27,2003,0.000000
2003-07-28,2003,0.000000
2003-07-29,2003,0.000000
2003-07-30,2003,0.000000
2003-07-31,2003,0.000000
2003-08-01,2003,0.000000
2003-08-02,2003,0.000000
2003-08-03,2003,0.000000
2003-08-04,2003,0.000000
2003-08-05,2003,0.000000
2003-08-06,2003,0.000000
2003-08-07,2003,0.000000
2003-08-08,2003,0.000000
2003-08-09,2003,0.000000
2003-08-10,2003,0.000000
2003-08-11,2003,0.000000
2003-08-12,2003,0.000000
2003-08-13,2003,0.000000
2003-08-14,2003,0.000000
2003-08-15,2003,0.000000
2003-08-16,2003,0.000000
2003-08-17,2003,0.001091
2003-08-18,2003,0.000332
2003-08-19,2003,0.000119
2003-08-20,2003,0.000000
2003-08-21,2003,0.000000
2003-08-22,2003,0.000000
2003-08-23,2003,0.000000
2003-08-24,2003,0.000000
2003-08-25,2003,0.000000
2003-08-26,2003,0.000000
2003-08-27,2003,0.000000
2003-08-28,2003,0.000000
2003-08-29,2003,0.000000
2003-08-30,2003,0.000000
2003-08-31,2003,0.000000
2003-09-01,2003,0.000000
2003-09-02,2003,0.000000
2003-09-03,2003,0.000000
2003-09-04,2003,0.000000
2003-09-05,2003,0.000000
2003-09-06,2003,0.000000
2003-09-07,2003,0.000000
2003-09-08,2003,0.000231
2003-09-09,2003,0.000118
2003-09-10,2003,0.009392
2003-09-11,2003,0.026246
2003-09-12,2003,0.019836
2003-09-13,2003,0.014159
2003-09-14,2003,0.044615
2003-09-15,2003,0.027571
2003-09-16,2003,0.012261
2003-09-17,2003,0.004275
2003-09-18,2003,0.010503
2003-09-19,2003,0.007774
2003-09-20,2003,0.003730
2003-09-21,2003,0.001405
2003-09-22,2003,0.000538
2003-09-23,2003,0.000046
2003-09-24,2003,0.000000
2003-09-25,2003,0.000000
2003-09-26,2003,0.000000
2003-09-27,2003,0.000000
2003-09-28,2003,0.000000
2003-09-29,2003,0.000000
2003-09-30,2003,0.000000
2003-10-01,2004,0.000000
2003-10-02,2004,0.000190
2003-10-03,2004,0.003441
2003-10-04,2004,0.011752
2003-10-05,2004,0.009113
2003-10-06,2004,0.005911
2003-10-07,2004,0.003463
2003-10-08,2004,0.001800
2003-10-09,2004,0.000818
2003-10-10,2004,0.000327
2003-10-11,2004,0.002934
2003-10-12,2004,0.002834
2003-10-13,2004,0.003492
2003-10-14,2004,0.012347
2003-10-15,2004,0.010952
2003-10-16,2004,0.008650
2003-10-17,2004,0.005732
2003-10-18,2004,0.002680
2003-10-19,2004,0.001198
2003-10-20,2004,0.000532
2003-10-21,2004,0.000277
2003-10-22,2004,0.000000
2003-10-23,2004,0.000000
2003-10-24,2004,0.000000
2003-10-25,2004,0.012436
2003-10-26,2004,0.030391
2003-10-27,2004,0.025998
2003-10-28,2004,0.016379
2003-10-29,2004,0.009642
2003-10-30,2004,0.005820
2003-10-31,2004,0.051308
2003-11-01,2004,0.079250
2003-11-02,2004,0.243691
2003-11-03,2004,0.452368
2003-11-04,2004,0.630440
2003-11-05,2004,0.635633
2003-11-06,2004,0.663784
2003-11-07,2004,0.670605
2003-11-08,2004,0.684296
2003-11-09,2004,0.681931
2003-11-10,2004,0.716389
2003-11-11,2004,0.847508
2003-11-12,2004,0.862724
2003-11-13,2004,1.018860
2003-11-14,2004,1.125530
2003-11-15,2004,1.144531
2003-11-16,2004,1.141306
2003-11-17,2004,1.173851
2003-11-18,2004,1.335621
2003-11-19,2004,1.326923
2003-11-20,2004,1.301974
2003-11-21,2004,1.270779
2003-11-22,2004,1.350874
2003-11-23,2004,1.564177
2003-11-24,2004,1.560563
2003-11-25,2004,1.551792
2003-11-26,2004,1.592118
2003-11-27,2004,1.673055
2003-11-28,2004,1.669094
2003-11-29,2004,1.658809
2003-11-30,2004,1.637110
2003-12-01,2004,1.601295
2003-12-02,2004,1.571812
2003-12-03,2004,1.560658
2003-12-04,2004,1.551639
2003-12-05,2004,1.543902
2003-12-06,2004,1.534866
2003-12-07,2004,1.514272
2003-12-08,2004,1.618198
2003-12-09,2004,1.933961
2003-12-10,2004,1.924927
2003-12-11,2004,1.920883
2003-12-12,2004,1.925612
2003-12-13,2004,1.930221
2003-12-14,2004,1.939851
2003-12-15,2004,2.078970
2003-12-16,2004,2.170320
2003-12-17,2004,2.163783
2003-12-18,2004,2.152575
2003-12-19,2004,2.144074
2003-12-20,2004,2.127931
2003-12-21,2004,2.108163
2003-12-22,2004,2.229520
2003-12-23,2004,2.248079
2003-12-24,2004,2.241577
2003-12-25,2004,2.231749
2003-12-26,2004,2.290999
2003-12-27,2004,2.463530
2003-12-28,2004,2.515652
2003-12-29,2004,2.521799
2003-12-30,2004,2.552723
2003-12-31,2004,2.634658
2004-01-01,2004,2.625865
2004-01-02,2004,2.763509
2004-01-03,2004,3.146609
2004-01-04,2004,3.421599
2004-01-05,2004,3.423673
2004-01-06,2004,3.425322
2004-01-07,2004,3.424491
2004-01-08,2004,3.450388
2004-01-09,2004,3.444656
2004-01-10,2004,3.438581
2004-01-11,2004,3.428513
2004-01-12,2004,3.419798
2004-01-13,2004,3.412305
2004-01-14,2004,3.403962
2004-01-15,2004,3.394774
2004-01-16,2004,3.411421
2004-01-17,2004,3.423842
2004-01-18,2004,3.421116
2004-01-19,2004,3.415984
2004-01-20,2004,3.439757
2004-01-21,2004,3.573851
2004-01-22,2004,3.571769
2004-01-23,2004,3.566582
2004-01-24,2004,3.555801
2004-01-25,2004,3.553532
2004-01-26,2004,3.692129
2004-01-27,2004,3.693310
2004-01-28,2004,3.692466
2004-01-29,2004,3.696387
2004-01-30,2004,3.701606
2004-01-31,2004,3.725291
2004-02-01,2004,3.948961
2004-02-02,2004,3.989244
2004-02-03,2004,3.989966
2004-02-04,2004,4.196448
2004-02-05,2004,4.383296
2004-02-06,2004,4.415476
2004-02-07,2004,4.411314
2004-02-08,2004,4.441059
2004-02-09,2004,4.481443
2004-02-10,2004,4.480100
2004-02-11,2004,4.491970
2004-02-12,2004,4.628633
2004-02-13,2004,4.633108
2004-02-14,2004,4.629106
2004-02-15,2004,4.623260
2004-02-16,2004,4.619736
2004-02-17,2004,4.610836
2004-02-18,2004,4.585288
2004-02-19,2004,4.531834
2004-02-20,2004,4.733027
2004-02-21,2004,4.733618
2004-02-22,2004,4.823610
2004-02-23,2004,4.843393
2004-02-24,2004,4.883744
2004-02-25,2004,4.932335
2004-02-26,2004,4.910710
2004-02-27,2004,4.906547
2004-02-28,2004,5.038780
2004-02-29,2004,5.185430
2004-03-01,2004,5.274420
2004-03-02,2004,5.278272
2004-03-03,2004,5.369347
2004-03-04,2004,5.350476
2004-03-05,2004,5.430912
2004-03-06,2004,5.458821
2004-03-07,2004,5.462009
2004-03-08,2004,5.413713
2004-03-09,2004,5.329404
2004-03-10,2004,5.221473
2004-03-11,2004,5.130374
2004-03-12,2004,5.046964
2004-03-13,2004,4.944535
2004-03-14,2004,4.848610
2004-03-15,2004,4.826734
2004-03-16,2004,4.762521
2004-03-17,2004,4.679059
2004-03-18,2004,4.560012
2004-03-19,2004,4.419110
2004-03-20,2004,4.218477
2004-03-21,2004,3.988882
2004-03-22,2004,3.779704
2004-03-23,2004,3.583434
2004-03-24,2004,3.403604
2004-03-25,2004,3.223324
2004-03-26,2004,3.058099
2004-03-27,2004,2.998636
2004-03-28,2004,3.071846
2004-03-29,2004,3.095261
2004-03-30,2004,3.058366
2004-03-31,2004,2.998376
2004-04-01,2004,2.912317
2004-04-02,2004,2.818031
2004-04-03,2004,2.893163
2004-04-04,2004,2.914109
2004-04-05,2004,2.955968
2004-04-06,2004,2.928497
2004-04-07,2004,2.840781
2004-04-08,2004,2.802580
2004-04-09,2004,2.851178
2004-04-10,2004,3.108738
2004-04-11,2004,3.303098
2004-04-12,2004,3.345372
2004-04-13,2004,3.297735
2004-04-14,2004,3.170977
2004-04-15,2004,3.048717
2004-04-16,2004,2.945247
2004-04-17,2004,2.843847
2004-04-18,2004,2.787560
2004-04-19,2004,2.831184
2004-04-20,2004,2.788239
2004-04-21,2004,2.805277
2004-04-22,2004,2.915916
2004-04-23,2004,3.364294
2004-04-24,2004,3.482765
2004-04-25,2004,3.483415
2004-04-26,2004,3.431356
2004-04-27,2004,3.280632
2004-04-28,2004,3.098650
2004-04-29,2004,2.980498
2004-04-30,2004,3.110688
2004-05-01,2004,3.188206
2004-05-02,2004,3.106623
2004-05-03,2004,2.985460
2004-05-04,2004,2.831775
2004-05-05,2004,2.661340
2004-05-06,2004,2.486589
2004-05-07,2004,2.339874
2004-05-08,2004,2.209640
2004-05-09,2004,2.087565
2004-05-10,2004,1.956026
2004-05-11,2004,1.821206
2004-05-12,2004,1.767112
2004-05-13,2004,1.857575
2004-05-14,2004,1.882318
2004-05-15,2004,1.839725
2004-05-16,2004,1.755516
2004-05-17,2004,1.651008
2004-05-18,2004,1.565178
2004-05-19,2004,1.447920
2004-05-20,2004,1.329527
2004-05-21,2004,1.217159
2004-05-22,2004,1.138621
2004-05-23,2004,1.102354
2004-05-24,2004,1.056696
2004-05-25,2004,1.031307
2004-05-26,2004,0.992175
2004-05-27,2004,0.950566
2004-05-28,2004,0.895185
2004-05-29,2004,0.819039
2004-05-30,2004,0.841381
2004-05-31,2004,0.842825
2004-06-01,2004,0.811723
2004-06-02,2004,0.755225
2004-06-03,2004,0.680136
2004-06-04,2004,0.593592
2004-06-05,2004,0.513463
2004-06-06,2004,0.439234
2004-06-07,2004,0.361944
2004-06-08,2004,0.292213
2004-06-09,2004,0.237201
2004-06-10,2004,0.191609
2004-06-11,2004,0.179943
2004-06-12,2004,0.167725
2004-06-13,2004,0.150577
2004-06-14,2004,0.121917
2004-06-15,2004,0.092582
2004-06-16,2004,0.069098
2004-06-17,2004,0.050268
2004-06-18,2004,0.036502
2004-06-19,2004,0.026142
2004-06-20,2004,0.015968
2004-06-21,2004,0.009657
2004-06-22,2004,0.014055
2004-06-23,2004,0.007768
2004-06-24,2004,0.003795
2004-06-25,2004,0.001865
2004-06-26,2004,0.000884
2004-06-27,2004,0.000535
2004-06-28,2004,0.000303
2004-06-29,2004,0.000234
2004-06-30,2004,0.000024
2004-07-01,2004,0.000000
2004-07-02,2004,0.000000
2004-07-03,2004,0.000000
2004-07-04,2004,0.000000
2004-07-05,2004,0.000000
2004-07-06,2004,0.000000
2004-07-07,2004,0.000000
2004-07-08,2004,0.000000
2004-07-09,2004,0.000000
2004-07-10,2004,0.000000
2004-07-11,2004,0.000000
2004-07-12,2004,0.000000
2004-07-13,2004,0.000000
2004-07-14,2004,0.000000
2004-07-15,2004,0.000000
2004-07-16,2004,0.000000
2004-07-17,2004,0.000000
2004-07-18,2004,0.000000
2004-07-19,2004,0.000000
2004-07-20,2004,0.000000
2004-07-21,2004,0.000000
2004-07-22,2004,0.000000
2004-07-23,2004,0.000000
2004-07-24,2004,0.000000
2004-07-25,2004,0.000000
2004-07-26,2004,0.000000
2004-07-27,2004,0.000000
2004-07-28,2004,0.000000
2004-07-29,2004,0.000000
2004-07-30,2004,0.000000
2004-07-31,2004,0.000000
2004-08-01,2004,0.000000
2004-08-02,2004,0.000000
2004-08-03,2004,0.000000
2004-08-04,2004,0.000000
2004-08-05,2004,0.000000
2004-08-06,2004,0.000000
2004-08-07,2004,0.000000
2004-08-08,2004,0.000000
2004-08-09,2004,0.000000
2004-08-10,2004,0.000000
2004-08-11,2004,0.000000
2004-08-12,2004,0.000000
2004-08-13,2004,0.000000
2004-08-14,2004,0.000000
2004-08-15,2004,0.000000
2004-08-16,2004,0.000000
2004-08-17,2004,0.000000
2004-08-18,2004,0.000000
2004-08-19,2004,0.000000
2004-08-20,2004,0.000000
2004-08-21,2004,0.000000
2004-08-22,2004,0.000000
2004-08-23,2004,0.000000
2004-08-24,2004,0.000000
2004-08-25,2004,0.000000
2004-08-26,2004,0.000000
2004-08-27,2004,0.001789
2004-08-28,2004,0.002119
2004-08-29,2004,0.001106
2004-08-30,2004,0.000345
2004-08-31,2004,0.000046
2004-09-01,2004,0.000000
2004-09-02,2004,0.000000
2004-09-03,2004,0.000000
2004-09-04,2004,0.000000
2004-09-05,2004,0.015439
2004-09-06,2004,0.011654
2004-09-07,2004,0.004666
2004-09-08,2004,0.001276
2004-09-09,2004,0.000372
2004-09-10,2004,0.000070
2004-09-11,2004,0.000000
2004-09-12,2004,0.000000
2004-09-13,2004,0.000000
2004-09-14,2004,0.000000
2004-09-15,2004,0.000000
2004-09-16,2004,0.000000
2004-09-17,2004,0.000000
2004-09-18,2004,0.000000
2004-09-19,2004,0.000119
2004-09-20,2004,0.000403
2004-09-21,2004,0.059753
2004-09-22,2004,0.232410
2004-09-23,2004,0.237816
2004-09-24,2004,0.165710
2004-09-25,2004,0.104500
2004-09-26,2004,0.058598
2004-09-27,2004,0.030038
2004-09-28,2004,0.015081
2004-09-29,2004,0.010980
2004-09-30,2004,0.033772
2004-10-01,2005,0.059859
2004-10-02,2005,0.058687
2004-10-03,2005,0.040217
2004-10-04,2005,0.028137
2004-10-05,2005,0.026275
2004-10-06,2005,0.044468
2004-10-07,2005,0.040481
2004-10-08,2005,0.028454
2004-10-09,2005,0.018177
2004-10-10,2005,0.011190
2004-10-11,2005,0.007797
2004-10-12,2005,0.011305
2004-10-13,2005,0.074732
2004-10-14,2005,0.166107
2004-10-15,2005,0.118633
2004-10-16,2005,0.079744
2004-10-17,2005,0.047971
2004-10-18,2005,0.054105
2004-10-19,2005,0.087437
2004-10-20,2005,0.078973
2004-10-21,2005,0.056719
2004-10-22,2005,0.135610
2004-10-23,2005,0.270727
2004-10-24,2005,0.249093
2004-10-25,2005,0.278621
2004-10-26,2005,0.280872
2004-10-27,2005,0.245331
2004-10-28,2005,0.210183
2004-10-29,2005,0.430917
2004-10-30,2005,0.483443
2004-10-31,2005,0.480548
2004-11-01,2005,0.663908
2004-11-02,2005,0.693999
2004-11-03,2005,0.684229
2004-11-04,2005,0.654037
2004-11-05,2005,0.611546
2004-11-06,2005,0.555192
2004-11-07,2005,0.494336
2004-11-08,2005,0.426978
2004-11-09,2005,0.361995
2004-11-10,2005,0.490638
2004-11-11,2005,0.508823
2004-11-12,2005,0.512302
2004-11-13,2005,0.523124
2004-11-14,2005,0.617622
2004-11-15,2005,0.604774
2004-11-16,2005,0.563422
2004-11-17,2005,0.514269
2004-11-18,2005,0.485375
2004-11-19,2005,0.466318
2004-11-20,2005,0.500602
2004-11-21,2005,0.815779
2004-11-22,2005,0.887301
2004-11-23,2005,0.871545
2004-11-24,2005,0.883411
2004-11-25,2005,0.896551
2004-11-26,2005,0.942426
2004-11-27,2005,1.048845
2004-11-28,2005,1.410162
2004-11-29,2005,1.677067
2004-11-30,2005,1.696066
2004-12-01,2005,1.685235
2004-12-02,2005,1.678011
2004-12-03,2005,1.673468
2004-12-04,2005,1.666041
2004-12-05,2005,1.711672
2004-12-06,2005,1.731555
2004-12-07,2005,1.746337
2004-12-08,2005,1.770339
2004-12-09,2005,1.894378
2004-12-10,2005,1.951282
2004-12-11,2005,1.935663
2004-12-12,2005,1.895081
2004-12-13,2005,1.870062
2004-12-14,2005,1.855448
2004-12-15,2005,1.844226
2004-12-16,2005,1.912017
2004-12-17,2005,1.912363
2004-12-18,2005,1.904504
2004-12-19,2005,1.895128
2004-12-20,2005,1.879806
2004-12-21,2005,1.868229
2004-12-22,2005,1.941542
2004-12-23,2005,1.989771
2004-12-24,2005,2.003031
2004-12-25,2005,1.997019
2004-12-26,2005,1.988968
2004-12-27,2005,1.974520
2004-12-28,2005,1.955662
2004-12-29,2005,1.968493
2004-12-30,2005,2.353820
2004-12-31,2005,2.361967
2005-01-01,2005,2.398897
2005-01-02,2005,2.411018
2005-01-03,2005,2.417681
2005-01-04,2005,2.625720
2005-01-05,2005,2.977331
2005-01-06,2005,3.090973
2005-01-07,2005,3.142418
2005-01-08,2005,3.206087
2005-01-09,2005,3.409571
2005-01-10,2005,3.546520
2005-01-11,2005,3.725026
2005-01-12,2005,4.097659
2005-01-13,2005,4.192885
2005-01-14,2005,4.186854
2005-01-15,2005,4.180111
2005-01-16,2005,4.174279
2005-01-17,2005,4.175803
2005-01-18,2005,4.170086
2005-01-19,2005,4.154644
2005-01-20,2005,4.128074
2005-01-21,2005,4.093767
2005-01-22,2005,4.070682
2005-01-23,2005,4.055582
2005-01-24,2005,4.034086
2005-01-25,2005,4.012133
2005-01-26,2005,3.996879
2005-01-27,2005,4.083561
2005-01-28,2005,4.202941
2005-01-29,2005,4.219408
2005-01-30,2005,4.356853
2005-01-31,2005,4.506637
2005-02-01,2005,4.575059
2005-02-02,2005,4.594150
2005-02-03,2005,4.588268
2005-02-04,2005,4.581048
2005-02-05,2005,4.568857
2005-02-06,2005,4.553387
2005-02-07,2005,4.572162
2005-02-08,2005,4.819868
2005-02-09,2005,4.834798
2005-02-10,2005,4.828559
2005-02-11,2005,4.811829
2005-02-12,2005,4.879761
2005-02-13,2005,4.948638
2005-02-14,2005,4.912858
2005-02-15,2005,4.953545
2005-02-16,2005,5.055749
2005-02-17,2005,5.174528
2005-02-18,2005,5.153466
2005-02-19,2005,5.236191
2005-02-20,2005,5.374543
2005-02-21,2005,5.462063
2005-02-22,2005,5.470154
2005-02-23,2005,5.546793
2005-02-24,2005,5.633892
2005-02-25,2005,5.623939
2005-02-26,2005,5.636609
2005-02-27,2005,5.652648
2005-02-28,2005,5.647704
2005-03-01,2005,5.631396
2005-03-02,2005,5.672005
2005-03-03,2005,5.650544
2005-03-04,2005,5.646300
2005-03-05,2005,5.611899
2005-03-06,2005,5.586849
2005-03-07,2005,5.534582
2005-03-08,2005,5.490527
2005-03-09,2005,5.476885
2005-03-10,2005,5.398641
2005-03-11,2005,5.334282
2005-03-12,2005,5.260813
2005-03-13,2005,5.217000
2005-03-14,2005,5.285307
2005-03-15,2005,5.448459
2005-03-16,2005,5.442083
2005-03-17,2005,5.441694
2005-03-18,2005,5.485688
2005-03-19,2005,5.492606
2005-03-20,2005,5.504133
2005-03-21,2005,5.689893
2005-03-22,2005,5.691909
2005-03-23,2005,5.671388
2005-03-24,2005,5.753983
2005-03-25,2005,5.872395
2005-03-26,2005,6.055514
2005-03-27,2005,6.080775
2005-03-28,2005,6.030793
2005-03-29,2005,6.024717
2005-03-30,2005,6.131779
2005-03-31,2005,6.283239
2005-04-01,2005,6.314605
2005-04-02,2005,6.276313
2005-04-03,2005,6.203656
2005-04-04,2005,6.086005
2005-04-05,2005,6.109753
2005-04-06,2005,6.104561
2005-04-07,2005,6.035797
2005-04-08,2005,5.884268
2005-04-09,2005,5.807324
2005-04-10,2005,5.876771
2005-04-11,2005,6.142294
2005-04-12,2005,6.072735
2005-04-13,2005,5.995179
2005-04-14,2005,5.862766
2005-04-15,2005,5.693680
2005-04-16,2005,5.540849
2005-04-17,2005,5.317341
2005-04-18,2005,5.069949
2005-04-19,2005,4.881625
2005-04-20,2005,4.735398
2005-04-21,2005,4.733719
2005-04-22,2005,4.695106
2005-04-23,2005,4.606293
2005-04-24,2005,4.453150
2005-04-25,2005,4.747538
2005-04-26,2005,4.788369
2005-04-27,2005,4.712885
2005-04-28,2005,4.754579
2005-04-29,2005,4.901330
2005-04-30,2005,4.950927
2005-05-01,2005,5.018863
2005-05-02,2005,5.095149
2005-05-03,2005,5.108570
2005-05-04,2005,5.048517
2005-05-05,2005,4.925512
2005-05-06,2005,4.738863
2005-05-07,2005,4.567697
2005-05-08,2005,4.589003
2005-05-09,2005,4.488457
2005-05-10,2005,4.332830
2005-05-11,2005,4.212434
2005-05-12,2005,4.209765
2005-05-13,2005,4.189891
2005-05-14,2005,4.115441
2005-05-15,2005,4.012911
2005-05-16,2005,3.832862
2005-05-17,2005,3.569654
2005-05-18,2005,3.446383
2005-05-19,2005,3.280769
2005-05-20,2005,2.989827
2005-05-21,2005,2.676745
2005-05-22,2005,2.403628
2005-05-23,2005,2.146292
2005-05-24,2005,1.916540
2005-05-25,2005,1.713130
2005-05-26,2005,1.558021
2005-05-27,2005,1.431081
2005-05-28,2005,1.325234
2005-05-29,2005,1.209272
2005-05-30,2005,1.091055
2005-05-31,2005,1.007021
2005-06-01,2005,0.941794
2005-06-02,2005,0.861776
2005-06-03,2005,0.784685
2005-06-04,2005,0.804658
2005-06-05,2005,0.804420
2005-06-06,2005,0.696218
2005-06-07,2005,0.602407
2005-06-08,2005,0.550810
2005-06-09,2005,0.500401
2005-06-10,2005,0.470508
2005-06-11,2005,0.453788
2005-06-12,2005,0.428139
2005-06-13,2005,0.410685
2005-06-14,2005,0.369576
2005-06-15,2005,0.309493
2005-06-16,2005,0.249298
2005-06-17,2005,0.202467
2005-06-18,2005,0.165086
2005-06-19,2005,0.130658
2005-06-20,2005,0.102732
2005-06-21,2005,0.077681
2005-06-22,2005,0.054226
2005-06-23,2005,0.033612
2005-06-24,2005,0.019938
2005-06-25,2005,0.010893
2005-06-26,2005,0.006091
2005-06-27,2005,0.003491
2005-06-28,2005,0.001968
2005-06-29,2005,0.001079
2005-06-30,2005,0.000586
2005-07-01,2005,0.000000
2005-07-02,2005,0.000000
2005-07-03,2005,0.000000
2005-07-04,2005,0.000000
2005-07-05,2005,0.000000
2005-07-06,2005,0.000000
2005-07-07,2005,0.000000
2005-07-08,2005,0.000000
2005-07-09,2005,0.000000
2005-07-10,2005,0.000000
2005-07-11,2005,0.000000
2005-07-12,2005,0.000000
2005-07-13,2005,0.000000
2005-07-14,2005,0.000000
2005-07-15,2005,0.000000
2005-07-16,2005,0.000000
2005-07-17,2005,0.000000
2005-07-18,2005,0.000000
2005-07-19,2005,0.000000
2005-07-20,2005,0.000000
2005-07-21,2005,0.000000
2005-07-22,2005,0.000000
2005-07-23,2005,0.000000
2005-07-24,2005,0.000000
2005-07-25,2005,0.000000
2005-07-26,2005,0.000000
2005-07-27,2005,0.000000
2005-07-28,2005,0.000000
2005-07-29,2005,0.000000
2005-07-30,2005,0.000000
2005-07-31,2005,0.000000
2005-08-01,2005,0.000000
2005-08-02,2005,0.000000
2005-08-03,2005,0.000000
2005-08-04,2005,0.000000
2005-08-05,2005,0.000000
2005-08-06,2005,0.000000
2005-08-07,2005,0.000000
2005-08-08,2005,0.000000
2005-08-09,2005,0.000000
2005-08-10,2005,0.000000
2005-08-11,2005,0.000000
2005-08-12,2005,0.000000
2005-08-13,2005,0.000000
2005-08-14,2005,0.000000
2005-08-15,2005,0.000000
2005-08-16,2005,0.000000
2005-08-17,2005,0.000000
2005-08-18,2005,0.000000
2005-08-19,2005,0.000000
2005-08-20,2005,0.000000
2005-08-21,2005,0.000000
2005-08-22,2005,0.000000
2005-08-23,2005,0.000000
2005-08-24,2005,0.000000
2005-08-25,2005,0.000000
2005-08-26,2005,0.000000
2005-08-27,2005,0.000000
2005-08-28,2005,0.000000
2005-08-29,2005,0.000000
2005-08-30,2005,0.000000
2005-08-31,2005,0.000000
2005-09-01,2005,0.000000
2005-09-02,2005,0.000000
2005-09-03,2005,0.000000
2005-09-04,2005,0.000000
2005-09-05,2005,0.000000
2005-09-06,2005,0.000000
2005-09-07,2005,0.000000
2005-09-08,2005,0.000000
2005-09-09,2005,0.000000
2005-09-10,2005,0.000000
2005-09-11,2005,0.000000
2005-09-12,2005,0.000000
2005-09-13,2005,0.000000
2005-09-14,2005,0.000161
2005-09-15,2005,0.002669
2005-09-16,2005,0.001717
2005-09-17,2005,0.000835
2005-09-18,2005,0.000441
2005-09-19,2005,0.000209
2005-09-20,2005,0.000046
2005-09-21,2005,0.000000
2005-09-22,2005,0.000000
2005-09-23,2005,0.000000
2005-09-24,2005,0.000000
2005-09-25,2005,0.000000
2005-09-26,2005,0.000000
2005-09-27,2005,0.000000
2005-09-28,2005,0.001651
2005-09-29,2005,0.007074
2005-09-30,2005,0.014071
2005-10-01,2006,0.004312
2005-10-02,2006,0.001705
2005-10-03,2006,0.000687
2005-10-04,2006,0.000427
2005-10-05,2006,0.022998
2005-10-06,2006,0.030592
2005-10-07,2006,0.026725
2005-10-08,2006,0.014419
2005-10-09,2006,0.030676
2005-10-10,2006,0.404263
2005-10-11,2006,0.593601
2005-10-12,2006,0.550562
2005-10-13,2006,0.473982
2005-10-14,2006,0.371501
2005-10-15,2006,0.251832
2005-10-16,2006,0.168707
2005-10-17,2006,0.106555
2005-10-18,2006,0.065851
2005-10-19,2006,0.098200
2005-10-20,2006,0.141733
2005-10-21,2006,0.100969
2005-10-22,2006,0.072725
2005-10-23,2006,0.050979
2005-10-24,2006,0.041129
2005-10-25,2006,0.029653
2005-10-26,2006,0.022806
2005-10-27,2006,0.021707
2005-10-28,2006,0.018676
2005-10-29,2006,0.033972
2005-10-30,2006,0.069369
2005-10-31,2006,0.162377
2005-11-01,2006,0.157259
2005-11-02,2006,0.132287
2005-11-03,2006,0.100720
2005-11-04,2006,0.096983
2005-11-05,2006,0.155389
2005-11-06,2006,0.196232
2005-11-07,2006,0.172108
2005-11-08,2006,0.139665
2005-11-09,2006,0.124408
2005-11-10,2006,0.101466
2005-11-11,2006,0.074712
2005-11-12,2006,0.218010
2005-11-13,2006,0.256367
2005-11-14,2006,0.360644
2005-11-15,2006,0.623194
2005-11-16,2006,0.619688
2005-11-17,2006,0.618505
2005-11-18,2006,0.659055
2005-11-19,2006,0.666729
2005-11-20,2006,0.662291
2005-11-21,2006,0.651184
2005-11-22,2006,0.634168
2005-11-23,2006,0.615921
2005-11-24,2006,0.599432
2005-11-25,2006,0.589767
2005-11-26,2006,0.582456
2005-11-27,2006,0.701824
2005-11-28,2006,0.759516
2005-11-29,2006,0.764793
2005-11-30,2006,0.830091
2005-12-01,2006,0.868911
2005-12-02,2006,0.917897
2005-12-03,2006,1.221858
2005-12-04,2006,1.317522
2005-12-05,2006,1.344719
2005-12-06,2006,1.353967
2005-12-07,2006,1.466812
2005-12-08,2006,1.473854
2005-12-09,2006,1.468589
2005-12-10,2006,1.461456
2005-12-11,2006,1.455403
2005-12-12,2006,1.448292
2005-12-13,2006,1.475629
2005-12-14,2006,1.562960
2005-12-15,2006,1.561777
2005-12-16,2006,1.558047
2005-12-17,2006,1.558566
2005-12-18,2006,1.590551
2005-12-19,2006,1.656075
2005-12-20,2006,1.771443
2005-12-21,2006,1.775318
2005-12-22,2006,1.752442
2005-12-23,2006,1.745043
2005-12-24,2006,1.738581
2005-12-25,2006,1.726162
2005-12-26,2006,1.705542
2005-12-27,2006,1.770077
2005-12-28,2006,1.781392
2005-12-29,2006,1.834092
2005-12-30,2006,1.901713
2005-12-31,2006,1.921708
2006-01-01,2006,2.049880
2006-01-02,2006,2.121784
2006-01-03,2006,2.129076
2006-01-04,2006,2.196092
2006-01-05,2006,2.237272
2006-01-06,2006,2.229956
2006-01-07,2006,2.211440
2006-01-08,2006,2.213770
2006-01-09,2006,2.301360
2006-01-10,2006,2.307609
2006-01-11,2006,2.296654
2006-01-12,2006,2.326364
2006-01-13,2006,2.343612
2006-01-14,2006,2.335461
2006-01-15,2006,2.317184
2006-01-16,2006,2.435555
2006-01-17,2006,2.471497
2006-01-18,2006,2.485359
2006-01-19,2006,2.557838
2006-01-20,2006,2.815936
2006-01-21,2006,2.810312
2006-01-22,2006,2.802273
2006-01-23,2006,2.797496
2006-01-24,2006,2.790064
2006-01-25,2006,2.780500
2006-01-26,2006,2.876073
2006-01-27,2006,2.902011
2006-01-28,2006,2.949226
2006-01-29,2006,3.001180
2006-01-30,2006,3.028108
2006-01-31,2006,3.025973
2006-02-01,2006,3.061569
2006-02-02,2006,3.125210
2006-02-03,2006,3.266638
2006-02-04,2006,3.285568
2006-02-05,2006,3.304856
2006-02-06,2006,3.319589
2006-02-07,2006,3.309942
2006-02-08,2006,3.292067
2006-02-09,2006,3.268811
2006-02-10,2006,3.267207
2006-02-11,2006,3.272112
2006-02-12,2006,3.261841
2006-02-13,2006,3.248554
2006-02-14,2006,3.235245
2006-02-15,2006,3.231777
2006-02-16,2006,3.331507
2006-02-17,2006,3.335779
2006-02-18,2006,3.427509
2006-02-19,2006,3.472311
2006-02-20,2006,3.516603
2006-02-21,2006,3.519873
2006-02-22,2006,3.511072
2006-02-23,2006,3.498952
2006-02-24,2006,3.478474
2006-02-25,2006,3.452805
2006-02-26,2006,3.427028
2006-02-27,2006,3.391518
2006-02-28,2006,3.333317
2006-03-01,2006,3.326650
2006-03-02,2006,3.323861
2006-03-03,2006,3.310894
2006-03-04,2006,3.262637
2006-03-05,2006,3.238192
2006-03-06,2006,3.205222
2006-03-07,2006,3.160238
2006-03-08,2006,3.275658
2006-03-09,2006,3.502543
2006-03-10,2006,3.635540
2006-03-11,2006,3.823223
2006-03-12,2006,4.049541
2006-03-13,2006,4.211014
2006-03-14,2006,4.230219
2006-03-15,2006,4.213851
2006-03-16,2006,4.240984
2006-03-17,2006,4.214262
2006-03-18,2006,4.194765
2006-03-19,2006,4.318394
2006-03-20,2006,4.430368
2006-03-21,2006,4.487568
2006-03-22,2006,4.552054
2006-03-23,2006,4.579431
2006-03-24,2006,4.543108
2006-03-25,2006,4.469794
2006-03-26,2006,4.364076
2006-03-27,2006,4.378356
2006-03-28,2006,4.335315
2006-03-29,2006,4.312089
2006-03-30,2006,4.449944
2006-03-31,2006,4.448765
2006-04-01,2006,4.425207
2006-04-02,2006,4.507773
2006-04-03,2006,4.465593
2006-04-04,2006,4.388320
2006-04-05,2006,4.285094
2006-04-06,2006,4.242874
2006-04-07,2006,4.432357
2006-04-08,2006,4.421850
2006-04-09,2006,4.331819
2006-04-10,2006,4.226453
2006-04-11,2006,4.177616
2006-04-12,2006,4.163220
2006-04-13,2006,4.045274
2006-04-14,2006,3.894722
2006-04-15,2006,3.869573
2006-04-16,2006,3.864408
2006-04-17,2006,3.737993
2006-04-18,2006,3.670268
2006-04-19,2006,3.694606
2006-04-20,2006,3.674203
2006-04-21,2006,3.637316
2006-04-22,2006,3.570591
2006-04-23,2006,3.416544
2006-04-24,2006,3.295219
2006-04-25,2006,3.318065
2006-04-26,2006,3.283343
2006-04-27,2006,3.197485
2006-04-28,2006,3.081611
2006-04-29,2006,3.189994
2006-04-30,2006,3.145366
2006-05-01,2006,3.058801
2006-05-02,2006,2.947585
2006-05-03,2006,2.835782
2006-05-04,2006,2.720929
2006-05-05,2006,2.616118
2006-05-06,2006,2.566886
2006-05-07,2006,2.493565
2006-05-08,2006,2.406394
2006-05-09,2006,2.333603
2006-05-10,2006,2.332760
2006-05-11,2006,2.314417
2006-05-12,2006,2.262835
2006-05-13,2006,2.152692
2006-05-14,2006,2.009867
2006-05-15,2006,1.842285
2006-05-16,2006,1.698100
2006-05-17,2006,1.567092
2006-05-18,2006,1.427520
2006-05-19,2006,1.276026
2006-05-20,2006,1.117976
2006-05-21,2006,0.957879
2006-05-22,2006,0.831247
2006-05-23,2006,0.724409
2006-05-24,2006,0.660683
2006-05-25,2006,0.584180
2006-05-26,2006,0.501973
2006-05-27,2006,0.427767
2006-05-28,2006,0.374399
2006-05-29,2006,0.353179
2006-05-30,2006,0.342863
2006-05-31,2006,0.314505
2006-06-01,2006,0.276784
2006-06-02,2006,0.229647
2006-06-03,2006,0.187672
2006-06-04,2006,0.153028
2006-06-05,2006,0.124571
2006-06-06,2006,0.101064
2006-06-07,2006,0.078640
2006-06-08,2006,0.057848
2006-06-09,2006,0.042913
2006-06-10,2006,0.030555
2006-06-11,2006,0.020476
2006-06-12,2006,0.012303
2006-06-13,2006,0.006453
2006-06-14,2006,0.003134
2006-06-15,2006,0.001486
2006-06-16,2006,0.000952
2006-06-17,2006,0.000858
2006-06-18,2006,0.000278
2006-06-19,2006,0.000162
2006-06-20,2006,0.000000
2006-06-21,2006,0.000000
2006-06-22,2006,0.000000
2006-06-23,2006,0.000000
2006-06-24,2006,0.000000
2006-06-25,2006,0.000000
2006-06-26,2006,0.000000
2006-06-27,2006,0.000000
2006-06-28,2006,0.000000
2006-06-29,2006,0.000000
2006-06-30,2006,0.000000
2006-07-01,2006,0.000000
2006-07-02,2006,0.000000
2006-07-03,2006,0.000000
2006-07-04,2006,0.000000
2006-07-05,2006,0.000000
2006-07-06,2006,0.000000
2006-07-07,2006,0.000000
2006-07-08,2006,0.000000
2006-07-09,2006,0.000000
2006-07-10,2006,0.000000
2006-07-11,2006,0.000000
2006-07-12,2006,0.000000
2006-07-13,2006,0.000000
2006-07-14,2006,0.000000
2006-07-15,2006,0.000000
2006-07-16,2006,0.000000
2006-07-17,2006,0.000000
2006-07-18,2006,0.000000
2006-07-19,2006,0.000000
2006-07-20,2006,0.000000
2006-07-21,2006,0.000000
2006-07-22,2006,0.000000
2006-07-23,2006,0.000000
2006-07-24,2006,0.000000
2006-07-25,2006,0.000000
2006-07-26,2006,0.000000
2006-07-27,2006,0.000000
2006-07-28,2006,0.000000
2006-07-29,2006,0.000000
2006-07-30,2006,0.000000
2006-07-31,2006,0.000000
2006-08-01,2006,0.000000
2006-08-02,2006,0.000000
2006-08-03,2006,0.000000
2006-08-04,2006,0.000000
2006-08-05,2006,0.000000
2006-08-06,2006,0.000000
2006-08-07,2006,0.000000
2006-08-08,2006,0.000000
2006-08-09,2006,0.000000
2006-08-10,2006,0.000000
2006-08-11,2006,0.000000
2006-08-12,2006,0.000000
2006-08-13,2006,0.000000
2006-08-14,2006,0.000000
2006-08-15,2006,0.000000
2006-08-16,2006,0.000000
2006-08-17,2006,0.000000
2006-08-18,2006,0.000000
2006-08-19,2006,0.000000
2006-08-20,2006,0.000000
2006-08-21,2006,0.000000
2006-08-22,2006,0.000000
2006-08-23,2006,0.000000
2006-08-24,2006,0.000000
2006-08-25,2006,0.000000
2006-08-26,2006,0.000000
2006-08-27,2006,0.000437
2006-08-28,2006,0.000161
2006-08-29,2006,0.000000
2006-08-30,2006,0.000000
2006-08-31,2006,0.000000
2006-09-01,2006,0.000000
2006-09-02,2006,0.000000
2006-09-03,2006,0.000000
2006-09-04,2006,0.000000
2006-09-05,2006,0.000000
2006-09-06,2006,0.000000
2006-09-07,2006,0.000000
2006-09-08,2006,0.001838
2006-09-09,2006,0.004520
2006-09-10,2006,0.002061
2006-09-11,2006,0.001528
2006-09-12,2006,0.000681
2006-09-13,2006,0.000142
2006-09-14,2006,0.000000
2006-09-15,2006,0.000380
2006-09-16,2006,0.013182
2006-09-17,2006,0.046530
2006-09-18,2006,0.045631
2006-09-19,2006,0.031996
2006-09-20,2006,0.016223
2006-09-21,2006,0.161523
2006-09-22,2006,0.234016
2006-09-23,2006,0.425226
2006-09-24,2006,0.404933
2006-09-25,2006,0.328282
2006-09-26,2006,0.241493
2006-09-27,2006,0.161040
2006-09-28,2006,0.103831
2006-09-29,2006,0.059482
2006-09-30,2006,0.032712
2006-10-01,2007,0.016230
2006-10-02,2007,0.009150
2006-10-03,2007,0.005142
2006-10-04,2007,0.003698
2006-10-05,2007,0.002000
2006-10-06,2007,0.000999
2006-10-07,2007,0.000466
2006-10-08,2007,0.000422
2006-10-09,2007,0.019932
2006-10-10,2007,0.193249
2006-10-11,2007,0.167269
2006-10-12,2007,0.134226
2006-10-13,2007,0.095880
2006-10-14,2007,0.065476
2006-10-15,2007,0.087858
2006-10-16,2007,0.066449
2006-10-17,2007,0.107086
2006-10-18,2007,0.390872
2006-10-19,2007,0.394524
2006-10-20,2007,0.401977
2006-10-21,2007,0.543469
2006-10-22,2007,0.564276
2006-10-23,2007,0.547274
2006-10-24,2007,0.483912
2006-10-25,2007,0.422364
2006-10-26,2007,0.709396
2006-10-27,2007,0.942248
2006-10-28,2007,0.900058
2006-10-29,2007,0.812304
2006-10-30,2007,0.726502
2006-10-31,2007,0.679653
2006-11-01,2007,0.666090
2006-11-02,2007,0.653587
2006-11-03,2007,0.630974
2006-11-04,2007,0.591428
2006-11-05,2007,0.582423
2006-11-06,2007,0.561825
2006-11-07,2007,0.513324
2006-11-08,2007,0.403299
2006-11-09,2007,0.329342
2006-11-10,2007,0.315800
2006-11-11,2007,0.315403
2006-11-12,2007,0.424866
2006-11-13,2007,0.514686
2006-11-14,2007,0.594276
2006-11-15,2007,0.806260
2006-11-16,2007,0.797637
2006-11-17,2007,0.782487
2006-11-18,2007,0.759856
2006-11-19,2007,0.736126
2006-11-20,2007,0.717628
2006-11-21,2007,0.679853
2006-11-22,2007,0.639454
2006-11-23,2007,0.597941
2006-11-24,2007,0.569699
2006-11-25,2007,0.576910
2006-11-26,2007,0.583684
2006-11-27,2007,0.589495
2006-11-28,2007,0.727710
2006-11-29,2007,1.022475
2006-11-30,2007,1.108958
2006-12-01,2007,1.102156
2006-12-02,2007,1.118444
2006-12-03,2007,1.140450
2006-12-04,2007,1.131350
2006-12-05,2007,1.121834
2006-12-06,2007,1.109987
2006-12-07,2007,1.103350
2006-12-08,2007,1.096849
2006-12-09,2007,1.083469
2006-12-10,2007,1.072096
2006-12-11,2007,1.154328
2006-12-12,2007,1.222442
2006-12-13,2007,1.225892
2006-12-14,2007,1.226745
2006-12-15,2007,1.200894
2006-12-16,2007,1.176328
2006-12-17,2007,1.215820
2006-12-18,2007,1.354553
2006-12-19,2007,1.471644
2006-12-20,2007,1.631721
2006-12-21,2007,1.962821
2006-12-22,2007,1.970607
2006-12-23,2007,1.970219
2006-12-24,2007,1.972368
2006-12-25,2007,2.003117
2006-12-26,2007,1.994584
2006-12-27,2007,1.984060
2006-12-28,2007,2.008912
2006-12-29,2007,2.299847
2006-12-30,2007,2.406289
2006-12-31,2007,2.450609
2007-01-01,2007,2.446737
2007-01-02,2007,2.439465
2007-01-03,2007,2.433620
2007-01-04,2007,2.423073
2007-01-05,2007,2.601165
2007-01-06,2007,2.809551
2007-01-07,2007,2.831936
2007-01-08,2007,2.825763
2007-01-09,2007,2.819280
2007-01-10,2007,2.812658
2007-01-11,2007,2.797839
2007-01-12,2007,2.888284
2007-01-13,2007,3.235153
2007-01-14,2007,3.339261
2007-01-15,2007,3.418493
2007-01-16,2007,3.417047
2007-01-17,2007,3.415324
2007-01-18,2007,3.412489
2007-01-19,2007,3.409078
2007-01-20,2007,3.418917
2007-01-21,2007,3.468845
2007-01-22,2007,3.542468
2007-01-23,2007,3.539526
2007-01-24,2007,3.536934
2007-01-25,2007,3.533743
2007-01-26,2007,3.529403
2007-01-27,2007,3.526104
2007-01-28,2007,3.533351
2007-01-29,2007,3.528378
2007-01-30,2007,3.525006
2007-01-31,2007,3.609353
2007-02-01,2007,3.761445
2007-02-02,2007,3.820816
2007-02-03,2007,3.849729
2007-02-04,2007,3.839588
2007-02-05,2007,3.830110
2007-02-06,2007,3.815441
2007-02-07,2007,3.768970
2007-02-08,2007,3.733748
2007-02-09,2007,3.699266
2007-02-10,2007,3.674669
2007-02-11,2007,3.669034
2007-02-12,2007,3.769149
2007-02-13,2007,3.769769
2007-02-14,2007,3.887428
2007-02-15,2007,3.933033
2007-02-16,2007,3.961445
2007-02-17,2007,4.026065
2007-02-18,2007,4.005722
2007-02-19,2007,3.983802
2007-02-20,2007,4.100330
2007-02-21,2007,4.075237
2007-02-22,2007,4.028709
2007-02-23,2007,3.961239
2007-02-24,2007,4.070966
2007-02-25,2007,4.074794
2007-02-26,2007,4.139316
2007-02-27,2007,4.168048
2007-02-28,2007,4.291207
2007-03-01,2007,4.468574
2007-03-02,2007,4.513619
2007-03-03,2007,4.552214
2007-03-04,2007,4.539980
2007-03-05,2007,4.519761
2007-03-06,2007,4.468009
2007-03-07,2007,4.412432
2007-03-08,2007,4.347069
2007-03-09,2007,4.357628
2007-03-10,2007,4.290142
2007-03-11,2007,4.341676
2007-03-12,2007,4.268798
2007-03-13,2007,4.129649
2007-03-14,2007,3.932301
2007-03-15,2007,3.752089
2007-03-16,2007,3.636243
2007-03-17,2007,3.515744
2007-03-18,2007,3.346070
2007-03-19,2007,3.171055
2007-03-20,2007,3.017141
2007-03-21,2007,2.891281
2007-03-22,2007,2.836840
2007-03-23,2007,2.749548
2007-03-24,2007,2.736097
2007-03-25,2007,2.872572
2007-03-26,2007,2.756764
2007-03-27,2007,2.646603
2007-03-28,2007,2.649243
2007-03-29,2007,2.816697
2007-03-30,2007,2.904399
2007-03-31,2007,2.933742
2007-04-01,2007,2.894788
2007-04-02,2007,2.814111
2007-04-03,2007,2.720782
2007-04-04,2007,2.660207
2007-04-05,2007,2.609934
2007-04-06,2007,2.554427
2007-04-07,2007,2.511679
2007-04-08,2007,2.542016
2007-04-09,2007,2.628479
2007-04-10,2007,2.638507
2007-04-11,2007,2.676320
2007-04-12,2007,2.678367
2007-04-13,2007,2.850870
2007-04-14,2007,2.944172
2007-04-15,2007,2.876395
2007-04-16,2007,2.750448
2007-04-17,2007,2.782030
2007-04-18,2007,2.706670
2007-04-19,2007,2.684842
2007-04-20,2007,2.658648
2007-04-21,2007,2.607036
2007-04-22,2007,2.648721
2007-04-23,2007,2.634203
2007-04-24,2007,2.781749
2007-04-25,2007,3.007286
2007-04-26,2007,2.921617
2007-04-27,2007,2.818544
2007-04-28,2007,2.690396
2007-04-29,2007,2.526257
2007-04-30,2007,2.352718
2007-05-01,2007,2.195157
2007-05-02,2007,2.082025
2007-05-03,2007,1.938622
2007-05-04,2007,1.843843
2007-05-05,2007,2.002998
2007-05-06,2007,2.237122
2007-05-07,2007,2.344247
2007-05-08,2007,2.282377
2007-05-09,2007,2.168736
2007-05-10,2007,2.038798
2007-05-11,2007,1.886720
2007-05-12,2007,1.728521
2007-05-13,2007,1.569814
2007-05-14,2007,1.421063
2007-05-15,2007,1.287142
2007-05-16,2007,1.195079
2007-05-17,2007,1.100380
2007-05-18,2007,1.009385
2007-05-19,2007,0.913519
2007-05-20,2007,0.816989
2007-05-21,2007,0.733436
2007-05-22,2007,0.674648
2007-05-23,2007,0.740669
2007-05-24,2007,0.863949
2007-05-25,2007,0.794005
2007-05-26,2007,0.697759
2007-05-27,2007,0.621838
2007-05-28,2007,0.551292
2007-05-29,2007,0.486222
2007-05-30,2007,0.454110
2007-05-31,2007,0.439926
2007-06-01,2007,0.414900
2007-06-02,2007,0.381941
2007-06-03,2007,0.339916
2007-06-04,2007,0.300566
2007-06-05,2007,0.262415
2007-06-06,2007,0.220058
2007-06-07,2007,0.232631
2007-06-08,2007,0.266695
2007-06-09,2007,0.225504
2007-06-10,2007,0.187166
2007-06-11,2007,0.158833
2007-06-12,2007,0.139794
2007-06-13,2007,0.125341
2007-06-14,2007,0.109881
2007-06-15,2007,0.091345
2007-06-16,2007,0.070718
2007-06-17,2007,0.053291
2007-06-18,2007,0.038420
2007-06-19,2007,0.031497
2007-06-20,2007,0.024325
2007-06-21,2007,0.016715
2007-06-22,2007,0.010340
2007-06-23,2007,0.005587
2007-06-24,2007,0.002665
2007-06-25,2007,0.001298
2007-06-26,2007,0.000579
2007-06-27,2007,0.000209
2007-06-28,2007,0.000000
2007-06-29,2007,0.000000
2007-06-30,2007,0.000000
2007-07-01,2007,0.000000
2007-07-02,2007,0.000000
2007-07-03,2007,0.000000
2007-07-04,2007,0.000000
2007-07-05,2007,0.000000
2007-07-06,2007,0.000000
2007-07-07,2007,0.000000
2007-07-08,2007,0.000000
2007-07-09,2007,0.000000
2007-07-10,2007,0.000000
2007-07-11,2007,0.000000
2007-07-12,2007,0.000000
2007-07-13,2007,0.000000
2007-07-14,2007,0.000000
2007-07-15,2007,0.000000
2007-07-16,2007,0.000000
2007-07-17,2007,0.000000
2007-07-18,2007,0.000000
2007-07-19,2007,0.000000
2007-07-20,2007,0.000000
2007-07-21,2007,0.000000
2007-07-22,2007,0.000000
2007-07-23,2007,0.000000
2007-07-24,2007,0.000000
2007-07-25,2007,0.000000
2007-07-26,2007,0.000000
2007-07-27,2007,0.000000
2007-07-28,2007,0.000000
2007-07-29,2007,0.000000
2007-07-30,2007,0.000000
2007-07-31,2007,0.000000
2007-08-01,2007,0.000000
2007-08-02,2007,0.000000
2007-08-03,2007,0.000000
2007-08-04,2007,0.000000
2007-08-05,2007,0.000000
2007-08-06,2007,0.000000
2007-08-07,2007,0.000000
2007-08-08,2007,0.000000
2007-08-09,2007,0.000000
2007-08-10,2007,0.000000
2007-08-11,2007,0.000000
2007-08-12,2007,0.000000
2007-08-13,2007,0.000000
2007-08-14,2007,0.000000
2007-08-15,2007,0.000000
2007-08-16,2007,0.000000
2007-08-17,2007,0.000000
2007-08-18,2007,0.000000
2007-08-19,2007,0.000000
2007-08-20,2007,0.000000
2007-08-21,2007,0.000000
2007-08-22,2007,0.000000
2007-08-23,2007,0.000000
2007-08-24,2007,0.000000
2007-08-25,2007,0.000000
2007-08-26,2007,0.000000
2007-08-27,2007,0.000000
2007-08-28,2007,0.000000
2007-08-29,2007,0.000000
2007-08-30,2007,0.000000
2007-08-31,2007,0.000000
2007-09-01,2007,0.000000
2007-09-02,2007,0.000000
2007-09-03,2007,0.000000
2007-09-04,2007,0.000000
2007-09-05,2007,0.000000
2007-09-06,2007,0.000000
2007-09-07,2007,0.000000
2007-09-08,2007,0.000000
2007-09-09,2007,0.000000
2007-09-10,2007,0.000000
2007-09-11,2007,0.000000
2007-09-12,2007,0.000000
2007-09-13,2007,0.000000
2007-09-14,2007,0.000000
2007-09-15,2007,0.000000
2007-09-16,2007,0.000000
2007-09-17,2007,0.000000
2007-09-18,2007,0.003078
2007-09-19,2007,0.001654
2007-09-20,2007,0.000653
2007-09-21,2007,0.000233
2007-09-22,2007,0.000046
2007-09-23,2007,0.000000
2007-09-24,2007,0.012528
2007-09-25,2007,0.023915
2007-09-26,2007,0.016158
2007-09-27,2007,0.009898
2007-09-28,2007,0.004578
2007-09-29,2007,0.003487
2007-09-30,2007,0.071939
2007-10-01,2008,0.047919
2007-10-02,2008,0.050112
2007-10-03,2008,0.036612
2007-10-04,2008,0.017671
2007-10-05,2008,0.008116
2007-10-06,2008,0.003335
2007-10-07,2008,0.034837
2007-10-08,2008,0.043809
2007-10-09,2008,0.028247
2007-10-10,2008,0.013818
2007-10-11,2008,0.004965
2007-10-12,2008,0.001857
2007-10-13,2008,0.000605
2007-10-14,2008,0.048924
2007-10-15,2008,0.155185
2007-10-16,2008,0.131852
2007-10-17,2008,0.117827
2007-10-18,2008,0.215463
2007-10-19,2008,0.218314
2007-10-20,2008,0.155005
2007-10-21,2008,0.266949
2007-10-22,2008,0.407346
2007-10-23,2008,0.395015
2007-10-24,2008,0.300918
2007-10-25,2008,0.201786
2007-10-26,2008,0.132016
2007-10-27,2008,0.085256
2007-10-28,2008,0.057372
2007-10-29,2008,0.039370
2007-10-30,2008,0.026699
2007-10-31,2008,0.032703
2007-11-01,2008,0.043234
2007-11-02,2008,0.037166
2007-11-03,2008,0.034560
2007-11-04,2008,0.031243
2007-11-05,2008,0.026233
2007-11-06,2008,0.022893
2007-11-07,2008,0.020511
2007-11-08,2008,0.018048
2007-11-09,2008,0.016307
2007-11-10,2008,0.014030
2007-11-11,2008,0.011600
2007-11-12,2008,0.013347
2007-11-13,2008,0.019559
2007-11-14,2008,0.031382
2007-11-15,2008,0.033245
2007-11-16,2008,0.030758
2007-11-17,2008,0.026892
2007-11-18,2008,0.030124
2007-11-19,2008,0.025226
2007-11-20,2008,0.020153
2007-11-21,2008,0.121539
2007-11-22,2008,0.133626
2007-11-23,2008,0.177540
2007-11-24,2008,0.288394
2007-11-25,2008,0.283306
2007-11-26,2008,0.277825
2007-11-27,2008,0.279735
2007-11-28,2008,0.308336
2007-11-29,2008,0.316422
2007-11-30,2008,0.308299
2007-12-01,2008,0.712865
2007-12-02,2008,1.107035
2007-12-03,2008,1.102318
2007-12-04,2008,1.082816
2007-12-05,2008,1.048251
2007-12-06,2008,1.092605
2007-12-07,2008,1.335245
2007-12-08,2008,1.837937
2007-12-09,2008,2.187616
2007-12-10,2008,2.200942
2007-12-11,2008,2.432407
2007-12-12,2008,2.582829
2007-12-13,2008,2.582257
2007-12-14,2008,2.613435
2007-12-15,2008,2.664763
2007-12-16,2008,2.664307
2007-12-17,2008,2.661988
2007-12-18,2008,2.657640
2007-12-19,2008,2.660829
2007-12-20,2008,2.684862
2007-12-21,2008,2.777812
2007-12-22,2008,2.964528
2007-12-23,2008,2.969561
2007-12-24,2008,2.998882
2007-12-25,2008,3.096572
2007-12-26,2008,3.229477
2007-12-27,2008,3.259669
2007-12-28,2008,3.328128
2007-12-29,2008,3.336936
2007-12-30,2008,3.372277
2007-12-31,2008,3.468061
2008-01-01,2008,3.467054
2008-01-02,2008,3.464149
2008-01-03,2008,3.457927
2008-01-04,2008,3.456431
2008-01-05,2008,3.459387
2008-01-06,2008,3.991642
2008-01-07,2008,4.230601
2008-01-08,2008,4.385253
2008-01-09,2008,4.416811
2008-01-10,2008,4.580114
2008-01-11,2008,4.592481
2008-01-12,2008,4.665694
2008-01-13,2008,4.672843
2008-01-14,2008,4.673742
2008-01-15,2008,4.671244
2008-01-16,2008,4.699605
2008-01-17,2008,4.730287
2008-01-18,2008,4.749528
2008-01-19,2008,4.775016
2008-01-20,2008,4.780529
2008-01-21,2008,4.777610
2008-01-22,2008,4.825730
2008-01-23,2008,4.832844
2008-01-24,2008,4.831651
2008-01-25,2008,4.939265
2008-01-26,2008,4.964673
2008-01-27,2008,4.955745
2008-01-28,2008,5.275206
2008-01-29,2008,5.540762
2008-01-30,2008,5.579322
2008-01-31,2008,5.654997
2008-02-01,2008,5.682184
2008-02-02,2008,5.758449
2008-02-03,2008,5.824288
2008-02-04,2008,6.077994
2008-02-05,2008,6.267728
2008-02-06,2008,6.289911
2008-02-07,2008,6.350214
2008-02-08,2008,6.448959
2008-02-09,2008,6.461253
2008-02-10,2008,6.455732
2008-02-11,2008,6.449375
2008-02-12,2008,6.470167
2008-02-13,2008,6.470985
2008-02-14,2008,6.602489
2008-02-15,2008,6.809297
2008-02-16,2008,6.820008
2008-02-17,2008,6.818149
2008-02-18,2008,6.847365
2008-02-19,2008,6.837645
2008-02-20,2008,6.824660
2008-02-21,2008,6.865780
2008-02-22,2008,6.935700
2008-02-23,2008,7.042791
2008-02-24,2008,7.088683
2008-02-25,2008,7.339210
2008-02-26,2008,7.403992
2008-02-27,2008,7.389617
2008-02-28,2008,7.364157
2008-02-29,2008,7.324112
2008-03-01,2008,7.282207
2008-03-02,2008,7.324976
2008-03-03,2008,7.538321
2008-03-04,2008,7.528288
2008-03-05,2008,7.571386
2008-03-06,2008,7.639446
2008-03-07,2008,7.643933
2008-03-08,2008,7.634047
2008-03-09,2008,7.664248
2008-03-10,2008,7.658244
2008-03-11,2008,7.655832
2008-03-12,2008,7.620381
2008-03-13,2008,7.588432
2008-03-14,2008,7.663911
2008-03-15,2008,7.713917
2008-03-16,2008,7.709870
2008-03-17,2008,7.831504
2008-03-18,2008,7.866842
2008-03-19,2008,7.844216
2008-03-20,2008,7.804930
2008-03-21,2008,7.780772
2008-03-22,2008,7.740582
2008-03-23,2008,7.723380
2008-03-24,2008,7.689013
2008-03-25,2008,7.624875
2008-03-26,2008,7.536352
2008-03-27,2008,7.447870
2008-03-28,2008,7.395206
2008-03-29,2008,7.365498
2008-03-30,2008,7.329224
2008-03-31,2008,7.477083
2008-04-01,2008,7.512790
2008-04-02,2008,7.486696
2008-04-03,2008,7.467991
2008-04-04,2008,7.478142
2008-04-05,2008,7.428499
2008-04-06,2008,7.435694
2008-04-07,2008,7.475631
2008-04-08,2008,7.569197
2008-04-09,2008,7.535458
2008-04-10,2008,7.720768
2008-04-11,2008,7.831747
2008-04-12,2008,7.903405
2008-04-13,2008,7.865939
2008-04-14,2008,7.788453
2008-04-15,2008,7.642534
2008-04-16,2008,7.429086
2008-04-17,2008,7.573344
2008-04-18,2008,7.576252
2008-04-19,2008,7.477921
2008-04-20,2008,7.297049
2008-04-21,2008,7.169777
2008-04-22,2008,7.095732
2008-04-23,2008,6.968556
2008-04-24,2008,6.781487
2008-04-25,2008,6.708049
2008-04-26,2008,6.686211
2008-04-27,2008,6.658725
2008-04-28,2008,6.597958
2008-04-29,2008,6.488606
2008-04-30,2008,6.298861
2008-05-01,2008,6.196704
2008-05-02,2008,6.337852
2008-05-03,2008,6.343356
2008-05-04,2008,6.281196
2008-05-05,2008,6.167594
2008-05-06,2008,5.967450
2008-05-07,2008,5.724775
2008-05-08,2008,5.517046
2008-05-09,2008,5.415516
2008-05-10,2008,5.395806
2008-05-11,2008,5.361351
2008-05-12,2008,5.245388
2008-05-13,2008,5.285737
2008-05-14,2008,5.323240
2008-05-15,2008,5.279199
2008-05-16,2008,5.237368
2008-05-17,2008,5.073604
2008-05-18,2008,4.801523
2008-05-19,2008,4.480209
2008-05-20,2008,4.115556
2008-05-21,2008,3.738424
2008-05-22,2008,3.459775
2008-05-23,2008,3.505942
2008-05-24,2008,3.552195
2008-05-25,2008,3.505347
2008-05-26,2008,3.381592
2008-05-27,2008,3.187138
2008-05-28,2008,3.023965
2008-05-29,2008,2.762683
2008-05-30,2008,2.597216
2008-05-31,2008,2.462674
2008-06-01,2008,2.278621
2008-06-02,2008,2.056958
2008-06-03,2008,1.847718
2008-06-04,2008,1.683243
2008-06-05,2008,1.594939
2008-06-06,2008,1.570858
2008-06-07,2008,1.423039
2008-06-08,2008,1.287615
2008-06-09,2008,1.227495
2008-06-10,2008,1.163522
2008-06-11,2008,1.037791
2008-06-12,2008,1.007607
2008-06-13,2008,0.977837
2008-06-14,2008,0.908181
2008-06-15,2008,0.799072
2008-06-16,2008,0.676051
2008-06-17,2008,0.561121
2008-06-18,2008,0.468421
2008-06-19,2008,0.389691
2008-06-20,2008,0.331181
2008-06-21,2008,0.284226
2008-06-22,2008,0.240163
2008-06-23,2008,0.197801
2008-06-24,2008,0.158820
2008-06-25,2008,0.124058
2008-06-26,2008,0.093667
2008-06-27,2008,0.070006
2008-06-28,2008,0.049869
2008-06-29,2008,0.032392
2008-06-30,2008,0.017942
2008-07-01,2008,0.009473
2008-07-02,2008,0.004771
2008-07-03,2008,0.002397
2008-07-04,2008,0.001045
2008-07-05,2008,0.000418
2008-07-06,2008,0.000000
2008-07-07,2008,0.000000
2008-07-08,2008,0.000000
2008-07-09,2008,0.000000
2008-07-10,2008,0.000000
2008-07-11,2008,0.000000
2008-07-12,2008,0.000000
2008-07-13,2008,0.000000
2008-07-14,2008,0.000000
2008-07-15,2008,0.000000
2008-07-16,2008,0.000000
2008-07-17,2008,0.000000
2008-07-18,2008,0.000000
2008-07-19,2008,0.000000
2008-07-20,2008,0.000000
2008-07-21,2008,0.000000
2008-07-22,2008,0.000000
2008-07-23,2008,0.000000
2008-07-24,2008,0.000000
2008-07-25,2008,0.000000
2008-07-26,2008,0.000000
2008-07-27,2008,0.000000
2008-07-28,2008,0.000000
2008-07-29,2008,0.000000
2008-07-30,2008,0.000000
2008-07-31,2008,0.000000
2008-08-01,2008,0.000000
2008-08-02,2008,0.000000
2008-08-03,2008,0.000000
2008-08-04,2008,0.000000
2008-08-05,2008,0.000000
2008-08-06,2008,0.000000
2008-08-07,2008,0.000000
2008-08-08,2008,0.000000
2008-08-09,2008,0.000000
2008-08-10,2008,0.000000
2008-08-11,2008,0.000000
2008-08-12,2008,0.000000
2008-08-13,2008,0.000000
2008-08-14,2008,0.000000
2008-08-15,2008,0.000000
2008-08-16,2008,0.009758
2008-08-17,2008,0.010942
2008-08-18,2008,0.005170
2008-08-19,2008,0.001576
2008-08-20,2008,0.000441
2008-08-21,2008,0.000000
2008-08-22,2008,0.000000
2008-08-23,2008,0.000000
2008-08-24,2008,0.000000
2008-08-25,2008,0.000000
2008-08-26,2008,0.000000
2008-08-27,2008,0.000000
2008-08-28,2008,0.000000
2008-08-29,2008,0.000000
2008-08-30,2008,0.000000
2008-08-31,2008,0.000000
2008-09-01,2008,0.000000
2008-09-02,2008,0.000000
2008-09-03,2008,0.000000
2008-09-04,2008,0.000000
2008-09-05,2008,0.000387
2008-09-06,2008,0.000182
2008-09-07,2008,0.000091
2008-09-08,2008,0.000000
2008-09-09,2008,0.000000
2008-09-10,2008,0.000000
2008-09-11,2008,0.000237
2008-09-12,2008,0.005861
2008-09-13,2008,0.005628
2008-09-14,2008,0.002735
2008-09-15,2008,0.001297
2008-09-16,2008,0.000579
2008-09-17,2008,0.000116
2008-09-18,2008,0.000309
2008-09-19,2008,0.000166
2008-09-20,2008,0.000141
2008-09-21,2008,0.000094
2008-09-22,2008,0.000000
2008-09-23,2008,0.000023
2008-09-24,2008,0.000000
2008-09-25,2008,0.000000
2008-09-26,2008,0.000000
2008-09-27,2008,0.000000
2008-09-28,2008,0.001163
2008-09-29,2008,0.000664
2008-09-30,2008,0.000285
2008-10-01,2009,0.000119
2008-10-02,2009,0.000047
2008-10-03,2009,0.000024
2008-10-04,2009,0.000000
2008-10-05,2009,0.034363
2008-10-06,2009,0.038730
2008-10-07,2009,0.032333
2008-10-08,2009,0.020567
2008-10-09,2009,0.011777
2008-10-10,2009,0.007339
2008-10-11,2009,0.008992
2008-10-12,2009,0.127038
2008-10-13,2009,0.147244
2008-10-14,2009,0.169855
2008-10-15,2009,0.211841
2008-10-16,2009,0.168894
2008-10-17,2009,0.119366
2008-10-18,2009,0.074272
2008-10-19,2009,0.044681
2008-10-20,2009,0.030141
2008-10-21,2009,0.027619
2008-10-22,2009,0.113338
2008-10-23,2009,0.128190
2008-10-24,2009,0.122148
2008-10-25,2009,0.108985
2008-10-26,2009,0.080731
2008-10-27,2009,0.065652
2008-10-28,2009,0.048937
2008-10-29,2009,0.035012
2008-10-30,2009,0.026227
2008-10-31,2009,0.019643
2008-11-01,2009,0.014486
2008-11-02,2009,0.010266
2008-11-03,2009,0.017802
2008-11-04,2009,0.015942
2008-11-05,2009,0.199581
2008-11-06,2009,0.276720
2008-11-07,2009,0.271550
2008-11-08,2009,0.272543
2008-11-09,2009,0.251099
2008-11-10,2009,0.264613
2008-11-11,2009,0.355007
2008-11-12,2009,0.379419
2008-11-13,2009,0.394318
2008-11-14,2009,0.367041
2008-11-15,2009,0.372713
2008-11-16,2009,0.358266
2008-11-17,2009,0.316827
2008-11-18,2009,0.269351
2008-11-19,2009,0.223345
2008-11-20,2009,0.202224
2008-11-21,2009,0.201080
2008-11-22,2009,0.192946
2008-11-23,2009,0.183013
2008-11-24,2009,0.180032
2008-11-25,2009,0.173375
2008-11-26,2009,0.167292
2008-11-27,2009,0.176658
2008-11-28,2009,0.399574
2008-11-29,2009,0.483899
2008-11-30,2009,0.596339
2008-12-01,2009,0.729961
2008-12-02,2009,0.706432
2008-12-03,2009,0.734883
2008-12-04,2009,0.785752
2008-12-05,2009,0.850271
2008-12-06,2009,0.838401
2008-12-07,2009,0.808362
2008-12-08,2009,0.782299
2008-12-09,2009,1.121161
2008-12-10,2009,1.126695
2008-12-11,2009,1.119021
2008-12-12,2009,1.111854
2008-12-13,2009,1.138364
2008-12-14,2009,1.406378
2008-12-15,2009,1.475655
2008-12-16,2009,1.711342
2008-12-17,2009,1.845425
2008-12-18,2009,1.963339
2008-12-19,2009,2.203437
2008-12-20,2009,2.253935
2008-12-21,2009,2.275605
2008-12-22,2009,2.287465
2008-12-23,2009,2.662867
2008-12-24,2009,2.747955
2008-12-25,2009,2.810837
2008-12-26,2009,3.207570
2008-12-27,2009,3.348067
2008-12-28,2009,3.361208
2008-12-29,2009,3.358626
2008-12-30,2009,3.349207
2008-12-31,2009,3.337482
2009-01-01,2009,3.327974
2009-01-02,2009,3.318268
2009-01-03,2009,3.344881
2009-01-04,2009,3.487601
2009-01-05,2009,3.611807
2009-01-06,2009,3.668533
2009-01-07,2009,3.742529
2009-01-08,2009,3.785691
2009-01-09,2009,3.811075
2009-01-10,2009,3.914991
2009-01-11,2009,3.911101
2009-01-12,2009,3.949132
2009-01-13,2009,4.006917
2009-01-14,2009,4.003281
2009-01-15,2009,3.999478
2009-01-16,2009,3.996331
2009-01-17,2009,3.988981
2009-01-18,2009,3.981799
2009-01-19,2009,3.970536
2009-01-20,2009,3.956980
2009-01-21,2009,3.945186
2009-01-22,2009,3.929510
2009-01-23,2009,3.937496
2009-01-24,2009,4.021295
2009-01-25,2009,4.221518
2009-01-26,2009,4.432985
2009-01-27,2009,4.572913
2009-01-28,2009,4.582482
2009-01-29,2009,4.637334
2009-01-30,2009,4.635305
2009-01-31,2009,4.627611
2009-02-01,2009,4.617338
2009-02-02,2009,4.606805
2009-02-03,2009,4.593830
2009-02-04,2009,4.578445
2009-02-05,2009,4.556389
2009-02-06,2009,4.525935
2009-02-07,2009,4.512248
2009-02-08,2009,4.489176
2009-02-09,2009,4.645011
2009-02-10,2009,4.837151
2009-02-11,2009,4.924340
2009-02-12,2009,4.925393
2009-02-13,2009,4.990180
2009-02-14,2009,5.011600
2009-02-15,2009,5.087998
2009-02-16,2009,5.075884
2009-02-17,2009,5.075514
2009-02-18,2009,5.183333
2009-02-19,2009,5.219742
2009-02-20,2009,5.211205
2009-02-21,2009,5.194888
2009-02-22,2009,5.177811
2009-02-23,2009,5.157437
2009-02-24,2009,5.272295
2009-02-25,2009,5.165957
2009-02-26,2009,5.113630
2009-02-27,2009,5.094924
2009-02-28,2009,5.108671
2009-03-01,2009,5.089884
2009-03-02,2009,5.038988
2009-03-03,2009,4.933236
2009-03-04,2009,4.782388
2009-03-05,2009,4.642431
2009-03-06,2009,4.639536
2009-03-07,2009,4.704648
2009-03-08,2009,4.823162
2009-03-09,2009,4.794181
2009-03-10,2009,4.964722
2009-03-11,2009,4.971638
2009-03-12,2009,4.950272
2009-03-13,2009,4.949184
2009-03-14,2009,4.955869
2009-03-15,2009,4.931073
2009-03-16,2009,4.888955
2009-03-17,2009,4.813301
2009-03-18,2009,4.709659
2009-03-19,2009,4.609813
2009-03-20,2009,4.491516
2009-03-21,2009,4.349069
2009-03-22,2009,4.206082
2009-03-23,2009,4.207215
2009-03-24,2009,4.384738
2009-03-25,2009,4.426360
2009-03-26,2009,4.619604
2009-03-27,2009,4.979932
2009-03-28,2009,4.985334
2009-03-29,2009,4.961173
2009-03-30,2009,5.010291
2009-03-31,2009,5.063983
2009-04-01,2009,5.120086
2009-04-02,2009,5.211042
2009-04-03,2009,5.254259
2009-04-04,2009,5.444546
2009-04-05,2009,5.569281
2009-04-06,2009,5.556833
2009-04-07,2009,5.522981
2009-04-08,2009,5.452340
2009-04-09,2009,5.355806
2009-04-10,2009,5.385820
2009-04-11,2009,5.328675
2009-04-12,2009,5.456699
2009-04-13,2009,5.526006
2009-04-14,2009,5.410940
2009-04-15,2009,5.302415
2009-04-16,2009,5.283471
2009-04-17,2009,5.565151
2009-04-18,2009,5.966285
2009-04-19,2009,5.979777
2009-04-20,2009,5.877092
2009-04-21,2009,5.709972
2009-04-22,2009,5.477051
2009-04-23,2009,5.260380
2009-04-24,2009,5.024990
2009-04-25,2009,4.845535
2009-04-26,2009,4.769055
2009-04-27,2009,4.838977
2009-04-28,2009,4.795523
2009-04-29,2009,4.676949
2009-04-30,2009,4.544069
2009-05-01,2009,4.413963
2009-05-02,2009,4.272562
2009-05-03,2009,4.265788
2009-05-04,2009,4.158856
2009-05-05,2009,4.042570
2009-05-06,2009,3.880077
2009-05-07,2009,3.667402
2009-05-08,2009,3.439932
2009-05-09,2009,3.329883
2009-05-10,2009,3.244258
2009-05-11,2009,3.090922
2009-05-12,2009,2.897671
2009-05-13,2009,2.678541
2009-05-14,2009,2.581887
2009-05-15,2009,2.438822
2009-05-16,2009,2.310485
2009-05-17,2009,2.150868
2009-05-18,2009,1.973446
2009-05-19,2009,1.759799
2009-05-20,2009,1.558119
2009-05-21,2009,1.377678
2009-05-22,2009,1.252795
2009-05-23,2009,1.113067
2009-05-24,2009,0.969073
2009-05-25,2009,0.837934
2009-05-26,2009,0.750011
2009-05-27,2009,0.700412
2009-05-28,2009,0.631267
2009-05-29,2009,0.556103
2009-05-30,2009,0.477080
2009-05-31,2009,0.408713
2009-06-01,2009,0.361844
2009-06-02,2009,0.334699
2009-06-03,2009,0.305128
2009-06-04,2009,0.259543
2009-06-05,2009,0.225271
2009-06-06,2009,0.191799
2009-06-07,2009,0.176208
2009-06-08,2009,0.170959
2009-06-09,2009,0.158821
2009-06-10,2009,0.146621
2009-06-11,2009,0.141232
2009-06-12,2009,0.130061
2009-06-13,2009,0.116232
2009-06-14,2009,0.101093
2009-06-15,2009,0.089953
2009-06-16,2009,0.079767
2009-06-17,2009,0.068235
2009-06-18,2009,0.056045
2009-06-19,2009,0.046867
2009-06-20,2009,0.036228
2009-06-21,2009,0.027045
2009-06-22,2009,0.017485
2009-06-23,2009,0.009905
2009-06-24,2009,0.005324
2009-06-25,2009,0.002463
2009-06-26,2009,0.001301
2009-06-27,2009,0.000651
2009-06-28,2009,0.000325
2009-06-29,2009,0.000000
2009-06-30,2009,0.000000
2009-07-01,2009,0.000000
2009-07-02,2009,0.000000
2009-07-03,2009,0.000000
2009-07-04,2009,0.000000
2009-07-05,2009,0.000000
2009-07-06,2009,0.000000
2009-07-07,2009,0.000000
2009-07-08,2009,0.000000
2009-07-09,2009,0.000000
2009-07-10,2009,0.000000
2009-07-11,2009,0.000000
2009-07-12,2009,0.000000
2009-07-13,2009,0.000000
2009-07-14,2009,0.000000
2009-07-15,2009,0.000000
2009-07-16,2009,0.000000
2009-07-17,2009,0.000000
2009-07-18,2009,0.000000
2009-07-19,2009,0.000000
2009-07-20,2009,0.000000
2009-07-21,2009,0.000000
2009-07-22,2009,0.000000
2009-07-23,2009,0.000000
2009-07-24,2009,0.000000
2009-07-25,2009,0.000000
2009-07-26,2009,0.000000
2009-07-27,2009,0.000000
2009-07-28,2009,0.000000
2009-07-29,2009,0.000000
2009-07-30,2009,0.000000
2009-07-31,2009,0.000000
2009-08-01,2009,0.000000
2009-08-02,2009,0.000000
2009-08-03,2009,0.000000
2009-08-04,2009,0.000000
2009-08-05,2009,0.000000
2009-08-06,2009,0.000000
2009-08-07,2009,0.000000
2009-08-08,2009,0.000000
2009-08-09,2009,0.000000
2009-08-10,2009,0.000000
2009-08-11,2009,0.000000
2009-08-12,2009,0.000000
2009-08-13,2009,0.000000
2009-08-14,2009,0.000000
2009-08-15,2009,0.000000
2009-08-16,2009,0.000000
2009-08-17,2009,0.000000
2009-08-18,2009,0.000000
2009-08-19,2009,0.000000
2009-08-20,2009,0.000000
2009-08-21,2009,0.000000
2009-08-22,2009,0.000000
2009-08-23,2009,0.000000
2009-08-24,2009,0.000000
2009-08-25,2009,0.000000
2009-08-26,2009,0.000000
2009-08-27,2009,0.000000
2009-08-28,2009,0.000000
2009-08-29,2009,0.000000
2009-08-30,2009,0.000000
2009-08-31,2009,0.000000
2009-09-01,2009,0.000000
2009-09-02,2009,0.000000
2009-09-03,2009,0.000000
2009-09-04,2009,0.000000
2009-09-05,2009,0.000000
2009-09-06,2009,0.000000
2009-09-07,2009,0.000000
2009-09-08,2009,0.000000
2009-09-09,2009,0.000000
2009-09-10,2009,0.000000
2009-09-11,2009,0.000000
2009-09-12,2009,0.000000
2009-09-13,2009,0.011447
2009-09-14,2009,0.004318
2009-09-15,2009,0.001596
2009-09-16,2009,0.000486
2009-09-17,2009,0.000116
2009-09-18,2009,0.000000
2009-09-19,2009,0.000000
2009-09-20,2009,0.000000
2009-09-21,2009,0.015604
2009-09-22,2009,0.121057
2009-09-23,2009,0.125694
2009-09-24,2009,0.126452
2009-09-25,2009,0.106787
2009-09-26,2009,0.065299
2009-09-27,2009,0.029278
2009-09-28,2009,0.011670
2009-09-29,2009,0.004441
2009-09-30,2009,0.002575
2009-10-01,2010,0.044462
2009-10-02,2010,0.057964
2009-10-03,2010,0.053581
2009-10-04,2010,0.047624
2009-10-05,2010,0.082559
2009-10-06,2010,0.142023
2009-10-07,2010,0.133605
2009-10-08,2010,0.109273
2009-10-09,2010,0.176828
2009-10-10,2010,0.210667
2009-10-11,2010,0.207287
2009-10-12,2010,0.224513
2009-10-13,2010,0.199643
2009-10-14,2010,0.168029
2009-10-15,2010,0.166470
2009-10-16,2010,0.131782
2009-10-17,2010,0.105583
2009-10-18,2010,0.074113
2009-10-19,2010,0.045647
2009-10-20,2010,0.031010
2009-10-21,2010,0.156422
2009-10-22,2010,0.342206
2009-10-23,2010,0.332763
2009-10-24,2010,0.324782
2009-10-25,2010,0.334863
2009-10-26,2010,0.433712
2009-10-27,2010,0.421347
2009-10-28,2010,0.610977
2009-10-29,2010,0.951428
2009-10-30,2010,1.026266
2009-10-31,2010,1.050877
2009-11-01,2010,0.993253
2009-11-02,2010,0.907791
2009-11-03,2010,0.834989
2009-11-04,2010,0.740662
2009-11-05,2010,0.629722
2009-11-06,2010,0.517398
2009-11-07,2010,0.420696
2009-11-08,2010,0.346148
2009-11-09,2010,0.316154
2009-11-10,2010,0.286865
2009-11-11,2010,0.255147
2009-11-12,2010,0.220927
2009-11-13,2010,0.249116
2009-11-14,2010,0.452556
2009-11-15,2010,0.692684
2009-11-16,2010,0.740453
2009-11-17,2010,0.733377
2009-11-18,2010,0.720925
2009-11-19,2010,0.703542
2009-11-20,2010,0.692521
2009-11-21,2010,0.676286
2009-11-22,2010,0.670805
2009-11-23,2010,0.712441
2009-11-24,2010,0.719364
2009-11-25,2010,0.710724
2009-11-26,2010,0.697081
2009-11-27,2010,0.668139
2009-11-28,2010,0.643793
2009-11-29,2010,0.676290
2009-11-30,2010,0.673582
2009-12-01,2010,0.658283
2009-12-02,2010,0.664563
2009-12-03,2010,0.698996
2009-12-04,2010,0.705716
2009-12-05,2010,0.695991
2009-12-06,2010,0.720998
2009-12-07,2010,0.820441
2009-12-08,2010,1.395823
2009-12-09,2010,1.601083
2009-12-10,2010,1.603649
2009-12-11,2010,1.598688
2009-12-12,2010,1.606204
2009-12-13,2010,1.696962
2009-12-14,2010,2.020346
2009-12-15,2010,2.027061
2009-12-16,2010,2.020153
2009-12-17,2010,2.011305
2009-12-18,2010,2.013056
2009-12-19,2010,2.011407
2009-12-20,2010,2.006327
2009-12-21,2010,1.997110
2009-12-22,2010,1.986293
2009-12-23,2010,2.139152
2009-12-24,2010,2.232968
2009-12-25,2010,2.231582
2009-12-26,2010,2.265077
2009-12-27,2010,2.271014
2009-12-28,2010,2.269742
2009-12-29,2010,2.269101
2009-12-30,2010,2.335285
2009-12-31,2010,2.454561
2010-01-01,2010,2.420375
2010-01-02,2010,2.424149
2010-01-03,2010,2.464576
2010-01-04,2010,2.468886
2010-01-05,2010,2.465684
2010-01-06,2010,2.480829
2010-01-07,2010,2.542255
2010-01-08,2010,2.538459
2010-01-09,2010,2.532028
2010-01-10,2010,2.523754
2010-01-11,2010,2.515874
2010-01-12,2010,2.507494
2010-01-13,2010,2.494155
2010-01-14,2010,2.483536
2010-01-15,2010,2.477101
2010-01-16,2010,2.468777
2010-01-17,2010,2.454648
2010-01-18,2010,2.448866
2010-01-19,2010,2.524211
2010-01-20,2010,2.633100
2010-01-21,2010,2.726101
2010-01-22,2010,3.181207
2010-01-23,2010,3.381811
2010-01-24,2010,3.456673
2010-01-25,2010,3.489389
2010-01-26,2010,3.489626
2010-01-27,2010,3.511997
2010-01-28,2010,3.633684
2010-01-29,2010,3.718018
2010-01-30,2010,3.713931
2010-01-31,2010,3.707731
2010-02-01,2010,3.706969
2010-02-02,2010,3.709670
2010-02-03,2010,3.702255
2010-02-04,2010,3.795095
2010-02-05,2010,3.792895
2010-02-06,2010,3.794124
2010-02-07,2010,3.858456
2010-02-08,2010,4.037114
2010-02-09,2010,4.071498
2010-02-10,2010,4.067817
2010-02-11,2010,4.070854
2010-02-12,2010,4.084454
2010-02-13,2010,4.128531
2010-02-14,2010,4.217392
2010-02-15,2010,4.221434
2010-02-16,2010,4.241792
2010-02-17,2010,4.237731
2010-02-18,2010,4.245638
2010-02-19,2010,4.306270
2010-02-20,2010,4.493951
2010-02-21,2010,4.728327
2010-02-22,2010,4.926804
2010-02-23,2010,4.961481
2010-02-24,2010,4.954047
2010-02-25,2010,4.994047
2010-02-26,2010,5.061110
2010-02-27,2010,5.051784
2010-02-28,2010,5.045132
2010-03-01,2010,5.114466
2010-03-02,2010,5.110565
2010-03-03,2010,5.091706
2010-03-04,2010,5.059272
2010-03-05,2010,5.092588
2010-03-06,2010,5.142918
2010-03-07,2010,5.114938
2010-03-08,2010,5.274137
2010-03-09,2010,5.392365
2010-03-10,2010,5.429985
2010-03-11,2010,5.571551
2010-03-12,2010,5.565489
2010-03-13,2010,5.542811
2010-03-14,2010,5.553453
2010-03-15,2010,5.746515
2010-03-16,2010,5.718285
2010-03-17,2010,5.664209
2010-03-18,2010,5.581146
2010-03-19,2010,5.556509
2010-03-20,2010,5.886164
2010-03-21,2010,5.866391
2010-03-22,2010,5.830795
2010-03-23,2010,5.799025
2010-03-24,2010,6.047888
2010-03-25,2010,6.074619
2010-03-26,2010,6.057777
2010-03-27,2010,6.227880
2010-03-28,2010,6.229256
2010-03-29,2010,6.180994
2010-03-30,2010,6.082597
2010-03-31,2010,5.871503
2010-04-01,2010,5.844468
2010-04-02,2010,6.078563
2010-04-03,2010,6.087161
2010-04-04,2010,6.133321
2010-04-05,2010,6.103582
2010-04-06,2010,6.149523
2010-04-07,2010,6.284469
2010-04-08,2010,6.288501
2010-04-09,2010,6.241333
2010-04-10,2010,6.152779
2010-04-11,2010,6.035111
2010-04-12,2010,5.844303
2010-04-13,2010,5.610148
2010-04-14,2010,5.557821
2010-04-15,2010,5.433703
2010-04-16,2010,5.217505
2010-04-17,2010,5.087656
2010-04-18,2010,4.840943
2010-04-19,2010,4.602320
2010-04-20,2010,4.361020
2010-04-21,2010,4.102413
2010-04-22,2010,3.968945
2010-04-23,2010,4.013522
2010-04-24,2010,4.367283
2010-04-25,2010,4.306493
2010-04-26,2010,4.262373
2010-04-27,2010,4.201151
2010-04-28,2010,4.058413
2010-04-29,2010,4.023885
2010-04-30,2010,4.139508
2010-05-01,2010,4.215709
2010-05-02,2010,4.253087
2010-05-03,2010,4.337088
2010-05-04,2010,4.254887
2010-05-05,2010,4.156942
2010-05-06,2010,4.044582
2010-05-07,2010,4.025124
2010-05-08,2010,3.991545
2010-05-09,2010,3.926541
2010-05-10,2010,3.782185
2010-05-11,2010,3.736491
2010-05-12,2010,3.844312
2010-05-13,2010,3.900376
2010-05-14,2010,3.904298
2010-05-15,2010,3.897832
2010-05-16,2010,3.839516
2010-05-17,2010,3.709247
2010-05-18,2010,3.516615
2010-05-19,2010,3.373590
2010-05-20,2010,3.320607
2010-05-21,2010,3.136596
2010-05-22,2010,2.919296
2010-05-23,2010,2.741486
2010-05-24,2010,2.580638
2010-05-25,2010,2.606609
2010-05-26,2010,2.544015
2010-05-27,2010,2.395977
2010-05-28,2010,2.179154
2010-05-29,2010,1.948068
2010-05-30,2010,1.810894
2010-05-31,2010,1.734505
2010-06-01,2010,1.622294
2010-06-02,2010,1.505243
2010-06-03,2010,1.383698
2010-06-04,2010,1.224318
2010-06-05,2010,1.030402
2010-06-06,2010,0.835382
2010-06-07,2010,0.652588
2010-06-08,2010,0.495638
2010-06-09,2010,0.377052
2010-06-10,2010,0.267100
2010-06-11,2010,0.199355
2010-06-12,2010,0.163758
2010-06-13,2010,0.162952
2010-06-14,2010,0.150865
2010-06-15,2010,0.128217
2010-06-16,2010,0.096873
2010-06-17,2010,0.072706
2010-06-18,2010,0.059189
2010-06-19,2010,0.043996
2010-06-20,2010,0.032029
2010-06-21,2010,0.022780
2010-06-22,2010,0.014964
2010-06-23,2010,0.009363
2010-06-24,2010,0.005086
2010-06-25,2010,0.002320
2010-06-26,2010,0.001113
2010-06-27,2010,0.000510
2010-06-28,2010,0.000209
2010-06-29,2010,0.000000
2010-06-30,2010,0.000000
2010-07-01,2010,0.000000
2010-07-02,2010,0.000000
2010-07-03,2010,0.000000
2010-07-04,2010,0.000000
2010-07-05,2010,0.000000
2010-07-06,2010,0.000000
2010-07-07,2010,0.000000
2010-07-08,2010,0.000000
2010-07-09,2010,0.000000
2010-07-10,2010,0.000000
2010-07-11,2010,0.000000
2010-07-12,2010,0.000000
2010-07-13,2010,0.000000
2010-07-14,2010,0.000000
2010-07-15,2010,0.000000
2010-07-16,2010,0.000000
2010-07-17,2010,0.000000
2010-07-18,2010,0.000000
2010-07-19,2010,0.000000
2010-07-20,2010,0.000000
2010-07-21,2010,0.000000
2010-07-22,2010,0.000000
2010-07-23,2010,0.000000
2010-07-24,2010,0.000000
2010-07-25,2010,0.000000
2010-07-26,2010,0.000000
2010-07-27,2010,0.000000
2010-07-28,2010,0.000000
2010-07-29,2010,0.000000
2010-07-30,2010,0.000000
2010-07-31,2010,0.000000
2010-08-01,2010,0.000000
2010-08-02,2010,0.000000
2010-08-03,2010,0.000000
2010-08-04,2010,0.000000
2010-08-05,2010,0.000000
2010-08-06,2010,0.000000
2010-08-07,2010,0.000000
2010-08-08,2010,0.000000
2010-08-09,2010,0.000000
2010-08-10,2010,0.000000
2010-08-11,2010,0.000000
2010-08-12,2010,0.000000
2010-08-13,2010,0.000000
2010-08-14,2010,0.000000
2010-08-15,2010,0.000000
2010-08-16,2010,0.000000
2010-08-17,2010,0.000000
2010-08-18,2010,0.000000
2010-08-19,2010,0.000000
2010-08-20,2010,0.000000
2010-08-21,2010,0.000000
2010-08-22,2010,0.000000
2010-08-23,2010,0.000000
2010-08-24,2010,0.000000
2010-08-25,2010,0.000000
2010-08-26,2010,0.000000
2010-08-27,2010,0.000000
2010-08-28,2010,0.000000
2010-08-29,2010,0.000000
2010-08-30,2010,0.000166
2010-08-31,2010,0.000071
2010-09-01,2010,0.000024
2010-09-02,2010,0.000000
2010-09-03,2010,0.000000
2010-09-04,2010,0.000000
2010-09-05,2010,0.000000
2010-09-06,2010,0.000000
2010-09-07,2010,0.000000
2010-09-08,2010,0.000000
2010-09-09,2010,0.000047
2010-09-10,2010,0.000000
2010-09-11,2010,0.000000
2010-09-12,2010,0.000000
2010-09-13,2010,0.000000
2010-09-14,2010,0.000000
2010-09-15,2010,0.000000
2010-09-16,2010,0.000000
2010-09-17,2010,0.000000
2010-09-18,2010,0.000000
2010-09-19,2010,0.000000
2010-09-20,2010,0.000000
2010-09-21,2010,0.000000
2010-09-22,2010,0.000000
2010-09-23,2010,0.001454
2010-09-24,2010,0.001749
2010-09-25,2010,0.000816
2010-09-26,2010,0.000349
2010-09-27,2010,0.000023
2010-09-28,2010,0.000000
2010-09-29,2010,0.000000
2010-09-30,2010,0.000000
2010-10-01,2011,0.000000
2010-10-02,2011,0.000000
2010-10-03,2011,0.000000
2010-10-04,2011,0.000000
2010-10-05,2011,0.000000
2010-10-06,2011,0.000000
2010-10-07,2011,0.001091
2010-10-08,2011,0.013430
2010-10-09,2011,0.022920
2010-10-10,2011,0.032532
2010-10-11,2011,0.031226
2010-10-12,2011,0.026326
2010-10-13,2011,0.029959
2010-10-14,2011,0.021098
2010-10-15,2011,0.012847
2010-10-16,2011,0.007652
2010-10-17,2011,0.004671
2010-10-18,2011,0.002915
2010-10-19,2011,0.013659
2010-10-20,2011,0.010306
2010-10-21,2011,0.009061
2010-10-22,2011,0.041621
2010-10-23,2011,0.145492
2010-10-24,2011,0.184461
2010-10-25,2011,0.188494
2010-10-26,2011,0.414710
2010-10-27,2011,0.463892
2010-10-28,2011,0.462215
2010-10-29,2011,0.443036
2010-10-30,2011,0.377868
2010-10-31,2011,0.351355
2010-11-01,2011,0.351982
2010-11-02,2011,0.343834
2010-11-03,2011,0.295712
2010-11-04,2011,0.252455
2010-11-05,2011,0.227079
2010-11-06,2011,0.195630
2010-11-07,2011,0.158553
2010-11-08,2011,0.147639
2010-11-09,2011,0.186374
2010-11-10,2011,0.321333
2010-11-11,2011,0.352383
2010-11-12,2011,0.387441
2010-11-13,2011,0.385203
2010-11-14,2011,0.392619
2010-11-15,2011,0.478931
2010-11-16,2011,0.566146
2010-11-17,2011,0.713946
2010-11-18,2011,0.708582
2010-11-19,2011,0.686598
2010-11-20,2011,0.664480
2010-11-21,2011,0.687896
2010-11-22,2011,0.935147
2010-11-23,2011,0.961748
2010-11-24,2011,1.026016
2010-11-25,2011,1.097137
2010-11-26,2011,1.090231
2010-11-27,2011,1.083399
2010-11-28,2011,1.072904
2010-11-29,2011,1.184739
2010-11-30,2011,1.216475
2010-12-01,2011,1.209920
2010-12-02,2011,1.217811
2010-12-03,2011,1.205049
2010-12-04,2011,1.195821
2010-12-05,2011,1.191639
2010-12-06,2011,1.178488
2010-12-07,2011,1.239532
2010-12-08,2011,1.249709
2010-12-09,2011,1.238015
2010-12-10,2011,1.237747
2010-12-11,2011,1.318224
2010-12-12,2011,1.326883
2010-12-13,2011,1.324056
2010-12-14,2011,1.301347
2010-12-15,2011,1.295136
2010-12-16,2011,1.414994
2010-12-17,2011,1.547095
2010-12-18,2011,1.596343
2010-12-19,2011,1.750106
2010-12-20,2011,1.968630
2010-12-21,2011,2.304541
2010-12-22,2011,2.547726
2010-12-23,2011,2.588154
2010-12-24,2011,2.683224
2010-12-25,2011,2.674962
2010-12-26,2011,2.668531
2010-12-27,2011,2.692062
2010-12-28,2011,2.688069
2010-12-29,2011,2.685680
2010-12-30,2011,3.058598
2010-12-31,2011,3.316280
2011-01-01,2011,3.335107
2011-01-02,2011,3.332998
2011-01-03,2011,3.341388
2011-01-04,2011,3.340239
2011-01-05,2011,3.341258
2011-01-06,2011,3.337951
2011-01-07,2011,3.329723
2011-01-08,2011,3.322916
2011-01-09,2011,3.377079
2011-01-10,2011,3.517125
2011-01-11,2011,3.528867
2011-01-12,2011,3.524968
2011-01-13,2011,3.521476
2011-01-14,2011,3.543848
2011-01-15,2011,3.541830
2011-01-16,2011,3.536466
2011-01-17,2011,3.574782
2011-01-18,2011,3.688636
2011-01-19,2011,3.691912
2011-01-20,2011,3.845459
2011-01-21,2011,3.848339
2011-01-22,2011,3.871975
2011-01-23,2011,3.929181
2011-01-24,2011,3.937584
2011-01-25,2011,3.951908
2011-01-26,2011,3.983489
2011-01-27,2011,3.978437
2011-01-28,2011,3.964684
2011-01-29,2011,3.939028
2011-01-30,2011,3.916334
2011-01-31,2011,3.910398
2011-02-01,2011,4.051516
2011-02-02,2011,4.121934
2011-02-03,2011,4.122273
2011-02-04,2011,4.142677
2011-02-05,2011,4.171015
2011-02-06,2011,4.371333
2011-02-07,2011,4.425003
2011-02-08,2011,4.632690
2011-02-09,2011,4.772511
2011-02-10,2011,4.768847
2011-02-11,2011,4.763357
2011-02-12,2011,4.757068
2011-02-13,2011,4.740909
2011-02-14,2011,4.705774
2011-02-15,2011,4.667001
2011-02-16,2011,4.627023
2011-02-17,2011,4.644593
2011-02-18,2011,4.693166
2011-02-19,2011,4.717096
2011-02-20,2011,4.984159
2011-02-21,2011,5.035421
2011-02-22,2011,5.027781
2011-02-23,2011,5.010349
2011-02-24,2011,5.023139
2011-02-25,2011,5.062508
2011-02-26,2011,5.219344
2011-02-27,2011,5.260736
2011-02-28,2011,5.286967
2011-03-01,2011,5.262758
2011-03-02,2011,5.233719
2011-03-03,2011,5.200450
2011-03-04,2011,5.256315
2011-03-05,2011,5.312695
2011-03-06,2011,5.293700
2011-03-07,2011,5.409223
2011-03-08,2011,5.660547
2011-03-09,2011,5.693373
2011-03-10,2011,5.671869
2011-03-11,2011,5.624889
2011-03-12,2011,5.553961
2011-03-13,2011,5.583167
2011-03-14,2011,5.559493
2011-03-15,2011,5.499868
2011-03-16,2011,5.429893
2011-03-17,2011,5.329165
2011-03-18,2011,5.493196
2011-03-19,2011,5.440299
2011-03-20,2011,5.358228
2011-03-21,2011,5.294864
2011-03-22,2011,5.339939
2011-03-23,2011,5.383992
2011-03-24,2011,5.353863
2011-03-25,2011,5.370221
2011-03-26,2011,5.464633
2011-03-27,2011,5.519560
2011-03-28,2011,5.592885
2011-03-29,2011,5.624674
2011-03-30,2011,5.613961
2011-03-31,2011,5.620576
2011-04-01,2011,5.522177
2011-04-02,2011,5.404629
2011-04-03,2011,5.237497
2011-04-04,2011,5.446913
2011-04-05,2011,5.425121
2011-04-06,2011,5.360815
2011-04-07,2011,5.426412
2011-04-08,2011,5.417312
2011-04-09,2011,5.342767
2011-04-10,2011,5.451472
2011-04-11,2011,5.482053
2011-04-12,2011,5.437496
2011-04-13,2011,5.372423
2011-04-14,2011,5.437548
2011-04-15,2011,5.479268
2011-04-16,2011,5.446821
2011-04-17,2011,5.395188
2011-04-18,2011,5.333422
2011-04-19,2011,5.309162
2011-04-20,2011,5.292568
2011-04-21,2011,5.293410
2011-04-22,2011,5.214141
2011-04-23,2011,5.192224
2011-04-24,2011,5.347362
2011-04-25,2011,5.468239
2011-04-26,2011,5.512437
2011-04-27,2011,5.585581
2011-04-28,2011,5.558915
2011-04-29,2011,5.500493
2011-04-30,2011,5.539788
2011-05-01,2011,5.585165
2011-05-02,2011,5.666289
2011-05-03,2011,5.654426
2011-05-04,2011,5.607654
2011-05-05,2011,5.532041
2011-05-06,2011,5.453531
2011-05-07,2011,5.333631
2011-05-08,2011,5.120544
2011-05-09,2011,4.940976
2011-05-10,2011,4.868118
2011-05-11,2011,4.903965
2011-05-12,2011,5.093041
2011-05-13,2011,4.999516
2011-05-14,2011,4.825184
2011-05-15,2011,4.708722
2011-05-16,2011,4.490314
2011-05-17,2011,4.310919
2011-05-18,2011,4.263833
2011-05-19,2011,4.441556
2011-05-20,2011,4.579969
2011-05-21,2011,4.644746
2011-05-22,2011,4.545389
2011-05-23,2011,4.372701
2011-05-24,2011,4.195901
2011-05-25,2011,4.149807
2011-05-26,2011,4.035018
2011-05-27,2011,3.864361
2011-05-28,2011,3.724035
2011-05-29,2011,3.502086
2011-05-30,2011,3.233507
2011-05-31,2011,3.190295
2011-06-01,2011,3.081199
2011-06-02,2011,2.833607
2011-06-03,2011,2.610926
2011-06-04,2011,2.482567
2011-06-05,2011,2.265976
2011-06-06,2011,2.026068
2011-06-07,2011,1.783294
2011-06-08,2011,1.646492
2011-06-09,2011,1.494497
2011-06-10,2011,1.366758
2011-06-11,2011,1.247707
2011-06-12,2011,1.104990
2011-06-13,2011,0.987524
2011-06-14,2011,0.877090
2011-06-15,2011,0.779841
2011-06-16,2011,0.676292
2011-06-17,2011,0.571987
2011-06-18,2011,0.501986
2011-06-19,2011,0.436709
2011-06-20,2011,0.410421
2011-06-21,2011,0.376692
2011-06-22,2011,0.320735
2011-06-23,2011,0.263094
2011-06-24,2011,0.207106
2011-06-25,2011,0.159973
2011-06-26,2011,0.124078
2011-06-27,2011,0.098342
2011-06-28,2011,0.076697
2011-06-29,2011,0.055695
2011-06-30,2011,0.036793
2011-07-01,2011,0.022843
2011-07-02,2011,0.012286
2011-07-03,2011,0.005806
2011-07-04,2011,0.002694
2011-07-05,2011,0.001161
2011-07-06,2011,0.000488
2011-07-07,2011,0.000093
2011-07-08,2011,0.000000
2011-07-09,2011,0.000000
2011-07-10,2011,0.000000
2011-07-11,2011,0.000000
2011-07-12,2011,0.000000
2011-07-13,2011,0.000000
2011-07-14,2011,0.000000
2011-07-15,2011,0.000000
2011-07-16,2011,0.000000
2011-07-17,2011,0.000000
2011-07-18,2011,0.000000
2011-07-19,2011,0.000000
2011-07-20,2011,0.000000
2011-07-21,2011,0.000000
2011-07-22,2011,0.000000
2011-07-23,2011,0.000000
2011-07-24,2011,0.000000
2011-07-25,2011,0.000000
2011-07-26,2011,0.000000
2011-07-27,2011,0.000000
2011-07-28,2011,0.000000
2011-07-29,2011,0.000000
2011-07-30,2011,0.000000
2011-07-31,2011,0.000000
2011-08-01,2011,0.000000
2011-08-02,2011,0.000000
2011-08-03,2011,0.000000
2011-08-04,2011,0.000000
2011-08-05,2011,0.000000
2011-08-06,2011,0.000000
2011-08-07,2011,0.000000
2011-08-08,2011,0.000000
2011-08-09,2011,0.000000
2011-08-10,2011,0.000000
2011-08-11,2011,0.000000
2011-08-12,2011,0.000000
2011-08-13,2011,0.000000
2011-08-14,2011,0.000000
2011-08-15,2011,0.000000
2011-08-16,2011,0.000000
2011-08-17,2011,0.000000
2011-08-18,2011,0.000000
2011-08-19,2011,0.000000
2011-08-20,2011,0.000000
2011-08-21,2011,0.000000
2011-08-22,2011,0.000000
2011-08-23,2011,0.000000
2011-08-24,2011,0.000000
2011-08-25,2011,0.000000
2011-08-26,2011,0.000000
2011-08-27,2011,0.000000
2011-08-28,2011,0.000000
2011-08-29,2011,0.000000
2011-08-30,2011,0.000000
2011-08-31,2011,0.000000
2011-09-01,2011,0.000000
2011-09-02,2011,0.000000
2011-09-03,2011,0.000000
2011-09-04,2011,0.000000
2011-09-05,2011,0.000000
2011-09-06,2011,0.000000
2011-09-07,2011,0.000139
2011-09-08,2011,0.000092
2011-09-09,2011,0.000326
2011-09-10,2011,0.000140
2011-09-11,2011,0.000094
2011-09-12,2011,0.000000
2011-09-13,2011,0.000000
2011-09-14,2011,0.000000
2011-09-15,2011,0.004741
2011-09-16,2011,0.003926
2011-09-17,2011,0.002934
2011-09-18,2011,0.002564
2011-09-19,2011,0.001376
2011-09-20,2011,0.000443
2011-09-21,2011,0.000209
2011-09-22,2011,0.000905
2011-09-23,2011,0.000349
2011-09-24,2011,0.000093
2011-09-25,2011,0.000000
2011-09-26,2011,0.000000
2011-09-27,2011,0.000000
2011-09-28,2011,0.000000
2011-09-29,2011,0.000000
2011-09-30,2011,0.000000
2011-10-01,2012,0.000000
2011-10-02,2012,0.000000
2011-10-03,2012,0.000000
2011-10-04,2012,0.000000
2011-10-05,2012,0.010383
2011-10-06,2012,0.046875
2011-10-07,2012,0.186564
2011-10-08,2012,0.262385
2011-10-09,2012,0.374443
2011-10-10,2012,0.346060
2011-10-11,2012,0.297875
2011-10-12,2012,0.233270
2011-10-13,2012,0.176893
2011-10-14,2012,0.116811
2011-10-15,2012,0.070597
2011-10-16,2012,0.038851
2011-10-17,2012,0.025716
2011-10-18,2012,0.059523
2011-10-19,2012,0.055303
2011-10-20,2012,0.042239
2011-10-21,2012,0.033153
2011-10-22,2012,0.025939
2011-10-23,2012,0.020383
2011-10-24,2012,0.015442
2011-10-25,2012,0.011153
2011-10-26,2012,0.274000
2011-10-27,2012,0.544275
2011-10-28,2012,0.534624
2011-10-29,2012,0.520154
2011-10-30,2012,0.483764
2011-10-31,2012,0.430600
2011-11-01,2012,0.359614
2011-11-02,2012,0.607843
2011-11-03,2012,0.652506
2011-11-04,2012,0.631871
2011-11-05,2012,0.599197
2011-11-06,2012,0.821183
2011-11-07,2012,0.815038
2011-11-08,2012,0.903344
2011-11-09,2012,0.907533
2011-11-10,2012,0.898001
2011-11-11,2012,0.877806
2011-11-12,2012,0.848725
2011-11-13,2012,0.876215
2011-11-14,2012,1.017703
2011-11-15,2012,0.995394
2011-11-16,2012,0.988393
2011-11-17,2012,0.978102
2011-11-18,2012,0.957958
2011-11-19,2012,0.972510
2011-11-20,2012,1.078972
2011-11-21,2012,1.086287
2011-11-22,2012,1.101632
2011-11-23,2012,1.088406
2011-11-24,2012,1.058363
2011-11-25,2012,1.049561
2011-11-26,2012,1.084987
2011-11-27,2012,1.076687
2011-11-28,2012,1.063190
2011-11-29,2012,1.038223
2011-11-30,2012,1.023176
2011-12-01,2012,1.038927
2011-12-02,2012,1.098407
2011-12-03,2012,1.206144
2011-12-04,2012,1.338025
2011-12-05,2012,1.463436
2011-12-06,2012,1.487804
2011-12-07,2012,1.483279
2011-12-08,2012,1.478365
2011-12-09,2012,1.477828
2011-12-10,2012,1.473607
2011-12-11,2012,1.469510
2011-12-12,2012,1.462718
2011-12-13,2012,1.566625
2011-12-14,2012,1.704566
2011-12-15,2012,1.737344
2011-12-16,2012,1.734513
2011-12-17,2012,1.730996
2011-12-18,2012,1.721688
2011-12-19,2012,1.706050
2011-12-20,2012,1.808001
2011-12-21,2012,1.807210
2011-12-22,2012,1.943029
2011-12-23,2012,2.042458
2011-12-24,2012,2.038161
2011-12-25,2012,2.033250
2011-12-26,2012,2.027821
2011-12-27,2012,2.019619
2011-12-28,2012,2.009931
2011-12-29,2012,1.998323
2011-12-30,2012,1.974315
2011-12-31,2012,1.954741
2012-01-01,2012,1.958213
2012-01-02,2012,1.947812
2012-01-03,2012,1.929054
2012-01-04,2012,1.904989
2012-01-05,2012,1.883285
2012-01-06,2012,1.849842
2012-01-07,2012,1.830530
2012-01-08,2012,1.957312
2012-01-09,2012,1.958802
2012-01-10,2012,1.949997
2012-01-11,2012,1.949161
2012-01-12,2012,1.980134
2012-01-13,2012,1.971538
2012-01-14,2012,1.958193
2012-01-15,2012,1.938538
2012-01-16,2012,1.958208
2012-01-17,2012,2.172594
2012-01-18,2012,2.166342
2012-01-19,2012,2.164913
2012-01-20,2012,2.134548
2012-01-21,2012,2.122647
2012-01-22,2012,2.461394
2012-01-23,2012,2.475135
2012-01-24,2012,2.541438
2012-01-25,2012,2.562905
2012-01-26,2012,2.549490
2012-01-27,2012,2.640299
2012-01-28,2012,2.650980
2012-01-29,2012,2.639676
2012-01-30,2012,2.626160
2012-01-31,2012,2.609742
2012-02-01,2012,2.601815
2012-02-02,2012,2.604182
2012-02-03,2012,2.751696
2012-02-04,2012,2.810749
2012-02-05,2012,2.810255
2012-02-06,2012,2.860855
2012-02-07,2012,2.925055
2012-02-08,2012,2.919971
2012-02-09,2012,2.957464
2012-02-10,2012,2.972545
2012-02-11,2012,3.024872
2012-02-12,2012,3.017649
2012-02-13,2012,3.185006
2012-02-14,2012,3.238634
2012-02-15,2012,3.279814
2012-02-16,2012,3.279347
2012-02-17,2012,3.269885
2012-02-18,2012,3.261398
2012-02-19,2012,3.249091
2012-02-20,2012,3.455438
2012-02-21,2012,3.467518
2012-02-22,2012,3.508553
2012-02-23,2012,3.547644
2012-02-24,2012,3.597265
2012-02-25,2012,3.584119
2012-02-26,2012,3.553451
2012-02-27,2012,3.534418
2012-02-28,2012,3.712748
2012-02-29,2012,3.903190
2012-03-01,2012,3.918021
2012-03-02,2012,4.069779
2012-03-03,2012,4.132143
2012-03-04,2012,4.128373
2012-03-05,2012,4.100420
2012-03-06,2012,4.057375
2012-03-07,2012,3.993693
2012-03-08,2012,4.027195
2012-03-09,2012,4.022172
2012-03-10,2012,3.995265
2012-03-11,2012,3.968577
2012-03-12,2012,3.915957
2012-03-13,2012,3.834641
2012-03-14,2012,3.733764
2012-03-15,2012,3.629101
2012-03-16,2012,3.499807
2012-03-17,2012,3.346233
2012-03-18,2012,3.208787
2012-03-19,2012,3.315518
2012-03-20,2012,3.365748
2012-03-21,2012,3.351279
2012-03-22,2012,3.301081
2012-03-23,2012,3.206435
2012-03-24,2012,3.062047
2012-03-25,2012,2.912931
2012-03-26,2012,2.724130
2012-03-27,2012,2.639235
2012-03-28,2012,2.569854
2012-03-29,2012,2.472041
2012-03-30,2012,2.396382
2012-03-31,2012,2.284152
2012-04-01,2012,2.098504
2012-04-02,2012,2.000108
2012-04-03,2012,2.220656
2012-04-04,2012,2.289461
2012-04-05,2012,2.161296
2012-04-06,2012,2.015507
2012-04-07,2012,1.937779
2012-04-08,2012,1.890414
2012-04-09,2012,1.816281
2012-04-10,2012,1.715683
2012-04-11,2012,1.593367
2012-04-12,2012,1.463656
2012-04-13,2012,1.507017
2012-04-14,2012,1.517424
2012-04-15,2012,1.677865
2012-04-16,2012,1.769232
2012-04-17,2012,1.741674
2012-04-18,2012,1.670434
2012-04-19,2012,1.646553
2012-04-20,2012,1.622591
2012-04-21,2012,1.548516
2012-04-22,2012,1.441725
2012-04-23,2012,1.325944
2012-04-24,2012,1.198050
2012-04-25,2012,1.078753
2012-04-26,2012,0.977936
2012-04-27,2012,0.939718
2012-04-28,2012,0.923546
2012-04-29,2012,0.909479
2012-04-30,2012,0.893135
2012-05-01,2012,0.855528
2012-05-02,2012,0.805181
2012-05-03,2012,0.738903
2012-05-04,2012,0.660542
2012-05-05,2012,0.581661
2012-05-06,2012,0.519449
2012-05-07,2012,0.543289
2012-05-08,2012,0.638676
2012-05-09,2012,0.563833
2012-05-10,2012,0.474356
2012-05-11,2012,0.401324
2012-05-12,2012,0.404895
2012-05-13,2012,0.386179
2012-05-14,2012,0.364674
2012-05-15,2012,0.303444
2012-05-16,2012,0.249614
2012-05-17,2012,0.210503
2012-05-18,2012,0.179366
2012-05-19,2012,0.162968
2012-05-20,2012,0.156304
2012-05-21,2012,0.132634
2012-05-22,2012,0.107200
2012-05-23,2012,0.084450
2012-05-24,2012,0.097123
2012-05-25,2012,0.094508
2012-05-26,2012,0.063775
2012-05-27,2012,0.047304
2012-05-28,2012,0.046723
2012-05-29,2012,0.041800
2012-05-30,2012,0.033426
2012-05-31,2012,0.025395
2012-06-01,2012,0.017054
2012-06-02,2012,0.009838
2012-06-03,2012,0.005787
2012-06-04,2012,0.003257
2012-06-05,2012,0.001829
2012-06-06,2012,0.000799
2012-06-07,2012,0.000470
2012-06-08,2012,0.000166
2012-06-09,2012,0.000000
2012-06-10,2012,0.000000
2012-06-11,2012,0.000000
2012-06-12,2012,0.000000
2012-06-13,2012,0.000000
2012-06-14,2012,0.000000
2012-06-15,2012,0.000000
2012-06-16,2012,0.000000
2012-06-17,2012,0.000000
2012-06-18,2012,0.000000
2012-06-19,2012,0.000000
2012-06-20,2012,0.000000
2012-06-21,2012,0.000000
2012-06-22,2012,0.000000
2012-06-23,2012,0.000000
2012-06-24,2012,0.000000
2012-06-25,2012,0.000000
2012-06-26,2012,0.000000
2012-06-27,2012,0.000000
2012-06-28,2012,0.000000
2012-06-29,2012,0.000000
2012-06-30,2012,0.000000
2012-07-01,2012,0.000000
2012-07-02,2012,0.000000
2012-07-03,2012,0.000000
2012-07-04,2012,0.000000
2012-07-05,2012,0.000000
2012-07-06,2012,0.000000
2012-07-07,2012,0.000000
2012-07-08,2012,0.000000
2012-07-09,2012,0.000000
2012-07-10,2012,0.000000
2012-07-11,2012,0.000000
2012-07-12,2012,0.000000
2012-07-13,2012,0.000000
2012-07-14,2012,0.000000
2012-07-15,2012,0.000000
2012-07-16,2012,0.000000
2012-07-17,2012,0.000000
2012-07-18,2012,0.000000
2012-07-19,2012,0.000000
2012-07-20,2012,0.000000
2012-07-21,2012,0.000000
2012-07-22,2012,0.000000
2012-07-23,2012,0.000000
2012-07-24,2012,0.000000
2012-07-25,2012,0.000000
2012-07-26,2012,0.000000
2012-07-27,2012,0.000000
2012-07-28,2012,0.000000
2012-07-29,2012,0.000000
2012-07-30,2012,0.000000
2012-07-31,2012,0.000000
2012-08-01,2012,0.000000
2012-08-02,2012,0.000000
2012-08-03,2012,0.000000
2012-08-04,2012,0.000000
2012-08-05,2012,0.000000
2012-08-06,2012,0.000000
2012-08-07,2012,0.000000
2012-08-08,2012,0.000000
2012-08-09,2012,0.000000
2012-08-10,2012,0.000000
2012-08-11,2012,0.000000
2012-08-12,2012,0.000000
2012-08-13,2012,0.000000
2012-08-14,2012,0.000000
2012-08-15,2012,0.000000
2012-08-16,2012,0.000000
2012-08-17,2012,0.000000
2012-08-18,2012,0.000000
2012-08-19,2012,0.000000
2012-08-20,2012,0.000000
2012-08-21,2012,0.000000
2012-08-22,2012,0.000000
2012-08-23,2012,0.000000
2012-08-24,2012,0.000000
2012-08-25,2012,0.000000
2012-08-26,2012,0.000000
2012-08-27,2012,0.000000
2012-08-28,2012,0.000000
2012-08-29,2012,0.000000
2012-08-30,2012,0.000000
2012-08-31,2012,0.000000
2012-09-01,2012,0.000000
2012-09-02,2012,0.000000
2012-09-03,2012,0.000000
2012-09-04,2012,0.000000
2012-09-05,2012,0.000000
2012-09-06,2012,0.000000
2012-09-07,2012,0.000000
2012-09-08,2012,0.000000
2012-09-09,2012,0.000000
2012-09-10,2012,0.000000
2012-09-11,2012,0.000000
2012-09-12,2012,0.000000
2012-09-13,2012,0.000116
2012-09-14,2012,0.000023
2012-09-15,2012,0.000000
2012-09-16,2012,0.000000
2012-09-17,2012,0.000000
2012-09-18,2012,0.000000
2012-09-19,2012,0.000000
2012-09-20,2012,0.000000
2012-09-21,2012,0.000000
2012-09-22,2012,0.000000
2012-09-23,2012,0.000000
2012-09-24,2012,0.000046
2012-09-25,2012,0.000758
2012-09-26,2012,0.005300
2012-09-27,2012,0.009915
2012-09-28,2012,0.006778
2012-09-29,2012,0.003863
2012-09-30,2012,0.001991
2012-10-01,2013,0.001205
2012-10-02,2013,0.000671
2012-10-03,2013,0.000162
2012-10-04,2013,0.000160
2012-10-05,2013,0.007446
2012-10-06,2013,0.017108
2012-10-07,2013,0.027032
2012-10-08,2013,0.024107
2012-10-09,2013,0.017080
2012-10-10,2013,0.011281
2012-10-11,2013,0.006003
2012-10-12,2013,0.003104
2012-10-13,2013,0.063789
2012-10-14,2013,0.097632
2012-10-15,2013,0.067704
2012-10-16,2013,0.041721
2012-10-17,2013,0.041120
2012-10-18,2013,0.038073
2012-10-19,2013,0.034709
2012-10-20,2013,0.026165
2012-10-21,2013,0.018189
2012-10-22,2013,0.012696
2012-10-23,2013,0.009386
2012-10-24,2013,0.010674
2012-10-25,2013,0.165367
2012-10-26,2013,0.255413
2012-10-27,2013,0.255939
2012-10-28,2013,0.247485
2012-10-29,2013,0.213428
2012-10-30,2013,0.158941
2012-10-31,2013,0.116101
2012-11-01,2013,0.083788
2012-11-02,2013,0.062733
2012-11-03,2013,0.053457
2012-11-04,2013,0.045724
2012-11-05,2013,0.039157
2012-11-06,2013,0.030789
2012-11-07,2013,0.024115
2012-11-08,2013,0.018810
2012-11-09,2013,0.050174
2012-11-10,2013,0.231050
2012-11-11,2013,0.450169
2012-11-12,2013,0.471481
2012-11-13,2013,0.463999
2012-11-14,2013,0.455846
2012-11-15,2013,0.447530
2012-11-16,2013,0.434917
2012-11-17,2013,0.419489
2012-11-18,2013,0.401531
2012-11-19,2013,0.380960
2012-11-20,2013,0.358522
2012-11-21,2013,0.328855
2012-11-22,2013,0.301074
2012-11-23,2013,0.284292
2012-11-24,2013,0.268496
2012-11-25,2013,0.253659
2012-11-26,2013,0.244211
2012-11-27,2013,0.237947
2012-11-28,2013,0.230256
2012-11-29,2013,0.222182
2012-11-30,2013,0.211934
2012-12-01,2013,0.198822
2012-12-02,2013,0.185845
2012-12-03,2013,0.206194
2012-12-04,2013,0.211427
2012-12-05,2013,0.205964
2012-12-06,2013,0.198057
2012-12-07,2013,0.211543
2012-12-08,2013,0.229291
2012-12-09,2013,0.340910
2012-12-10,2013,0.420612
2012-12-11,2013,0.497710
2012-12-12,2013,0.496548
2012-12-13,2013,0.486104
2012-12-14,2013,0.487505
2012-12-15,2013,0.703245
2012-12-16,2013,0.837937
2012-12-17,2013,0.887472
2012-12-18,2013,0.960143
2012-12-19,2013,1.224163
2012-12-20,2013,1.376472
2012-12-21,2013,1.369567
2012-12-22,2013,1.360881
2012-12-23,2013,1.351390
2012-12-24,2013,1.357529
2012-12-25,2013,1.564883
2012-12-26,2013,1.569007
2012-12-27,2013,1.661332
2012-12-28,2013,1.719618
2012-12-29,2013,1.725599
2012-12-30,2013,1.719455
2012-12-31,2013,1.791378
2013-01-01,2013,1.882293
2013-01-02,2013,1.892000
2013-01-03,2013,1.891331
2013-01-04,2013,1.888025
2013-01-05,2013,1.883333
2013-01-06,2013,1.877994
2013-01-07,2013,1.868492
2013-01-08,2013,1.859725
2013-01-09,2013,1.850697
2013-01-10,2013,1.839724
2013-01-11,2013,1.925841
2013-01-12,2013,2.025200
2013-01-13,2013,2.037165
2013-01-14,2013,2.055541
2013-01-15,2013,2.062397
2013-01-16,2013,2.065254
2013-01-17,2013,2.057922
2013-01-18,2013,2.049564
2013-01-19,2013,2.037031
2013-01-20,2013,2.024273
2013-01-21,2013,2.013169
2013-01-22,2013,1.998733
2013-01-23,2013,1.979990
2013-01-24,2013,1.956920
2013-01-25,2013,1.940856
2013-01-26,2013,1.918339
2013-01-27,2013,2.226836
2013-01-28,2013,2.302625
2013-01-29,2013,2.557013
2013-01-30,2013,2.609263
2013-01-31,2013,2.703394
2013-02-01,2013,2.709097
2013-02-02,2013,2.717012
2013-02-03,2013,2.703842
2013-02-04,2013,2.694634
2013-02-05,2013,2.678841
2013-02-06,2013,2.658750
2013-02-07,2013,2.700537
2013-02-08,2013,2.688592
2013-02-09,2013,2.746077
2013-02-10,2013,2.926210
2013-02-11,2013,3.036160
2013-02-12,2013,3.087857
2013-02-13,2013,3.083936
2013-02-14,2013,3.083302
2013-02-15,2013,3.126920
2013-02-16,2013,3.129763
2013-02-17,2013,3.111317
2013-02-18,2013,3.127877
2013-02-19,2013,3.119874
2013-02-20,2013,3.103687
2013-02-21,2013,3.248788
2013-02-22,2013,3.315220
2013-02-23,2013,3.355877
2013-02-24,2013,3.466410
2013-02-25,2013,3.573805
2013-02-26,2013,3.574578
2013-02-27,2013,3.673644
2013-02-28,2013,3.665679
2013-03-01,2013,3.671038
2013-03-02,2013,3.668679
2013-03-03,2013,3.629509
2013-03-04,2013,3.686754
2013-03-05,2013,3.743262
2013-03-06,2013,3.719393
2013-03-07,2013,3.664487
2013-03-08,2013,3.589059
2013-03-09,2013,3.687592
2013-03-10,2013,3.960504
2013-03-11,2013,3.942099
2013-03-12,2013,3.943957
2013-03-13,2013,3.898005
2013-03-14,2013,3.796669
2013-03-15,2013,3.647911
2013-03-16,2013,3.465527
2013-03-17,2013,3.396919
2013-03-18,2013,3.426703
2013-03-19,2013,3.422462
2013-03-20,2013,3.384066
2013-03-21,2013,3.382399
2013-03-22,2013,3.445240
2013-03-23,2013,3.517105
2013-03-24,2013,3.634084
2013-03-25,2013,3.632354
2013-03-26,2013,3.617510
2013-03-27,2013,3.585136
2013-03-28,2013,3.499380
2013-03-29,2013,3.395768
2013-03-30,2013,3.287499
2013-03-31,2013,3.197342
2013-04-01,2013,3.092835
2013-04-02,2013,3.028711
2013-04-03,2013,3.084436
2013-04-04,2013,3.028044
2013-04-05,2013,2.920873
2013-04-06,2013,2.820778
2013-04-07,2013,2.777087
2013-04-08,2013,2.735027
2013-04-09,2013,2.826526
2013-04-10,2013,3.100971
2013-04-11,2013,3.107008
2013-04-12,2013,3.095315
2013-04-13,2013,3.041405
2013-04-14,2013,3.177921
2013-04-15,2013,3.242936
2013-04-16,2013,3.435778
2013-04-17,2013,3.544362
2013-04-18,2013,3.798902
2013-04-19,2013,3.787334
2013-04-20,2013,3.782980
2013-04-21,2013,3.813308
2013-04-22,2013,3.747710
2013-04-23,2013,3.811675
2013-04-24,2013,3.844284
2013-04-25,2013,3.801079
2013-04-26,2013,3.731633
2013-04-27,2013,3.651259
2013-04-28,2013,3.537348
2013-04-29,2013,3.367742
2013-04-30,2013,3.164569
2013-05-01,2013,3.103274
2013-05-02,2013,3.237587
2013-05-03,2013,3.218704
2013-05-04,2013,3.157468
2013-05-05,2013,3.082250
2013-05-06,2013,2.996514
2013-05-07,2013,2.954123
2013-05-08,2013,2.843743
2013-05-09,2013,2.917086
2013-05-10,2013,2.866304
2013-05-11,2013,2.776843
2013-05-12,2013,2.663924
2013-05-13,2013,2.504755
2013-05-14,2013,2.286646
2013-05-15,2013,2.078792
2013-05-16,2013,1.869396
2013-05-17,2013,1.693997
2013-05-18,2013,1.541436
2013-05-19,2013,1.468387
2013-05-20,2013,1.450413
2013-05-21,2013,1.437342
2013-05-22,2013,1.364464
2013-05-23,2013,1.240746
2013-05-24,2013,1.098182
2013-05-25,2013,0.981555
2013-05-26,2013,0.879528
2013-05-27,2013,0.783636
2013-05-28,2013,0.714822
2013-05-29,2013,0.665566
2013-05-30,2013,0.642878
2013-05-31,2013,0.626906
2013-06-01,2013,0.608193
2013-06-02,2013,0.573428
2013-06-03,2013,0.511719
2013-06-04,2013,0.445772
2013-06-05,2013,0.386978
2013-06-06,2013,0.332193
2013-06-07,2013,0.285886
2013-06-08,2013,0.241420
2013-06-09,2013,0.197460
2013-06-10,2013,0.156804
2013-06-11,2013,0.122487
2013-06-12,2013,0.099131
2013-06-13,2013,0.077870
2013-06-14,2013,0.059274
2013-06-15,2013,0.045352
2013-06-16,2013,0.034688
2013-06-17,2013,0.024488
2013-06-18,2013,0.015943
2013-06-19,2013,0.009584
2013-06-20,2013,0.005314
2013-06-21,2013,0.003063
2013-06-22,2013,0.001810
2013-06-23,2013,0.000998
2013-06-24,2013,0.000510
2013-06-25,2013,0.000209
2013-06-26,2013,0.000000
2013-06-27,2013,0.000000
2013-06-28,2013,0.000000
2013-06-29,2013,0.000000
2013-06-30,2013,0.000000
2013-07-01,2013,0.000000
2013-07-02,2013,0.000000
2013-07-03,2013,0.000000
2013-07-04,2013,0.000000
2013-07-05,2013,0.000000
2013-07-06,2013,0.000000
2013-07-07,2013,0.000000
2013-07-08,2013,0.000000
2013-07-09,2013,0.000000
2013-07-10,2013,0.000000
2013-07-11,2013,0.000000
2013-07-12,2013,0.000000
2013-07-13,2013,0.000000
2013-07-14,2013,0.000000
2013-07-15,2013,0.000000
2013-07-16,2013,0.000000
2013-07-17,2013,0.000000
2013-07-18,2013,0.000000
2013-07-19,2013,0.000000
2013-07-20,2013,0.000000
2013-07-21,2013,0.000000
2013-07-22,2013,0.000000
2013-07-23,2013,0.000000
2013-07-24,2013,0.000000
2013-07-25,2013,0.000000
2013-07-26,2013,0.000000
2013-07-27,2013,0.000000
2013-07-28,2013,0.000000
2013-07-29,2013,0.000000
2013-07-30,2013,0.000000
2013-07-31,2013,0.000000
2013-08-01,2013,0.000000
2013-08-02,2013,0.000000
2013-08-03,2013,0.000000
2013-08-04,2013,0.000000
2013-08-05,2013,0.000000
2013-08-06,2013,0.000000
2013-08-07,2013,0.000000
2013-08-08,2013,0.000000
2013-08-09,2013,0.000023
2013-08-10,2013,0.000000
2013-08-11,2013,0.000000
2013-08-12,2013,0.000000
2013-08-13,2013,0.000000
2013-08-14,2013,0.000000
2013-08-15,2013,0.000000
2013-08-16,2013,0.000000
2013-08-17,2013,0.000000
2013-08-18,2013,0.000000
2013-08-19,2013,0.000000
2013-08-20,2013,0.000000
2013-08-21,2013,0.000000
2013-08-22,2013,0.000000
2013-08-23,2013,0.000000
2013-08-24,2013,0.000000
2013-08-25,2013,0.000000
2013-08-26,2013,0.000000
2013-08-27,2013,0.000000
2013-08-28,2013,0.000000
2013-08-29,2013,0.000000
2013-08-30,2013,0.000000
2013-08-31,2013,0.000000
2013-09-01,2013,0.000000
2013-09-02,2013,0.000000
2013-09-03,2013,0.000000
2013-09-04,2013,0.000000
2013-09-05,2013,0.000000
2013-09-06,2013,0.000000
2013-09-07,2013,0.000000
2013-09-08,2013,0.000000
2013-09-09,2013,0.000000
2013-09-10,2013,0.000000
2013-09-11,2013,0.000000
2013-09-12,2013,0.000000
2013-09-13,2013,0.000000
2013-09-14,2013,0.000000
2013-09-15,2013,0.000143
2013-09-16,2013,0.000000
2013-09-17,2013,0.000000
2013-09-18,2013,0.000000
2013-09-19,2013,0.000214
2013-09-20,2013,0.000024
2013-09-21,2013,0.000000
2013-09-22,2013,0.000000
2013-09-23,2013,0.048300
2013-09-24,2013,0.040444
2013-09-25,2013,0.021731
2013-09-26,2013,0.009901
2013-09-27,2013,0.012251
2013-09-28,2013,0.082518
2013-09-29,2013,0.063610
2013-09-30,2013,0.038337
2013-10-01,2014,0.015791
2013-10-02,2014,0.006373
2013-10-03,2014,0.002891
2013-10-04,2014,0.230343
2013-10-05,2014,0.317151
2013-10-06,2014,0.302522
2013-10-07,2014,0.231232
2013-10-08,2014,0.133722
2013-10-09,2014,0.067182
2013-10-10,2014,0.046065
2013-10-11,2014,0.287256
2013-10-12,2014,0.303238
2013-10-13,2014,0.261977
2013-10-14,2014,0.269908
2013-10-15,2014,0.346889
2013-10-16,2014,0.424756
2013-10-17,2014,0.416564
2013-10-18,2014,0.459647
2013-10-19,2014,0.458119
2013-10-20,2014,0.424057
2013-10-21,2014,0.427023
2013-10-22,2014,0.399662
2013-10-23,2014,0.336794
2013-10-24,2014,0.271424
2013-10-25,2014,0.226374
2013-10-26,2014,0.207228
2013-10-27,2014,0.173986
2013-10-28,2014,0.154513
2013-10-29,2014,0.144284
2013-10-30,2014,0.352058
2013-10-31,2014,0.418719
2013-11-01,2014,0.468535
2013-11-02,2014,0.465774
2013-11-03,2014,0.427273
2013-11-04,2014,0.443332
2013-11-05,2014,0.586740
2013-11-06,2014,0.607736
2013-11-07,2014,0.605583
2013-11-08,2014,0.576394
2013-11-09,2014,0.538168
2013-11-10,2014,0.494042
2013-11-11,2014,0.453740
2013-11-12,2014,0.420263
2013-11-13,2014,0.389193
2013-11-14,2014,0.377107
2013-11-15,2014,0.368023
2013-11-16,2014,0.492214
2013-11-17,2014,0.701584
2013-11-18,2014,0.697070
2013-11-19,2014,0.682043
2013-11-20,2014,0.697552
2013-11-21,2014,0.796310
2013-11-22,2014,1.033186
2013-11-23,2014,1.321850
2013-11-24,2014,1.439722
2013-11-25,2014,1.622876
2013-11-26,2014,1.630787
2013-11-27,2014,1.627129
2013-11-28,2014,1.619860
2013-11-29,2014,1.610904
2013-11-30,2014,1.600786
2013-12-01,2014,1.590857
2013-12-02,2014,1.593117
2013-12-03,2014,1.585641
2013-12-04,2014,1.948131
2013-12-05,2014,2.191984
2013-12-06,2014,2.204363
2013-12-07,2014,2.211639
2013-12-08,2014,2.427401
2013-12-09,2014,2.460023
2013-12-10,2014,2.459185
2013-12-11,2014,2.460381
2013-12-12,2014,2.456360
2013-12-13,2014,2.449015
2013-12-14,2014,2.447578
2013-12-15,2014,2.445041
2013-12-16,2014,2.435869
2013-12-17,2014,2.422810
2013-12-18,2014,2.410972
2013-12-19,2014,2.401591
2013-12-20,2014,2.429619
2013-12-21,2014,2.486925
2013-12-22,2014,2.543820
2013-12-23,2014,2.580950
2013-12-24,2014,2.594864
2013-12-25,2014,2.640096
2013-12-26,2014,2.634174
2013-12-27,2014,2.626752
2013-12-28,2014,2.618134
2013-12-29,2014,2.678301
2013-12-30,2014,2.686071
2013-12-31,2014,2.684396
2014-01-01,2014,2.757026
2014-01-02,2014,2.777843
2014-01-03,2014,2.768464
2014-01-04,2014,2.803588
2014-01-05,2014,2.947994
2014-01-06,2014,2.965839
2014-01-07,2014,2.958973
2014-01-08,2014,2.969869
2014-01-09,2014,3.002941
2014-01-10,2014,3.115488
2014-01-11,2014,3.183341
2014-01-12,2014,3.184892
2014-01-13,2014,3.305871
2014-01-14,2014,3.327930
2014-01-15,2014,3.340537
2014-01-16,2014,3.325339
2014-01-17,2014,3.313029
2014-01-18,2014,3.300647
2014-01-19,2014,3.287679
2014-01-20,2014,3.269899
2014-01-21,2014,3.256901
2014-01-22,2014,3.240414
2014-01-23,2014,3.248738
2014-01-24,2014,3.253608
2014-01-25,2014,3.239269
2014-01-26,2014,3.218913
2014-01-27,2014,3.212499
2014-01-28,2014,3.296362
2014-01-29,2014,3.283495
2014-01-30,2014,3.431110
2014-01-31,2014,3.871403
2014-02-01,2014,4.109370
2014-02-02,2014,4.155027
2014-02-03,2014,4.155651
2014-02-04,2014,4.227093
2014-02-05,2014,4.329102
2014-02-06,2014,4.339171
2014-02-07,2014,4.401511
2014-02-08,2014,4.490755
2014-02-09,2014,4.659000
2014-02-10,2014,4.792461
2014-02-11,2014,4.902594
2014-02-12,2014,4.892330
2014-02-13,2014,4.905279
2014-02-14,2014,4.914293
2014-02-15,2014,4.892012
2014-02-16,2014,4.802804
2014-02-17,2014,4.761295
2014-02-18,2014,4.724793
2014-02-19,2014,4.679566
2014-02-20,2014,4.778929
2014-02-21,2014,4.776589
2014-02-22,2014,4.773949
2014-02-23,2014,4.802132
2014-02-24,2014,4.773561
2014-02-25,2014,4.727434
2014-02-26,2014,4.730002
2014-02-27,2014,4.695488
2014-02-28,2014,4.841132
2014-03-01,2014,4.895120
2014-03-02,2014,5.104404
2014-03-03,2014,5.160102
2014-03-04,2014,5.120611
2014-03-05,2014,5.242389
2014-03-06,2014,5.204456
2014-03-07,2014,5.189957
2014-03-08,2014,5.467550
2014-03-09,2014,5.453739
2014-03-10,2014,5.397944
2014-03-11,2014,5.344337
2014-03-12,2014,5.408364
2014-03-13,2014,5.388841
2014-03-14,2014,5.356099
2014-03-15,2014,5.341058
2014-03-16,2014,5.364937
2014-03-17,2014,5.327705
2014-03-18,2014,5.329673
2014-03-19,2014,5.373223
2014-03-20,2014,5.353660
2014-03-21,2014,5.314464
2014-03-22,2014,5.288616
2014-03-23,2014,5.367182
2014-03-24,2014,5.333616
2014-03-25,2014,5.298697
2014-03-26,2014,5.251357
2014-03-27,2014,5.407895
2014-03-28,2014,5.472368
2014-03-29,2014,5.457024
2014-03-30,2014,5.416040
2014-03-31,2014,5.468944
2014-04-01,2014,5.461978
2014-04-02,2014,5.487033
2014-04-03,2014,5.661923
2014-04-04,2014,5.753638
2014-04-05,2014,5.724911
2014-04-06,2014,5.756548
2014-04-07,2014,5.798345
2014-04-08,2014,5.765619
2014-04-09,2014,5.690162
2014-04-10,2014,5.571232
2014-04-11,2014,5.453349
2014-04-12,2014,5.308035
2014-04-13,2014,5.215754
2014-04-14,2014,5.484589
2014-04-15,2014,5.464120
2014-04-16,2014,5.418501
2014-04-17,2014,5.453205
2014-04-18,2014,5.372042
2014-04-19,2014,5.219449
2014-04-20,2014,5.050289
2014-04-21,2014,4.846712
2014-04-22,2014,4.628392
2014-04-23,2014,4.377075
2014-04-24,2014,4.296144
2014-04-25,2014,4.240535
2014-04-26,2014,4.125434
2014-04-27,2014,4.238384
2014-04-28,2014,4.255080
2014-04-29,2014,4.278587
2014-04-30,2014,4.299013
2014-05-01,2014,4.290461
2014-05-02,2014,4.259450
2014-05-03,2014,4.163469
2014-05-04,2014,4.004678
2014-05-05,2014,3.805587
2014-05-06,2014,3.647073
2014-05-07,2014,3.527629
2014-05-08,2014,3.501702
2014-05-09,2014,3.536540
2014-05-10,2014,3.523820
2014-05-11,2014,3.645428
2014-05-12,2014,3.999640
2014-05-13,2014,4.181837
2014-05-14,2014,4.161317
2014-05-15,2014,4.084738
2014-05-16,2014,3.940923
2014-05-17,2014,3.773553
2014-05-18,2014,3.534929
2014-05-19,2014,3.287967
2014-05-20,2014,3.120844
2014-05-21,2014,2.968522
2014-05-22,2014,2.815148
2014-05-23,2014,2.643122
2014-05-24,2014,2.479310
2014-05-25,2014,2.373766
2014-05-26,2014,2.241967
2014-05-27,2014,2.084358
2014-05-28,2014,1.876667
2014-05-29,2014,1.663016
2014-05-30,2014,1.457372
2014-05-31,2014,1.287756
2014-06-01,2014,1.119521
2014-06-02,2014,0.984375
2014-06-03,2014,0.862218
2014-06-04,2014,0.742013
2014-06-05,2014,0.652672
2014-06-06,2014,0.578015
2014-06-07,2014,0.505923
2014-06-08,2014,0.442736
2014-06-09,2014,0.411150
2014-06-10,2014,0.379266
2014-06-11,2014,0.333722
2014-06-12,2014,0.288886
2014-06-13,2014,0.245926
2014-06-14,2014,0.205694
2014-06-15,2014,0.188668
2014-06-16,2014,0.169656
2014-06-17,2014,0.146822
2014-06-18,2014,0.123751
2014-06-19,2014,0.108771
2014-06-20,2014,0.093834
2014-06-21,2014,0.076682
2014-06-22,2014,0.062540
2014-06-23,2014,0.050666
2014-06-24,2014,0.039061
2014-06-25,2014,0.027459
2014-06-26,2014,0.016461
2014-06-27,2014,0.008812
2014-06-28,2014,0.005533
2014-06-29,2014,0.003418
2014-06-30,2014,0.001697
2014-07-01,2014,0.000744
2014-07-02,2014,0.000233
2014-07-03,2014,0.000000
2014-07-04,2014,0.000000
2014-07-05,2014,0.000000
2014-07-06,2014,0.000000
2014-07-07,2014,0.000000
2014-07-08,2014,0.000000
2014-07-09,2014,0.000000
2014-07-10,2014,0.000000
2014-07-11,2014,0.000000
2014-07-12,2014,0.000000
2014-07-13,2014,0.000000
2014-07-14,2014,0.000000
2014-07-15,2014,0.000000
2014-07-16,2014,0.000000
2014-07-17,2014,0.000000
2014-07-18,2014,0.000000
2014-07-19,2014,0.000000
2014-07-20,2014,0.000000
2014-07-21,2014,0.000000
2014-07-22,2014,0.000000
2014-07-23,2014,0.000000
2014-07-24,2014,0.000000
2014-07-25,2014,0.000000
2014-07-26,2014,0.000000
2014-07-27,2014,0.000000
2014-07-28,2014,0.000000
2014-07-29,2014,0.000000
2014-07-30,2014,0.000000
2014-07-31,2014,0.000000
2014-08-01,2014,0.000000
2014-08-02,2014,0.000000
2014-08-03,2014,0.000000
2014-08-04,2014,0.000000
2014-08-05,2014,0.000000
2014-08-06,2014,0.000000
2014-08-07,2014,0.000000
2014-08-08,2014,0.000000
2014-08-09,2014,0.000000
2014-08-10,2014,0.000000
2014-08-11,2014,0.000000
2014-08-12,2014,0.000000
2014-08-13,2014,0.000000
2014-08-14,2014,0.000000
2014-08-15,2014,0.000000
2014-08-16,2014,0.000000
2014-08-17,2014,0.000000
2014-08-18,2014,0.000000
2014-08-19,2014,0.000000
2014-08-20,2014,0.000000
2014-08-21,2014,0.000000
2014-08-22,2014,0.000000
2014-08-23,2014,0.000000
2014-08-24,2014,0.000000
2014-08-25,2014,0.000000
2014-08-26,2014,0.000000
2014-08-27,2014,0.000000
2014-08-28,2014,0.000024
2014-08-29,2014,0.000441
2014-08-30,2014,0.000116
2014-08-31,2014,0.000000
2014-09-01,2014,0.000000
2014-09-02,2014,0.000000
2014-09-03,2014,0.000000
2014-09-04,2014,0.000000
2014-09-05,2014,0.000000
2014-09-06,2014,0.000000
2014-09-07,2014,0.000000
2014-09-08,2014,0.000000
2014-09-09,2014,0.000000
2014-09-10,2014,0.000463
2014-09-11,2014,0.000232
2014-09-12,2014,0.005978
2014-09-13,2014,0.004090
2014-09-14,2014,0.001283
2014-09-15,2014,0.000069
2014-09-16,2014,0.000000
2014-09-17,2014,0.000000
2014-09-18,2014,0.000000
2014-09-19,2014,0.000000
2014-09-20,2014,0.000000
2014-09-21,2014,0.000000
2014-09-22,2014,0.000000
2014-09-23,2014,0.000000
2014-09-24,2014,0.000000
2014-09-25,2014,0.000000
2014-09-26,2014,0.000000
2014-09-27,2014,0.000000
2014-09-28,2014,0.000000
2014-09-29,2014,0.000565
2014-09-30,2014,0.033284
2014-10-01,2015,0.033319
2014-10-02,2015,0.076696
2014-10-03,2015,0.068829
2014-10-04,2015,0.052372
2014-10-05,2015,0.032531
2014-10-06,2015,0.020035
2014-10-07,2015,0.010507
2014-10-08,2015,0.005070
2014-10-09,2015,0.004712
2014-10-10,2015,0.056339
2014-10-11,2015,0.048463
2014-10-12,2015,0.033585
2014-10-13,2015,0.145310
2014-10-14,2015,0.134737
2014-10-15,2015,0.086893
2014-10-16,2015,0.046517
2014-10-17,2015,0.025933
2014-10-18,2015,0.014849
2014-10-19,2015,0.008621
2014-10-20,2015,0.007638
2014-10-21,2015,0.004104
2014-10-22,2015,0.007358
2014-10-23,2015,0.005854
2014-10-24,2015,0.003618
2014-10-25,2015,0.002099
2014-10-26,2015,0.001075
2014-10-27,2015,0.028697
2014-10-28,2015,0.036469
2014-10-29,2015,0.034539
2014-10-30,2015,0.030436
2014-10-31,2015,0.023865
2014-11-01,2015,0.021028
2014-11-02,2015,0.033247
2014-11-03,2015,0.193544
2014-11-04,2015,0.242956
2014-11-05,2015,0.235703
2014-11-06,2015,0.208308
2014-11-07,2015,0.161274
2014-11-08,2015,0.134603
2014-11-09,2015,0.109881
2014-11-10,2015,0.087637
2014-11-11,2015,0.173425
2014-11-12,2015,0.197254
2014-11-13,2015,0.274353
2014-11-14,2015,0.388396
2014-11-15,2015,0.492931
2014-11-16,2015,0.697850
2014-11-17,2015,0.701843
2014-11-18,2015,0.693518
2014-11-19,2015,0.681324
2014-11-20,2015,0.668385
2014-11-21,2015,0.658134
2014-11-22,2015,0.644232
2014-11-23,2015,0.788382
2014-11-24,2015,0.904121
2014-11-25,2015,0.976237
2014-11-26,2015,1.081416
2014-11-27,2015,1.064374
2014-11-28,2015,1.025967
2014-11-29,2015,0.984904
2014-11-30,2015,0.949789
2014-12-01,2015,0.952279
2014-12-02,2015,0.943247
2014-12-03,2015,0.939993
2014-12-04,2015,0.937457
2014-12-05,2015,0.946652
2014-12-06,2015,0.924647
2014-12-07,2015,0.914282
2014-12-08,2015,0.896472
2014-12-09,2015,0.880841
2014-12-10,2015,0.865140
2014-12-11,2015,0.848208
2014-12-12,2015,0.830211
2014-12-13,2015,0.806747
2014-12-14,2015,1.010742
2014-12-15,2015,1.202346
2014-12-16,2015,1.204521
2014-12-17,2015,1.215437
2014-12-18,2015,1.274688
2014-12-19,2015,1.291961
2014-12-20,2015,1.289241
2014-12-21,2015,1.309383
2014-12-22,2015,1.625428
2014-12-23,2015,1.795036
2014-12-24,2015,1.791413
2014-12-25,2015,1.798749
2014-12-26,2015,2.019670
2014-12-27,2015,2.112722
2014-12-28,2015,2.112982
2014-12-29,2015,2.171807
2014-12-30,2015,2.279579
2014-12-31,2015,2.316577
2015-01-01,2015,2.372086
2015-01-02,2015,2.445601
2015-01-03,2015,2.443893
2015-01-04,2015,2.479662
2015-01-05,2015,2.483789
2015-01-06,2015,2.480049
2015-01-07,2015,2.448522
2015-01-08,2015,2.427293
2015-01-09,2015,2.402880
2015-01-10,2015,2.394030
2015-01-11,2015,2.402533
2015-01-12,2015,2.463550
2015-01-13,2015,2.588930
2015-01-14,2015,2.689835
2015-01-15,2015,2.687432
2015-01-16,2015,2.678709
2015-01-17,2015,2.672968
2015-01-18,2015,2.660247
2015-01-19,2015,2.640399
2015-01-20,2015,2.663980
2015-01-21,2015,2.665543
2015-01-22,2015,2.755091
2015-01-23,2015,2.748433
2015-01-24,2015,2.740297
2015-01-25,2015,2.727930
2015-01-26,2015,2.694810
2015-01-27,2015,2.621180
2015-01-28,2015,2.552854
2015-01-29,2015,2.523521
2015-01-30,2015,2.521925
2015-01-31,2015,2.737161
2015-02-01,2015,2.815333
2015-02-02,2015,2.817856
2015-02-03,2015,2.829612
2015-02-04,2015,2.834122
2015-02-05,2015,2.902725
2015-02-06,2015,2.841669
2015-02-07,2015,2.776006
2015-02-08,2015,2.706815
2015-02-09,2015,2.641548
2015-02-10,2015,2.599311
2015-02-11,2015,2.670499
2015-02-12,2015,2.672384
2015-02-13,2015,2.644059
2015-02-14,2015,2.592240
2015-02-15,2015,2.534651
2015-02-16,2015,2.633194
2015-02-17,2015,2.728447
2015-02-18,2015,2.717385
2015-02-19,2015,2.698343
2015-02-20,2015,2.659712
2015-02-21,2015,2.724772
2015-02-22,2015,2.878250
2015-02-23,2015,3.336858
2015-02-24,2015,3.486444
2015-02-25,2015,3.489948
2015-02-26,2015,3.620782
2015-02-27,2015,3.747615
2015-02-28,2015,3.817455
2015-03-01,2015,3.990186
2015-03-02,2015,4.182372
2015-03-03,2015,4.340626
2015-03-04,2015,4.457938
2015-03-05,2015,4.462460
2015-03-06,2015,4.448890
2015-03-07,2015,4.423270
2015-03-08,2015,4.377383
2015-03-09,2015,4.326734
2015-03-10,2015,4.262843
2015-03-11,2015,4.184095
2015-03-12,2015,4.085128
2015-03-13,2015,3.999698
2015-03-14,2015,3.928066
2015-03-15,2015,3.832919
2015-03-16,2015,3.686265
2015-03-17,2015,3.509305
2015-03-18,2015,3.338337
2015-03-19,2015,3.275212
2015-03-20,2015,3.319669
2015-03-21,2015,3.257625
2015-03-22,2015,3.180821
2015-03-23,2015,3.096122
2015-03-24,2015,3.083894
2015-03-25,2015,3.119681
2015-03-26,2015,3.167644
2015-03-27,2015,3.133013
2015-03-28,2015,3.050191
2015-03-29,2015,2.928017
2015-03-30,2015,2.844160
2015-03-31,2015,2.763823
2015-04-01,2015,2.672103
2015-04-02,2015,2.632611
2015-04-03,2015,2.675428
2015-04-04,2015,2.659846
2015-04-05,2015,2.626888
2015-04-06,2015,2.570674
2015-04-07,2015,2.514755
2015-04-08,2015,2.471921
2015-04-09,2015,2.489896
2015-04-10,2015,2.475227
2015-04-11,2015,2.437778
2015-04-12,2015,2.390790
2015-04-13,2015,2.360845
2015-04-14,2015,2.311611
2015-04-15,2015,2.258764
2015-04-16,2015,2.333395
2015-04-17,2015,2.662570
2015-04-18,2015,2.900312
2015-04-19,2015,3.033930
2015-04-20,2015,3.001650
2015-04-21,2015,2.946077
2015-04-22,2015,2.839997
2015-04-23,2015,2.739279
2015-04-24,2015,2.651768
2015-04-25,2015,2.613024
2015-04-26,2015,2.619408
2015-04-27,2015,2.791157
2015-04-28,2015,2.752447
2015-04-29,2015,2.641354
2015-04-30,2015,2.473106
2015-05-01,2015,2.302411
2015-05-02,2015,2.143387
2015-05-03,2015,1.999730
2015-05-04,2015,1.893514
2015-05-05,2015,1.792534
2015-05-06,2015,1.792282
2015-05-07,2015,1.708290
2015-05-08,2015,1.681353
2015-05-09,2015,1.702084
2015-05-10,2015,1.872883
2015-05-11,2015,1.913638
2015-05-12,2015,1.839389
2015-05-13,2015,1.754981
2015-05-14,2015,1.654690
2015-05-15,2015,1.586553
2015-05-16,2015,1.606568
2015-05-17,2015,1.678242
2015-05-18,2015,1.640044
2015-05-19,2015,1.747667
2015-05-20,2015,1.747740
2015-05-21,2015,1.665285
2015-05-22,2015,1.663400
2015-05-23,2015,1.617621
2015-05-24,2015,1.636986
2015-05-25,2015,1.669099
2015-05-26,2015,1.609245
2015-05-27,2015,1.531781
2015-05-28,2015,1.435853
2015-05-29,2015,1.360202
2015-05-30,2015,1.305122
2015-05-31,2015,1.224896
2015-06-01,2015,1.112154
2015-06-02,2015,0.988011
2015-06-03,2015,0.885651
2015-06-04,2015,0.797713
2015-06-05,2015,0.712026
2015-06-06,2015,0.638585
2015-06-07,2015,0.564215
2015-06-08,2015,0.503642
2015-06-09,2015,0.436275
2015-06-10,2015,0.369846
2015-06-11,2015,0.315137
2015-06-12,2015,0.268656
2015-06-13,2015,0.229613
2015-06-14,2015,0.194203
2015-06-15,2015,0.159249
2015-06-16,2015,0.127610
2015-06-17,2015,0.093861
2015-06-18,2015,0.068757
2015-06-19,2015,0.047253
2015-06-20,2015,0.027145
2015-06-21,2015,0.013546
2015-06-22,2015,0.006131
2015-06-23,2015,0.002774
2015-06-24,2015,0.001211
2015-06-25,2015,0.000395
2015-06-26,2015,0.000000
2015-06-27,2015,0.000000
2015-06-28,2015,0.000000
2015-06-29,2015,0.000000
2015-06-30,2015,0.000000
2015-07-01,2015,0.000000
2015-07-02,2015,0.000000
2015-07-03,2015,0.000000
2015-07-04,2015,0.000000
2015-07-05,2015,0.000000
2015-07-06,2015,0.000000
2015-07-07,2015,0.000000
2015-07-08,2015,0.000000
2015-07-09,2015,0.000000
2015-07-10,2015,0.000000
2015-07-11,2015,0.000000
2015-07-12,2015,0.000000
2015-07-13,2015,0.000000
2015-07-14,2015,0.000000
2015-07-15,2015,0.000000
2015-07-16,2015,0.000000
2015-07-17,2015,0.000000
2015-07-18,2015,0.000000
2015-07-19,2015,0.000000
2015-07-20,2015,0.000000
2015-07-21,2015,0.000000
2015-07-22,2015,0.000000
2015-07-23,2015,0.000000
2015-07-24,2015,0.000000
2015-07-25,2015,0.000000
2015-07-26,2015,0.000000
2015-07-27,2015,0.000000
2015-07-28,2015,0.000000
2015-07-29,2015,0.000000
2015-07-30,2015,0.000000
2015-07-31,2015,0.000000
2015-08-01,2015,0.000000
2015-08-02,2015,0.000000
2015-08-03,2015,0.000000
2015-08-04,2015,0.000000
2015-08-05,2015,0.000000
2015-08-06,2015,0.000000
2015-08-07,2015,0.000000
2015-08-08,2015,0.000000
2015-08-09,2015,0.000000
2015-08-10,2015,0.000000
2015-08-11,2015,0.000000
2015-08-12,2015,0.000000
2015-08-13,2015,0.000000
2015-08-14,2015,0.000000
2015-08-15,2015,0.000000
2015-08-16,2015,0.000000
2015-08-17,2015,0.000000
2015-08-18,2015,0.000000
2015-08-19,2015,0.000387
2015-08-20,2015,0.000182
2015-08-21,2015,0.000000
2015-08-22,2015,0.000000
2015-08-23,2015,0.000000
2015-08-24,2015,0.000000
2015-08-25,2015,0.000000
2015-08-26,2015,0.000000
2015-08-27,2015,0.000000
2015-08-28,2015,0.000000
2015-08-29,2015,0.000000
2015-08-30,2015,0.000000
2015-08-31,2015,0.000000
2015-09-01,2015,0.000000
2015-09-02,2015,0.000000
2015-09-03,2015,0.000000
2015-09-04,2015,0.000000
2015-09-05,2015,0.000000
2015-09-06,2015,0.000000
2015-09-07,2015,0.000000
2015-09-08,2015,0.000000
2015-09-09,2015,0.000000
2015-09-10,2015,0.000000
2015-09-11,2015,0.000000
2015-09-12,2015,0.000000
2015-09-13,2015,0.000000
2015-09-14,2015,0.000000
2015-09-15,2015,0.000000
2015-09-16,2015,0.000000
2015-09-17,2015,0.000000
2015-09-18,2015,0.000431
2015-09-19,2015,0.000227
2015-09-20,2015,0.000091
2015-09-21,2015,0.000000
2015-09-22,2015,0.000000
2015-09-23,2015,0.000000
2015-09-24,2015,0.000000
2015-09-25,2015,0.000000
2015-09-26,2015,0.000000
2015-09-27,2015,0.000000
2015-09-28,2015,0.000000
2015-09-29,2015,0.000000
2015-09-30,2015,0.000000
2015-10-01,2016,0.000000
2015-10-02,2016,0.000000
2015-10-03,2016,0.000000
2015-10-04,2016,0.001013
2015-10-05,2016,0.000992
2015-10-06,2016,0.001912
2015-10-07,2016,0.005116
2015-10-08,2016,0.003260
2015-10-09,2016,0.001792
2015-10-10,2016,0.000628
2015-10-11,2016,0.000186
2015-10-12,2016,0.000000
2015-10-13,2016,0.000000
2015-10-14,2016,0.000000
2015-10-15,2016,0.000000
2015-10-16,2016,0.000000
2015-10-17,2016,0.000000
2015-10-18,2016,0.000997
2015-10-19,2016,0.001044
2015-10-20,2016,0.004248
2015-10-21,2016,0.016904
2015-10-22,2016,0.072009
2015-10-23,2016,0.230062
2015-10-24,2016,0.202911
2015-10-25,2016,0.170679
2015-10-26,2016,0.136819
2015-10-27,2016,0.141808
2015-10-28,2016,0.173493
2015-10-29,2016,0.164640
2015-10-30,2016,0.178678
2015-10-31,2016,0.190820
2015-11-01,2016,0.167223
2015-11-02,2016,0.135910
2015-11-03,2016,0.103823
2015-11-04,2016,0.136264
2015-11-05,2016,0.420768
2015-11-06,2016,0.473872
2015-11-07,2016,0.490326
2015-11-08,2016,0.481934
2015-11-09,2016,0.463739
2015-11-10,2016,0.432020
2015-11-11,2016,0.702473
2015-11-12,2016,0.731821
2015-11-13,2016,0.722525
2015-11-14,2016,0.707925
2015-11-15,2016,0.687859
2015-11-16,2016,0.763952
2015-11-17,2016,1.191359
2015-11-18,2016,1.213282
2015-11-19,2016,1.235757
2015-11-20,2016,1.241066
2015-11-21,2016,1.288617
2015-11-22,2016,1.277013
2015-11-23,2016,1.259791
2015-11-24,2016,1.236587
2015-11-25,2016,1.206861
2015-11-26,2016,1.245490
2015-11-27,2016,1.435388
2015-11-28,2016,1.603537
2015-11-29,2016,1.661225
2015-11-30,2016,1.760795
2015-12-01,2016,1.775805
2015-12-02,2016,1.768685
2015-12-03,2016,1.761348
2015-12-04,2016,1.753247
2015-12-05,2016,1.758182
2015-12-06,2016,1.777318
2015-12-07,2016,1.763411
2015-12-08,2016,1.747578
2015-12-09,2016,1.720743
2015-12-10,2016,1.680678
2015-12-11,2016,1.671871
2015-12-12,2016,1.895756
2015-12-13,2016,2.143127
2015-12-14,2016,2.141403
2015-12-15,2016,2.390801
2015-12-16,2016,2.518166
2015-12-17,2016,2.561375
2015-12-18,2016,2.574155
2015-12-19,2016,2.570413
2015-12-20,2016,2.566634
2015-12-21,2016,2.658348
2015-12-22,2016,2.792377
2015-12-23,2016,3.127455
2015-12-24,2016,3.208304
2015-12-25,2016,3.293138
2015-12-26,2016,3.515993
2015-12-27,2016,3.543983
2015-12-28,2016,3.548267
2015-12-29,2016,3.547114
2015-12-30,2016,3.569963
2015-12-31,2016,3.608473
2016-01-01,2016,3.615227
2016-01-02,2016,3.614081
2016-01-03,2016,3.611355
2016-01-04,2016,3.606848
2016-01-05,2016,3.617052
2016-01-06,2016,3.629174
2016-01-07,2016,3.755841
2016-01-08,2016,3.860670
2016-01-09,2016,3.963115
2016-01-10,2016,3.976085
2016-01-11,2016,3.978322
2016-01-12,2016,3.973192
2016-01-13,2016,3.966196
2016-01-14,2016,3.956868
2016-01-15,2016,3.976634
2016-01-16,2016,4.066112
2016-01-17,2016,4.163659
2016-01-18,2016,4.194440
2016-01-19,2016,4.260198
2016-01-20,2016,4.304045
2016-01-21,2016,4.384826
2016-01-22,2016,4.379388
2016-01-23,2016,4.367503
2016-01-24,2016,4.350267
2016-01-25,2016,4.467267
2016-01-26,2016,4.500418
2016-01-27,2016,4.494690
2016-01-28,2016,4.483099
2016-01-29,2016,4.472279
2016-01-30,2016,4.466805
2016-01-31,2016,4.684067
2016-02-01,2016,5.003950
2016-02-02,2016,5.347807
2016-02-03,2016,5.417150
2016-02-04,2016,5.419962
2016-02-05,2016,5.459963
2016-02-06,2016,5.459180
2016-02-07,2016,5.450113
2016-02-08,2016,5.439690
2016-02-09,2016,5.426721
2016-02-10,2016,5.409160
2016-02-11,2016,5.383605
2016-02-12,2016,5.357503
2016-02-13,2016,5.323456
2016-02-14,2016,5.284188
2016-02-15,2016,5.314055
2016-02-16,2016,5.326415
2016-02-17,2016,5.274445
2016-02-18,2016,5.208106
2016-02-19,2016,5.127605
2016-02-20,2016,5.066349
2016-02-21,2016,5.002362
2016-02-22,2016,4.958034
2016-02-23,2016,5.110634
2016-02-24,2016,5.148402
2016-02-25,2016,5.130033
2016-02-26,2016,5.102528
2016-02-27,2016,5.048113
2016-02-28,2016,4.970206
2016-02-29,2016,4.898887
2016-03-01,2016,4.863851
2016-03-02,2016,4.805634
2016-03-03,2016,4.754178
2016-03-04,2016,4.675461
2016-03-05,2016,4.576558
2016-03-06,2016,4.473199
2016-03-07,2016,4.507435
2016-03-08,2016,4.593140
2016-03-09,2016,4.581963
2016-03-10,2016,4.577792
2016-03-11,2016,4.509090
2016-03-12,2016,4.393631
2016-03-13,2016,4.325976
2016-03-14,2016,4.262943
2016-03-15,2016,4.351005
2016-03-16,2016,4.442145
2016-03-17,2016,4.472991
2016-03-18,2016,4.541275
2016-03-19,2016,4.537635
2016-03-20,2016,4.514138
2016-03-21,2016,4.478213
2016-03-22,2016,4.397537
2016-03-23,2016,4.566678
2016-03-24,2016,4.748545
2016-03-25,2016,4.753185
2016-03-26,2016,4.834793
2016-03-27,2016,4.958926
2016-03-28,2016,4.928558
2016-03-29,2016,4.865845
2016-03-30,2016,4.985565
2016-03-31,2016,5.075590
2016-04-01,2016,5.149800
2016-04-02,2016,5.121720
2016-04-03,2016,5.062325
2016-04-04,2016,4.975648
2016-04-05,2016,4.865984
2016-04-06,2016,4.859372
2016-04-07,2016,4.794844
2016-04-08,2016,4.683665
2016-04-09,2016,4.572584
2016-04-10,2016,4.450806
2016-04-11,2016,4.360077
2016-04-12,2016,4.277768
2016-04-13,2016,4.169302
2016-04-14,2016,4.014407
2016-04-15,2016,3.898407
2016-04-16,2016,4.266564
2016-04-17,2016,4.693457
2016-04-18,2016,4.765732
2016-04-19,2016,4.878584
2016-04-20,2016,4.860880
2016-04-21,2016,4.740534
2016-04-22,2016,4.558457
2016-04-23,2016,4.307169
2016-04-24,2016,4.132944
2016-04-25,2016,4.108426
2016-04-26,2016,4.129572
2016-04-27,2016,4.234387
2016-04-28,2016,4.234579
2016-04-29,2016,4.462568
2016-04-30,2016,4.710002
2016-05-01,2016,4.757151
2016-05-02,2016,4.820406
2016-05-03,2016,4.729962
2016-05-04,2016,4.582643
2016-05-05,2016,4.348509
2016-05-06,2016,4.049041
2016-05-07,2016,3.777041
2016-05-08,2016,3.791775
2016-05-09,2016,3.898863
2016-05-10,2016,3.829761
2016-05-11,2016,3.748723
2016-05-12,2016,3.713154
2016-05-13,2016,3.634833
2016-05-14,2016,3.481311
2016-05-15,2016,3.288138
2016-05-16,2016,3.115261
2016-05-17,2016,3.097049
2016-05-18,2016,3.048621
2016-05-19,2016,2.965161
2016-05-20,2016,2.821175
2016-05-21,2016,2.637201
2016-05-22,2016,2.455605
2016-05-23,2016,2.355429
2016-05-24,2016,2.296236
2016-05-25,2016,2.206960
2016-05-26,2016,2.150927
2016-05-27,2016,2.143620
2016-05-28,2016,2.092351
2016-05-29,2016,2.005407
2016-05-30,2016,1.885546
2016-05-31,2016,1.770496
2016-06-01,2016,1.657758
2016-06-02,2016,1.524820
2016-06-03,2016,1.387273
2016-06-04,2016,1.244478
2016-06-05,2016,1.086793
2016-06-06,2016,0.934289
2016-06-07,2016,0.790326
2016-06-08,2016,0.655971
2016-06-09,2016,0.548490
2016-06-10,2016,0.432092
2016-06-11,2016,0.334522
2016-06-12,2016,0.262514
2016-06-13,2016,0.204330
2016-06-14,2016,0.168597
2016-06-15,2016,0.143248
2016-06-16,2016,0.114568
2016-06-17,2016,0.092493
2016-06-18,2016,0.069691
2016-06-19,2016,0.046412
2016-06-20,2016,0.023867
2016-06-21,2016,0.009606
2016-06-22,2016,0.003904
2016-06-23,2016,0.001684
2016-06-24,2016,0.000703
2016-06-25,2016,0.000000
2016-06-26,2016,0.000000
2016-06-27,2016,0.000000
2016-06-28,2016,0.000000
2016-06-29,2016,0.000000
2016-06-30,2016,0.000000
2016-07-01,2016,0.000000
2016-07-02,2016,0.000000
2016-07-03,2016,0.000000
2016-07-04,2016,0.000000
2016-07-05,2016,0.000000
2016-07-06,2016,0.000000
2016-07-07,2016,0.000000
2016-07-08,2016,0.000000
2016-07-09,2016,0.000000
2016-07-10,2016,0.000000
2016-07-11,2016,0.000000
2016-07-12,2016,0.000000
2016-07-13,2016,0.000000
2016-07-14,2016,0.000000
2016-07-15,2016,0.000000
2016-07-16,2016,0.000000
2016-07-17,2016,0.000000
2016-07-18,2016,0.000000
2016-07-19,2016,0.000000
2016-07-20,2016,0.000000
2016-07-21,2016,0.000000
2016-07-22,2016,0.000000
2016-07-23,2016,0.000000
2016-07-24,2016,0.000000
2016-07-25,2016,0.000000
2016-07-26,2016,0.000000
2016-07-27,2016,0.000000
2016-07-28,2016,0.000000
2016-07-29,2016,0.000000
2016-07-30,2016,0.000000
2016-07-31,2016,0.000000
2016-08-01,2016,0.000000
2016-08-02,2016,0.000000
2016-08-03,2016,0.000000
2016-08-04,2016,0.000000
2016-08-05,2016,0.000000
2016-08-06,2016,0.000000
2016-08-07,2016,0.000000
2016-08-08,2016,0.000000
2016-08-09,2016,0.000000
2016-08-10,2016,0.000000
2016-08-11,2016,0.000000
2016-08-12,2016,0.000000
2016-08-13,2016,0.000000
2016-08-14,2016,0.000000
2016-08-15,2016,0.000000
2016-08-16,2016,0.000000
2016-08-17,2016,0.000000
2016-08-18,2016,0.000000
2016-08-19,2016,0.000000
2016-08-20,2016,0.000000
2016-08-21,2016,0.000000
2016-08-22,2016,0.000071
2016-08-23,2016,0.003155
2016-08-24,2016,0.006791
2016-08-25,2016,0.004298
2016-08-26,2016,0.007650
2016-08-27,2016,0.003556
2016-08-28,2016,0.001429
2016-08-29,2016,0.000872
2016-08-30,2016,0.000237
2016-08-31,2016,0.000047
2016-09-01,2016,0.000000
2016-09-02,2016,0.000000
2016-09-03,2016,0.000000
2016-09-04,2016,0.000000
2016-09-05,2016,0.000000
2016-09-06,2016,0.000000
2016-09-07,2016,0.000000
2016-09-08,2016,0.000000
2016-09-09,2016,0.000000
2016-09-10,2016,0.000000
2016-09-11,2016,0.000000
2016-09-12,2016,0.000000
2016-09-13,2016,0.000451
2016-09-14,2016,0.000214
2016-09-15,2016,0.000380
2016-09-16,2016,0.000237
2016-09-17,2016,0.000071
2016-09-18,2016,0.000000
2016-09-19,2016,0.000000
2016-09-20,2016,0.000000
2016-09-21,2016,0.000284
2016-09-22,2016,0.000261
2016-09-23,2016,0.001352
2016-09-24,2016,0.049581
2016-09-25,2016,0.056378
2016-09-26,2016,0.032240
2016-09-27,2016,0.013783
2016-09-28,2016,0.004344
2016-09-29,2016,0.001237
2016-09-30,2016,0.000376
2016-10-01,2017,0.000024
2016-10-02,2017,0.000000
2016-10-03,2017,0.007264
2016-10-04,2017,0.014425
2016-10-05,2017,0.017060
2016-10-06,2017,0.079617
2016-10-07,2017,0.097659
2016-10-08,2017,0.083025
2016-10-09,2017,0.054078
2016-10-10,2017,0.033188
2016-10-11,2017,0.022196
2016-10-12,2017,0.026870
2016-10-13,2017,0.018525
2016-10-14,2017,0.012369
2016-10-15,2017,0.006815
2016-10-16,2017,0.003469
2016-10-17,2017,0.001959
2016-10-18,2017,0.020523
2016-10-19,2017,0.040111
2016-10-20,2017,0.041494
2016-10-21,2017,0.038024
2016-10-22,2017,0.028198
2016-10-23,2017,0.016716
2016-10-24,2017,0.009137
2016-10-25,2017,0.007167
2016-10-26,2017,0.005730
2016-10-27,2017,0.003486
2016-10-28,2017,0.001721
2016-10-29,2017,0.001024
2016-10-30,2017,0.000374
2016-10-31,2017,0.000210
2016-11-01,2017,0.009425
2016-11-02,2017,0.026648
2016-11-03,2017,0.022815
2016-11-04,2017,0.017799
2016-11-05,2017,0.026533
2016-11-06,2017,0.030027
2016-11-07,2017,0.024708
2016-11-08,2017,0.020155
2016-11-09,2017,0.016060
2016-11-10,2017,0.011954
2016-11-11,2017,0.009178
2016-11-12,2017,0.007530
2016-11-13,2017,0.006566
2016-11-14,2017,0.006360
2016-11-15,2017,0.005134
2016-11-16,2017,0.003827
2016-11-17,2017,0.005978
2016-11-18,2017,0.205176
2016-11-19,2017,0.201906
2016-11-20,2017,0.188972
2016-11-21,2017,0.187895
2016-11-22,2017,0.410051
2016-11-23,2017,0.454951
2016-11-24,2017,0.512578
2016-11-25,2017,0.507228
2016-11-26,2017,0.497220
2016-11-27,2017,0.608151
2016-11-28,2017,0.808235
2016-11-29,2017,0.918522
2016-11-30,2017,0.934362
2016-12-01,2017,0.933104
2016-12-02,2017,0.939868
2016-12-03,2017,0.994186
2016-12-04,2017,0.991744
2016-12-05,2017,0.985456
2016-12-06,2017,1.009246
2016-12-07,2017,1.135366
2016-12-08,2017,1.148452
2016-12-09,2017,1.189709
2016-12-10,2017,1.201467
2016-12-11,2017,1.378772
2016-12-12,2017,1.476729
2016-12-13,2017,1.482085
2016-12-14,2017,1.485403
2016-12-15,2017,1.556574
2016-12-16,2017,1.664450
2016-12-17,2017,2.345457
2016-12-18,2017,2.451897
2016-12-19,2017,2.449801
2016-12-20,2017,2.440544
2016-12-21,2017,2.426588
2016-12-22,2017,2.455567
2016-12-23,2017,2.825739
2016-12-24,2017,2.830344
2016-12-25,2017,3.029915
2016-12-26,2017,3.139472
2016-12-27,2017,3.137318
2016-12-28,2017,3.133599
2016-12-29,2017,3.144327
2016-12-30,2017,3.138992
2016-12-31,2017,3.132237
2017-01-01,2017,3.157808
2017-01-02,2017,3.202837
2017-01-03,2017,3.344856
2017-01-04,2017,3.404032
2017-01-05,2017,3.818054
2017-01-06,2017,4.192594
2017-01-07,2017,4.195277
2017-01-08,2017,4.200371
2017-01-09,2017,4.275390
2017-01-10,2017,4.672109
2017-01-11,2017,4.756296
2017-01-12,2017,4.919242
2017-01-13,2017,5.049912
2017-01-14,2017,5.120192
2017-01-15,2017,5.191369
2017-01-16,2017,5.337220
2017-01-17,2017,5.445095
2017-01-18,2017,5.442866
2017-01-19,2017,5.438453
2017-01-20,2017,5.563312
2017-01-21,2017,5.666748
2017-01-22,2017,5.804742
2017-01-23,2017,5.881112
2017-01-24,2017,6.109593
2017-01-25,2017,6.184454
2017-01-26,2017,6.206967
2017-01-27,2017,6.212378
2017-01-28,2017,6.208780
2017-01-29,2017,6.202658
2017-01-30,2017,6.192091
2017-01-31,2017,6.175689
2017-02-01,2017,6.150091
2017-02-02,2017,6.127840
2017-02-03,2017,6.178456
2017-02-04,2017,6.182385
2017-02-05,2017,6.182526
2017-02-06,2017,6.155868
2017-02-07,2017,6.182796
2017-02-08,2017,6.316103
2017-02-09,2017,6.263846
2017-02-10,2017,6.146731
2017-02-11,2017,5.978922
2017-02-12,2017,6.103326
2017-02-13,2017,6.167256
2017-02-14,2017,6.216226
2017-02-15,2017,6.199244
2017-02-16,2017,6.177145
2017-02-17,2017,6.145211
2017-02-18,2017,6.132315
2017-02-19,2017,6.059720
2017-02-20,2017,6.154078
2017-02-21,2017,6.108664
2017-02-22,2017,6.029179
2017-02-23,2017,6.126255
2017-02-24,2017,6.266081
2017-02-25,2017,6.309638
2017-02-26,2017,6.325062
2017-02-27,2017,6.327132
2017-02-28,2017,6.634847
2017-03-01,2017,6.732506
2017-03-02,2017,6.720761
2017-03-03,2017,6.710578
2017-03-04,2017,6.687658
2017-03-05,2017,6.643358
2017-03-06,2017,6.696144
2017-03-07,2017,6.745349
2017-03-08,2017,6.734581
2017-03-09,2017,6.696063
2017-03-10,2017,6.633045
2017-03-11,2017,6.551022
2017-03-12,2017,6.457344
2017-03-13,2017,6.400545
2017-03-14,2017,6.320102
2017-03-15,2017,6.178531
2017-03-16,2017,6.008057
2017-03-17,2017,5.828029
2017-03-18,2017,5.631081
2017-03-19,2017,5.388196
2017-03-20,2017,5.177110
2017-03-21,2017,5.001950
2017-03-22,2017,4.821932
2017-03-23,2017,4.649029
2017-03-24,2017,4.784101
2017-03-25,2017,4.762426
2017-03-26,2017,4.738560
2017-03-27,2017,4.687452
2017-03-28,2017,4.707346
2017-03-29,2017,4.889607
2017-03-30,2017,4.834899
2017-03-31,2017,4.773822
2017-04-01,2017,4.933350
2017-04-02,2017,4.963972
2017-04-03,2017,4.944653
2017-04-04,2017,5.075736
2017-04-05,2017,5.297769
2017-04-06,2017,5.266560
2017-04-07,2017,5.183018
2017-04-08,2017,4.994311
2017-04-09,2017,4.868859
2017-04-10,2017,4.861367
2017-04-11,2017,4.828016
2017-04-12,2017,4.776864
2017-04-13,2017,4.675071
2017-04-14,2017,4.526241
2017-04-15,2017,4.411868
2017-04-16,2017,4.348518
2017-04-17,2017,4.258133
2017-04-18,2017,4.137673
2017-04-19,2017,3.972320
2017-04-20,2017,3.893557
2017-04-21,2017,3.937945
2017-04-22,2017,3.948438
2017-04-23,2017,3.906527
2017-04-24,2017,3.805788
2017-04-25,2017,3.815981
2017-04-26,2017,3.878285
2017-04-27,2017,3.939392
2017-04-28,2017,4.021538
2017-04-29,2017,4.222880
2017-04-30,2017,4.312290
2017-05-01,2017,4.266670
2017-05-02,2017,4.160211
2017-05-03,2017,4.133002
2017-05-04,2017,4.072357
2017-05-05,2017,3.935087
2017-05-06,2017,3.729624
2017-05-07,2017,3.514620
2017-05-08,2017,3.305117
2017-05-09,2017,3.136163
2017-05-10,2017,2.986537
2017-05-11,2017,2.939843
2017-05-12,2017,2.779578
2017-05-13,2017,2.602720
2017-05-14,2017,2.432066
2017-05-15,2017,2.309259
2017-05-16,2017,2.200868
2017-05-17,2017,2.159241
2017-05-18,2017,2.474110
2017-05-19,2017,2.812850
2017-05-20,2017,2.866523
2017-05-21,2017,2.765688
2017-05-22,2017,2.650433
2017-05-23,2017,2.566547
2017-05-24,2017,2.478845
2017-05-25,2017,2.285437
2017-05-26,2017,2.160290
2017-05-27,2017,2.048796
2017-05-28,2017,1.998341
2017-05-29,2017,1.939132
2017-05-30,2017,1.855318
2017-05-31,2017,1.737247
2017-06-01,2017,1.606244
2017-06-02,2017,1.463311
2017-06-03,2017,1.309752
2017-06-04,2017,1.165559
2017-06-05,2017,1.002341
2017-06-06,2017,0.851137
2017-06-07,2017,0.710663
2017-06-08,2017,0.578547
2017-06-09,2017,0.471163
2017-06-10,2017,0.392413
2017-06-11,2017,0.327501
2017-06-12,2017,0.281801
2017-06-13,2017,0.244146
2017-06-14,2017,0.231367
2017-06-15,2017,0.204746
2017-06-16,2017,0.173080
2017-06-17,2017,0.139049
2017-06-18,2017,0.105485
2017-06-19,2017,0.075748
2017-06-20,2017,0.050376
2017-06-21,2017,0.029629
2017-06-22,2017,0.015045
2017-06-23,2017,0.007148
2017-06-24,2017,0.003678
2017-06-25,2017,0.001790
2017-06-26,2017,0.000907
2017-06-27,2017,0.000303
2017-06-28,2017,0.000000
2017-06-29,2017,0.000000
2017-06-30,2017,0.000000
2017-07-01,2017,0.000000
2017-07-02,2017,0.000000
2017-07-03,2017,0.000000
2017-07-04,2017,0.000000
2017-07-05,2017,0.000000
2017-07-06,2017,0.000000
2017-07-07,2017,0.000000
2017-07-08,2017,0.000000
2017-07-09,2017,0.000000
2017-07-10,2017,0.000000
2017-07-11,2017,0.000000
2017-07-12,2017,0.000000
2017-07-13,2017,0.000000
2017-07-14,2017,0.000000
2017-07-15,2017,0.000000
2017-07-16,2017,0.000000
2017-07-17,2017,0.000000
2017-07-18,2017,0.000000
2017-07-19,2017,0.000000
2017-07-20,2017,0.000000
2017-07-21,2017,0.000000
2017-07-22,2017,0.000000
2017-07-23,2017,0.000000
2017-07-24,2017,0.000000
2017-07-25,2017,0.000000
2017-07-26,2017,0.000000
2017-07-27,2017,0.000000
2017-07-28,2017,0.000000
2017-07-29,2017,0.000000
2017-07-30,2017,0.000000
2017-07-31,2017,0.000000
2017-08-01,2017,0.000000
2017-08-02,2017,0.000000
2017-08-03,2017,0.000000
2017-08-04,2017,0.000000
2017-08-05,2017,0.000000
2017-08-06,2017,0.000000
2017-08-07,2017,0.000000
2017-08-08,2017,0.000000
2017-08-09,2017,0.000000
2017-08-10,2017,0.000000
2017-08-11,2017,0.000000
2017-08-12,2017,0.000000
2017-08-13,2017,0.000000
2017-08-14,2017,0.000000
2017-08-15,2017,0.000000
2017-08-16,2017,0.000000
2017-08-17,2017,0.000000
2017-08-18,2017,0.000000
2017-08-19,2017,0.000000
2017-08-20,2017,0.000000
2017-08-21,2017,0.000000
2017-08-22,2017,0.000000
2017-08-23,2017,0.000000
2017-08-24,2017,0.000000
2017-08-25,2017,0.000000
2017-08-26,2017,0.000000
2017-08-27,2017,0.000000
2017-08-28,2017,0.000000
2017-08-29,2017,0.000000
2017-08-30,2017,0.000000
2017-08-31,2017,0.000000
2017-09-01,2017,0.000000
2017-09-02,2017,0.000000
2017-09-03,2017,0.000000
2017-09-04,2017,0.000000
2017-09-05,2017,0.000000
2017-09-06,2017,0.000000
2017-09-07,2017,0.000000
2017-09-08,2017,0.000000
2017-09-09,2017,0.000000
2017-09-10,2017,0.000000
2017-09-11,2017,0.000000
2017-09-12,2017,0.000000
2017-09-13,2017,0.000000
2017-09-14,2017,0.000000
2017-09-15,2017,0.000285
2017-09-16,2017,0.002210
2017-09-17,2017,0.001892
2017-09-18,2017,0.001285
2017-09-19,2017,0.000301
2017-09-20,2017,0.006014
2017-09-21,2017,0.001742
2017-09-22,2017,0.000340
2017-09-23,2017,0.007410
2017-09-24,2017,0.044965
2017-09-25,2017,0.044609
2017-09-26,2017,0.045297
2017-09-27,2017,0.032557
2017-09-28,2017,0.093991
2017-09-29,2017,0.064556
2017-09-30,2017,0.037457
2017-10-01,2018,0.047783
2017-10-02,2018,0.154801
2017-10-03,2018,0.305998
2017-10-04,2018,0.236429
2017-10-05,2018,0.108933
2017-10-06,2018,0.050000
2017-10-07,2018,0.051884
2017-10-08,2018,0.034919
2017-10-09,2018,0.151206
2017-10-10,2018,0.310852
2017-10-11,2018,0.257353
2017-10-12,2018,0.165144
2017-10-13,2018,0.088334
2017-10-14,2018,0.057737
2017-10-15,2018,0.059218
2017-10-16,2018,0.045626
2017-10-17,2018,0.031316
2017-10-18,2018,0.020440
2017-10-19,2018,0.012776
2017-10-20,2018,0.006689
2017-10-21,2018,0.072050
2017-10-22,2018,0.071610
2017-10-23,2018,0.055689
2017-10-24,2018,0.042474
2017-10-25,2018,0.034468
2017-10-26,2018,0.022236
2017-10-27,2018,0.050380
2017-10-28,2018,0.051892
2017-10-29,2018,0.046247
2017-10-30,2018,0.036107
2017-10-31,2018,0.117261
2017-11-01,2018,0.129054
2017-11-02,2018,0.100789
2017-11-03,2018,0.073663
2017-11-04,2018,0.060500
2017-11-05,2018,0.165808
2017-11-06,2018,0.226707
2017-11-07,2018,0.311702
2017-11-08,2018,0.409216
2017-11-09,2018,0.399360
2017-11-10,2018,0.376860
2017-11-11,2018,0.336066
2017-11-12,2018,0.322984
2017-11-13,2018,0.306494
2017-11-14,2018,0.268132
2017-11-15,2018,0.243334
2017-11-16,2018,0.231347
2017-11-17,2018,0.223119
2017-11-18,2018,0.479209
2017-11-19,2018,0.473392
2017-11-20,2018,0.464649
2017-11-21,2018,0.467815
2017-11-22,2018,0.474752
2017-11-23,2018,0.418746
2017-11-24,2018,0.370658
2017-11-25,2018,0.342022
2017-11-26,2018,0.326994
2017-11-27,2018,0.297793
2017-11-28,2018,0.276437
2017-11-29,2018,0.283763
2017-11-30,2018,0.277352
2017-12-01,2018,0.271101
2017-12-02,2018,0.273589
2017-12-03,2018,0.263938
2017-12-04,2018,0.340924
2017-12-05,2018,0.360213
2017-12-06,2018,0.357107
2017-12-07,2018,0.370938
2017-12-08,2018,0.390010
2017-12-09,2018,0.384345
2017-12-10,2018,0.378980
2017-12-11,2018,0.373309
2017-12-12,2018,0.365565
2017-12-13,2018,0.354658
2017-12-14,2018,0.415653
2017-12-15,2018,0.434475
2017-12-16,2018,0.426409
2017-12-17,2018,0.420509
2017-12-18,2018,0.416059
2017-12-19,2018,0.410469
2017-12-20,2018,0.403413
2017-12-21,2018,0.447836
2017-12-22,2018,0.562149
2017-12-23,2018,0.569028
2017-12-24,2018,0.675254
2017-12-25,2018,0.754040
2017-12-26,2018,0.832578
2017-12-27,2018,0.826820
2017-12-28,2018,0.812639
2017-12-29,2018,0.797414
2017-12-30,2018,0.775085
2017-12-31,2018,0.754425
2018-01-01,2018,0.746581
2018-01-02,2018,0.739014
2018-01-03,2018,0.732528
2018-01-04,2018,0.724682
2018-01-05,2018,0.715913
2018-01-06,2018,0.704237
2018-01-07,2018,0.860448
2018-01-08,2018,0.855216
2018-01-09,2018,0.854620
2018-01-10,2018,0.849163
2018-01-11,2018,1.063099
2018-01-12,2018,1.073974
2018-01-13,2018,1.126640
2018-01-14,2018,1.118856
2018-01-15,2018,1.105535
2018-01-16,2018,1.108506
2018-01-17,2018,1.101375
2018-01-18,2018,1.092126
2018-01-19,2018,1.072557
2018-01-20,2018,1.039519
2018-01-21,2018,1.335203
2018-01-22,2018,1.515779
2018-01-23,2018,1.511470
2018-01-24,2018,1.506249
2018-01-25,2018,1.492575
2018-01-26,2018,1.503746
2018-01-27,2018,1.517638
2018-01-28,2018,1.507568
2018-01-29,2018,1.496799
2018-01-30,2018,1.472255
2018-01-31,2018,1.434643
2018-02-01,2018,1.414825
2018-02-02,2018,1.400329
2018-02-03,2018,1.383425
2018-02-04,2018,1.386039
2018-02-05,2018,1.390205
2018-02-06,2018,1.485121
2018-02-07,2018,1.543953
2018-02-08,2018,1.528867
2018-02-09,2018,1.498341
2018-02-10,2018,1.486603
2018-02-11,2018,1.721261
2018-02-12,2018,1.714673
2018-02-13,2018,1.992179
2018-02-14,2018,2.003122
2018-02-15,2018,2.179671
2018-02-16,2018,2.270215
2018-02-17,2018,2.258109
2018-02-18,2018,2.231960
2018-02-19,2018,2.252996
2018-02-20,2018,2.564100
2018-02-21,2018,2.574959
2018-02-22,2018,2.644232
2018-02-23,2018,2.739523
2018-02-24,2018,2.828428
2018-02-25,2018,2.843317
2018-02-26,2018,2.843124
2018-02-27,2018,2.824530
2018-02-28,2018,2.807627
2018-03-01,2018,2.807959
2018-03-02,2018,2.790075
2018-03-03,2018,2.740160
2018-03-04,2018,2.673741
2018-03-05,2018,2.765367
2018-03-06,2018,2.762181
2018-03-07,2018,2.747363
2018-03-08,2018,2.723227
2018-03-09,2018,2.676611
2018-03-10,2018,2.627027
2018-03-11,2018,2.602448
2018-03-12,2018,2.575612
2018-03-13,2018,2.525928
2018-03-14,2018,2.472012
2018-03-15,2018,2.407745
2018-03-16,2018,2.553304
2018-03-17,2018,2.541215
2018-03-18,2018,2.520993
2018-03-19,2018,2.733256
2018-03-20,2018,2.730412
2018-03-21,2018,2.710309
2018-03-22,2018,2.667053
2018-03-23,2018,2.567114
2018-03-24,2018,2.628693
2018-03-25,2018,2.581036
2018-03-26,2018,2.565322
2018-03-27,2018,2.633926
2018-03-28,2018,2.689827
2018-03-29,2018,2.761466
2018-03-30,2018,2.747858
2018-03-31,2018,2.688783
2018-04-01,2018,2.634794
2018-04-02,2018,2.557411
2018-04-03,2018,2.509937
2018-04-04,2018,2.490325
2018-04-05,2018,2.467150
2018-04-06,2018,2.440025
2018-04-07,2018,2.580179
2018-04-08,2018,2.573188
2018-04-09,2018,2.594850
2018-04-10,2018,2.587959
2018-04-11,2018,2.532127
2018-04-12,2018,2.430793
2018-04-13,2018,2.446906
2018-04-14,2018,2.504829
2018-04-15,2018,2.488224
2018-04-16,2018,2.438194
2018-04-17,2018,2.348264
2018-04-18,2018,2.388819
2018-04-19,2018,2.368350
2018-04-20,2018,2.389175
2018-04-21,2018,2.650287
2018-04-22,2018,2.620296
2018-04-23,2018,2.480593
2018-04-24,2018,2.362711
2018-04-25,2018,2.353759
2018-04-26,2018,2.285597
2018-04-27,2018,2.228748
2018-04-28,2018,2.130432
2018-04-29,2018,2.008130
2018-04-30,2018,1.873745
2018-05-01,2018,1.837009
2018-05-02,2018,1.866749
2018-05-03,2018,1.987576
2018-05-04,2018,2.018092
2018-05-05,2018,1.916610
2018-05-06,2018,1.798503
2018-05-07,2018,1.653533
2018-05-08,2018,1.511294
2018-05-09,2018,1.383888
2018-05-10,2018,1.264746
2018-05-11,2018,1.135375
2018-05-12,2018,1.039105
2018-05-13,2018,0.937504
2018-05-14,2018,0.868134
2018-05-15,2018,0.813624
2018-05-16,2018,0.748055
2018-05-17,2018,0.676760
2018-05-18,2018,0.610806
2018-05-19,2018,0.558604
2018-05-20,2018,0.527666
2018-05-21,2018,0.461705
2018-05-22,2018,0.407894
2018-05-23,2018,0.340575
2018-05-24,2018,0.291275
2018-05-25,2018,0.245669
2018-05-26,2018,0.198988
2018-05-27,2018,0.163672
2018-05-28,2018,0.138068
2018-05-29,2018,0.121494
2018-05-30,2018,0.106842
2018-05-31,2018,0.088311
2018-06-01,2018,0.069668
2018-06-02,2018,0.058901
2018-06-03,2018,0.047918
2018-06-04,2018,0.037191
2018-06-05,2018,0.026068
2018-06-06,2018,0.016293
2018-06-07,2018,0.009608
2018-06-08,2018,0.005593
2018-06-09,2018,0.003086
2018-06-10,2018,0.001578
2018-06-11,2018,0.000835
2018-06-12,2018,0.000278
2018-06-13,2018,0.000162
2018-06-14,2018,0.000000
2018-06-15,2018,0.000000
2018-06-16,2018,0.000000
2018-06-17,2018,0.000000
2018-06-18,2018,0.000000
2018-06-19,2018,0.000000
2018-06-20,2018,0.000000
2018-06-21,2018,0.000000
2018-06-22,2018,0.000000
2018-06-23,2018,0.000000
2018-06-24,2018,0.000000
2018-06-25,2018,0.000162
2018-06-26,2018,0.000000
2018-06-27,2018,0.000000
2018-06-28,2018,0.000000
2018-06-29,2018,0.000000
2018-06-30,2018,0.000000
2018-07-01,2018,0.000000
2018-07-02,2018,0.000000
2018-07-03,2018,0.000000
2018-07-04,2018,0.000000
2018-07-05,2018,0.000000
2018-07-06,2018,0.000000
2018-07-07,2018,0.000000
2018-07-08,2018,0.000000
2018-07-09,2018,0.000000
2018-07-10,2018,0.000000
2018-07-11,2018,0.000000
2018-07-12,2018,0.000000
2018-07-13,2018,0.000000
2018-07-14,2018,0.000000
2018-07-15,2018,0.000000
2018-07-16,2018,0.000000
2018-07-17,2018,0.000000
2018-07-18,2018,0.000000
2018-07-19,2018,0.000000
2018-07-20,2018,0.000000
2018-07-21,2018,0.000000
2018-07-22,2018,0.000000
2018-07-23,2018,0.000000
2018-07-24,2018,0.000000
2018-07-25,2018,0.000000
2018-07-26,2018,0.000000
2018-07-27,2018,0.000000
2018-07-28,2018,0.000000
2018-07-29,2018,0.000000
2018-07-30,2018,0.000000
2018-07-31,2018,0.000000
2018-08-01,2018,0.000000
2018-08-02,2018,0.000000
2018-08-03,2018,0.000000
2018-08-04,2018,0.000000
2018-08-05,2018,0.000000
2018-08-06,2018,0.000000
2018-08-07,2018,0.000000
2018-08-08,2018,0.000000
2018-08-09,2018,0.000000
2018-08-10,2018,0.000000
2018-08-11,2018,0.000000
2018-08-12,2018,0.000000
2018-08-13,2018,0.000000
2018-08-14,2018,0.000000
2018-08-15,2018,0.000000
2018-08-16,2018,0.000000
2018-08-17,2018,0.000000
2018-08-18,2018,0.000000
2018-08-19,2018,0.000000
2018-08-20,2018,0.000000
2018-08-21,2018,0.000000
2018-08-22,2018,0.000000
2018-08-23,2018,0.000000
2018-08-24,2018,0.000000
2018-08-25,2018,0.000000
2018-08-26,2018,0.000000
2018-08-27,2018,0.000000
2018-08-28,2018,0.000000
2018-08-29,2018,0.000000
2018-08-30,2018,0.000000
2018-08-31,2018,0.000000
2018-09-01,2018,0.000000
2018-09-02,2018,0.000000
2018-09-03,2018,0.000309
2018-09-04,2018,0.000261
2018-09-05,2018,0.000760
2018-09-06,2018,0.000309
2018-09-07,2018,0.000190
2018-09-08,2018,0.000071
2018-09-09,2018,0.000000
2018-09-10,2018,0.000000
2018-09-11,2018,0.000000
2018-09-12,2018,0.000000
2018-09-13,2018,0.000000
2018-09-14,2018,0.000000
2018-09-15,2018,0.000000
2018-09-16,2018,0.000000
2018-09-17,2018,0.000000
2018-09-18,2018,0.000000
2018-09-19,2018,0.000000
2018-09-20,2018,0.000000
2018-09-21,2018,0.000000
2018-09-22,2018,0.000000
2018-09-23,2018,0.000000
2018-09-24,2018,0.000000
2018-09-25,2018,0.000000
2018-09-26,2018,0.000000
2018-09-27,2018,0.000000
2018-09-28,2018,0.000000
2018-09-29,2018,0.000000
2018-09-30,2018,0.000000
2018-10-01,2019,0.000000
2018-10-02,2019,0.000000
2018-10-03,2019,0.000000
2018-10-04,2019,0.000000
2018-10-05,2019,0.000280
2018-10-06,2019,0.011975
2018-10-07,2019,0.034946
2018-10-08,2019,0.120939
2018-10-09,2019,0.220385
2018-10-10,2019,0.308819
2018-10-11,2019,0.430950
2018-10-12,2019,0.517075
2018-10-13,2019,0.450547
2018-10-14,2019,0.440479
2018-10-15,2019,0.532289
2018-10-16,2019,0.521773
2018-10-17,2019,0.495451
2018-10-18,2019,0.468605
2018-10-19,2019,0.410511
2018-10-20,2019,0.349831
2018-10-21,2019,0.284474
2018-10-22,2019,0.219281
2018-10-23,2019,0.179353
2018-10-24,2019,0.171304
2018-10-25,2019,0.148461
2018-10-26,2019,0.137677
2018-10-27,2019,0.123619
2018-10-28,2019,0.097319
2018-10-29,2019,0.076938
2018-10-30,2019,0.071269
2018-10-31,2019,0.356344
2018-11-01,2019,0.409844
2018-11-02,2019,0.422431
2018-11-03,2019,0.474579
2018-11-04,2019,0.497429
2018-11-05,2019,0.627392
2018-11-06,2019,0.642174
2018-11-07,2019,0.638913
2018-11-08,2019,0.637335
2018-11-09,2019,0.635693
2018-11-10,2019,0.626073
2018-11-11,2019,0.622722
2018-11-12,2019,0.790476
2018-11-13,2019,0.798657
2018-11-14,2019,0.791055
2018-11-15,2019,0.774444
2018-11-16,2019,0.749139
2018-11-17,2019,0.729196
2018-11-18,2019,0.789339
2018-11-19,2019,0.780189
2018-11-20,2019,0.769197
2018-11-21,2019,0.753616
2018-11-22,2019,0.735719
2018-11-23,2019,0.827470
2018-11-24,2019,0.895211
2018-11-25,2019,1.121615
2018-11-26,2019,1.117128
2018-11-27,2019,1.108088
2018-11-28,2019,1.091464
2018-11-29,2019,1.175837
2018-11-30,2019,1.195887
2018-12-01,2019,1.358961
2018-12-02,2019,1.384372
2018-12-03,2019,1.500296
2018-12-04,2019,1.533459
2018-12-05,2019,1.529781
2018-12-06,2019,1.549582
2018-12-07,2019,1.602455
2018-12-08,2019,1.597642
2018-12-09,2019,1.603653
2018-12-10,2019,1.602396
2018-12-11,2019,1.593203
2018-12-12,2019,1.582421
2018-12-13,2019,1.684615
2018-12-14,2019,1.677109
2018-12-15,2019,1.668341
2018-12-16,2019,1.654243
2018-12-17,2019,1.636531
2018-12-18,2019,1.625200
2018-12-19,2019,1.630170
2018-12-20,2019,1.661582
2018-12-21,2019,1.650720
2018-12-22,2019,1.678553
2018-12-23,2019,1.704802
2018-12-24,2019,1.736797
2018-12-25,2019,1.788461
2018-12-26,2019,1.905455
2018-12-27,2019,1.976005
2018-12-28,2019,2.011827
2018-12-29,2019,2.067641
2018-12-30,2019,2.064173
2018-12-31,2019,2.098633
2019-01-01,2019,2.368162
2019-01-02,2019,2.418027
2019-01-03,2019,2.415048
2019-01-04,2019,2.410437
2019-01-05,2019,2.401490
2019-01-06,2019,2.425747
2019-01-07,2019,2.657432
2019-01-08,2019,2.727631
2019-01-09,2019,2.722344
2019-01-10,2019,2.711354
2019-01-11,2019,2.754327
2019-01-12,2019,2.976533
2019-01-13,2019,3.023816
2019-01-14,2019,3.052080
2019-01-15,2019,3.050280
2019-01-16,2019,3.147546
2019-01-17,2019,3.254915
2019-01-18,2019,3.462715
2019-01-19,2019,3.590696
2019-01-20,2019,3.584652
2019-01-21,2019,3.571953
2019-01-22,2019,3.764333
2019-01-23,2019,3.786552
2019-01-24,2019,3.852896
2019-01-25,2019,3.910647
2019-01-26,2019,3.918470
2019-01-27,2019,3.916043
2019-01-28,2019,3.920370
2019-01-29,2019,3.947005
2019-01-30,2019,3.940019
2019-01-31,2019,3.929960
2019-02-01,2019,3.918301
2019-02-02,2019,3.904569
2019-02-03,2019,3.923027
2019-02-04,2019,4.024736
2019-02-05,2019,4.124723
2019-02-06,2019,4.303543
2019-02-07,2019,4.496275
2019-02-08,2019,4.504539
2019-02-09,2019,4.494867
2019-02-10,2019,4.508722
2019-02-11,2019,4.512168
2019-02-12,2019,4.556932
2019-02-13,2019,4.543465
2019-02-14,2019,4.684295
2019-02-15,2019,5.159578
2019-02-16,2019,5.189029
2019-02-17,2019,5.301059
2019-02-18,2019,5.360049
2019-02-19,2019,5.513071
2019-02-20,2019,5.579359
2019-02-21,2019,5.626386
2019-02-22,2019,5.756072
2019-02-23,2019,5.975253
2019-02-24,2019,5.971044
2019-02-25,2019,5.960856
2019-02-26,2019,5.938743
2019-02-27,2019,5.916254
2019-02-28,2019,5.916348
2019-03-01,2019,5.966286
2019-03-02,2019,6.069811
2019-03-03,2019,6.519801
2019-03-04,2019,6.660924
2019-03-05,2019,6.677302
2019-03-06,2019,6.691641
2019-03-07,2019,6.906008
2019-03-08,2019,6.930106
2019-03-09,2019,7.114186
2019-03-10,2019,7.100885
2019-03-11,2019,7.118008
2019-03-12,2019,7.308012
2019-03-13,2019,7.563528
2019-03-14,2019,7.870146
2019-03-15,2019,7.867212
2019-03-16,2019,7.853614
2019-03-17,2019,7.836132
2019-03-18,2019,7.810402
2019-03-19,2019,7.782630
2019-03-20,2019,7.761839
2019-03-21,2019,7.724311
2019-03-22,2019,7.826977
2019-03-23,2019,7.891530
2019-03-24,2019,7.861198
2019-03-25,2019,7.879240
2019-03-26,2019,7.812121
2019-03-27,2019,7.697414
2019-03-28,2019,7.492048
2019-03-29,2019,7.275051
2019-03-30,2019,7.376107
2019-03-31,2019,7.375846
2019-04-01,2019,7.453030
2019-04-02,2019,7.409055
2019-04-03,2019,7.347087
2019-04-04,2019,7.270412
2019-04-05,2019,7.108380
2019-04-06,2019,6.918117
2019-04-07,2019,6.771221
2019-04-08,2019,6.582604
2019-04-09,2019,6.333891
2019-04-10,2019,6.060750
2019-04-11,2019,6.337701
2019-04-12,2019,6.355985
2019-04-13,2019,6.367185
2019-04-14,2019,6.377998
2019-04-15,2019,6.294979
2019-04-16,2019,6.149291
2019-04-17,2019,6.011295
2019-04-18,2019,5.911268
2019-04-19,2019,5.812765
2019-04-20,2019,5.610196
2019-04-21,2019,5.401526
2019-04-22,2019,5.260419
2019-04-23,2019,5.169598
2019-04-24,2019,5.009304
2019-04-25,2019,4.803883
2019-04-26,2019,4.579830
2019-04-27,2019,4.371774
2019-04-28,2019,4.152294
2019-04-29,2019,3.983348
2019-04-30,2019,4.200748
2019-05-01,2019,4.301359
2019-05-02,2019,4.310203
2019-05-03,2019,4.253423
2019-05-04,2019,4.175748
2019-05-05,2019,4.089534
2019-05-06,2019,3.971207
2019-05-07,2019,3.817791
2019-05-08,2019,3.675558
2019-05-09,2019,3.933846
2019-05-10,2019,4.102002
2019-05-11,2019,4.063912
2019-05-12,2019,3.944127
2019-05-13,2019,3.787021
2019-05-14,2019,3.598497
2019-05-15,2019,3.387634
2019-05-16,2019,3.169070
2019-05-17,2019,2.953528
2019-05-18,2019,2.979669
2019-05-19,2019,2.986874
2019-05-20,2019,3.009660
2019-05-21,2019,3.282559
2019-05-22,2019,3.380211
2019-05-23,2019,3.393211
2019-05-24,2019,3.409609
2019-05-25,2019,3.318427
2019-05-26,2019,3.207420
2019-05-27,2019,3.097247
2019-05-28,2019,3.099604
2019-05-29,2019,3.158192
2019-05-30,2019,3.148253
2019-05-31,2019,3.060919
2019-06-01,2019,2.927061
2019-06-02,2019,2.738706
2019-06-03,2019,2.529663
2019-06-04,2019,2.338132
2019-06-05,2019,2.170293
2019-06-06,2019,2.005760
2019-06-07,2019,1.816860
2019-06-08,2019,1.629554
2019-06-09,2019,1.477533
2019-06-10,2019,1.390298
2019-06-11,2019,1.282415
2019-06-12,2019,1.173139
2019-06-13,2019,1.040395
2019-06-14,2019,0.908717
2019-06-15,2019,0.797135
2019-06-16,2019,0.700609
2019-06-17,2019,0.608230
2019-06-18,2019,0.530152
2019-06-19,2019,0.468801
2019-06-20,2019,0.401197
2019-06-21,2019,0.341218
2019-06-22,2019,0.361493
2019-06-23,2019,0.349640
2019-06-24,2019,0.326788
2019-06-25,2019,0.276261
2019-06-26,2019,0.232882
2019-06-27,2019,0.194699
2019-06-28,2019,0.159790
2019-06-29,2019,0.128140
2019-06-30,2019,0.097967
2019-07-01,2019,0.069985
2019-07-02,2019,0.046291
2019-07-03,2019,0.028444
2019-07-04,2019,0.014779
2019-07-05,2019,0.007668
2019-07-06,2019,0.003985
2019-07-07,2019,0.001818
2019-07-08,2019,0.000909
2019-07-09,2019,0.000325
2019-07-10,2019,0.000000
2019-07-11,2019,0.000000
2019-07-12,2019,0.000000
2019-07-13,2019,0.000000
2019-07-14,2019,0.000000
2019-07-15,2019,0.000000
2019-07-16,2019,0.000000
2019-07-17,2019,0.000000
2019-07-18,2019,0.000000
2019-07-19,2019,0.000000
2019-07-20,2019,0.000000
2019-07-21,2019,0.000000
2019-07-22,2019,0.000000
2019-07-23,2019,0.000000
2019-07-24,2019,0.000000
2019-07-25,2019,0.000000
2019-07-26,2019,0.000000
2019-07-27,2019,0.000000
2019-07-28,2019,0.000000
2019-07-29,2019,0.000000
2019-07-30,2019,0.000000
2019-07-31,2019,0.000000
2019-08-01,2019,0.000000
2019-08-02,2019,0.000000
2019-08-03,2019,0.000000
2019-08-04,2019,0.000000
2019-08-05,2019,0.000000
2019-08-06,2019,0.000000
2019-08-07,2019,0.000000
2019-08-08,2019,0.000000
2019-08-09,2019,0.000000
2019-08-10,2019,0.000000
2019-08-11,2019,0.000000
2019-08-12,2019,0.000000
2019-08-13,2019,0.000000
2019-08-14,2019,0.000000
2019-08-15,2019,0.000000
2019-08-16,2019,0.000000
2019-08-17,2019,0.000000
2019-08-18,2019,0.000000
2019-08-19,2019,0.000000
2019-08-20,2019,0.000000
2019-08-21,2019,0.000000
2019-08-22,2019,0.000000
2019-08-23,2019,0.000000
2019-08-24,2019,0.000000
2019-08-25,2019,0.000000
2019-08-26,2019,0.000000
2019-08-27,2019,0.000000
2019-08-28,2019,0.000000
2019-08-29,2019,0.000000
2019-08-30,2019,0.000000
2019-08-31,2019,0.000000
2019-09-01,2019,0.000000
2019-09-02,2019,0.000000
2019-09-03,2019,0.000000
2019-09-04,2019,0.000000
2019-09-05,2019,0.000000
2019-09-06,2019,0.000000
2019-09-07,2019,0.000000
2019-09-08,2019,0.000000
2019-09-09,2019,0.000000
2019-09-10,2019,0.000000
2019-09-11,2019,0.000000
2019-09-12,2019,0.000803
2019-09-13,2019,0.000367
2019-09-14,2019,0.000023
2019-09-15,2019,0.000000
2019-09-16,2019,0.000000
2019-09-17,2019,0.000000
2019-09-18,2019,0.000000
2019-09-19,2019,0.000000
2019-09-20,2019,0.000000
2019-09-21,2019,0.000000
2019-09-22,2019,0.000000
2019-09-23,2019,0.000000
2019-09-24,2019,0.000000
2019-09-25,2019,0.000000
2019-09-26,2019,0.000000
2019-09-27,2019,0.000000
2019-09-28,2019,0.000000
2019-09-29,2019,0.000000
2019-09-30,2019,0.000256
2019-10-01,2020,0.000628
2019-10-02,2020,0.000354
2019-10-03,2020,0.000397
2019-10-04,2020,0.000366
2019-10-05,2020,0.000032
2019-10-06,2020,0.000076
2019-10-07,2020,0.000034
2019-10-08,2020,0.000000
2019-10-09,2020,0.000000
2019-10-10,2020,0.043155
2019-10-11,2020,0.115652
2019-10-12,2020,0.109516
2019-10-13,2020,0.097988
2019-10-14,2020,0.082143
2019-10-15,2020,0.059034
2019-10-16,2020,0.045222
2019-10-17,2020,0.028405
2019-10-18,2020,0.020238
2019-10-19,2020,0.042503
2019-10-20,2020,0.125947
2019-10-21,2020,0.176426
2019-10-22,2020,0.220594
2019-10-23,2020,0.210076
2019-10-24,2020,0.411289
2019-10-25,2020,0.424847
2019-10-26,2020,0.380727
2019-10-27,2020,0.308092
2019-10-28,2020,0.502264
2019-10-29,2020,0.630251
2019-10-30,2020,0.827464
2019-10-31,2020,0.829549
2019-11-01,2020,0.813990
2019-11-02,2020,0.801924
2019-11-03,2020,0.781078
2019-11-04,2020,0.746339
2019-11-05,2020,0.705566
2019-11-06,2020,0.653419
2019-11-07,2020,0.604553
2019-11-08,2020,0.568618
2019-11-09,2020,0.523547
2019-11-10,2020,0.449102
2019-11-11,2020,0.422083
2019-11-12,2020,0.421731
2019-11-13,2020,0.406045
2019-11-14,2020,0.388568
2019-11-15,2020,0.369927
2019-11-16,2020,0.335108
2019-11-17,2020,0.325965
2019-11-18,2020,0.313266
2019-11-19,2020,0.288900
2019-11-20,2020,0.284466
2019-11-21,2020,0.420998
2019-11-22,2020,0.708253
2019-11-23,2020,0.752446
2019-11-24,2020,0.743421
2019-11-25,2020,0.728219
2019-11-26,2020,1.041371
2019-11-27,2020,1.153264
2019-11-28,2020,1.228128
2019-11-29,2020,1.262962
2019-11-30,2020,1.593686
2019-12-01,2020,1.632600
2019-12-02,2020,1.625579
2019-12-03,2020,1.611673
2019-12-04,2020,1.600970
2019-12-05,2020,1.675960
2019-12-06,2020,1.786784
2019-12-07,2020,1.777547
2019-12-08,2020,1.796167
2019-12-09,2020,1.970424
2019-12-10,2020,1.979660
2019-12-11,2020,1.974833
2019-12-12,2020,1.967177
2019-12-13,2020,2.087789
2019-12-14,2020,2.232111
2019-12-15,2020,2.387422
2019-12-16,2020,2.565694
2019-12-17,2020,2.572533
2019-12-18,2020,2.568793
2019-12-19,2020,2.563268
2019-12-20,2020,2.556285
2019-12-21,2020,2.551505
2019-12-22,2020,2.539836
2019-12-23,2020,2.521823
2019-12-24,2020,2.505484
2019-12-25,2020,2.635258
2019-12-26,2020,2.740309
2019-12-27,2020,2.757289
2019-12-28,2020,3.002072
2019-12-29,2020,3.102184
2019-12-30,2020,3.104746
2019-12-31,2020,3.103387
2020-01-01,2020,3.100977
2020-01-02,2020,3.228425
2020-01-03,2020,3.247789
2020-01-04,2020,3.250485
2020-01-05,2020,3.239273
2020-01-06,2020,3.246013
2020-01-07,2020,3.245385
2020-01-08,2020,3.237926
2020-01-09,2020,3.243019
2020-01-10,2020,3.285359
2020-01-11,2020,3.295710
2020-01-12,2020,3.333749
2020-01-13,2020,3.377936
2020-01-14,2020,3.430966
2020-01-15,2020,3.433782
2020-01-16,2020,3.423764
2020-01-17,2020,3.477293
2020-01-18,2020,3.615743
2020-01-19,2020,3.609130
2020-01-20,2020,3.603669
2020-01-21,2020,3.605069
2020-01-22,2020,3.754918
2020-01-23,2020,3.787734
2020-01-24,2020,3.800463
2020-01-25,2020,3.820317
2020-01-26,2020,3.817528
2020-01-27,2020,3.818060
2020-01-28,2020,3.961090
2020-01-29,2020,3.969506
2020-01-30,2020,3.984559
2020-01-31,2020,4.041401
2020-02-01,2020,4.031666
2020-02-02,2020,4.006807
2020-02-03,2020,3.969020
2020-02-04,2020,4.187958
2020-02-05,2020,4.242659
2020-02-06,2020,4.260855
2020-02-07,2020,4.527512
2020-02-08,2020,4.679187
2020-02-09,2020,4.702226
2020-02-10,2020,4.763712
2020-02-11,2020,4.859157
2020-02-12,2020,4.868035
2020-02-13,2020,4.901544
2020-02-14,2020,4.906297
2020-02-15,2020,4.886923
2020-02-16,2020,4.889695
2020-02-17,2020,5.004510
2020-02-18,2020,5.017435
2020-02-19,2020,5.006939
2020-02-20,2020,5.034194
2020-02-21,2020,5.023352
2020-02-22,2020,4.999579
2020-02-23,2020,5.049476
2020-02-24,2020,5.133717
2020-02-25,2020,5.182962
2020-02-26,2020,5.187683
2020-02-27,2020,5.181909
2020-02-28,2020,5.163224
2020-02-29,2020,5.134809
2020-03-01,2020,5.098690
2020-03-02,2020,5.181952
2020-03-03,2020,5.164940
2020-03-04,2020,5.134574
2020-03-05,2020,5.089418
2020-03-06,2020,5.040015
2020-03-07,2020,4.975794
2020-03-08,2020,4.897065
2020-03-09,2020,4.868419
2020-03-10,2020,4.803452
2020-03-11,2020,4.776889
2020-03-12,2020,4.728483
2020-03-13,2020,4.629141
2020-03-14,2020,4.761299
2020-03-15,2020,4.704942
2020-03-16,2020,4.612904
2020-03-17,2020,4.522019
2020-03-18,2020,4.420222
2020-03-19,2020,4.562065
2020-03-20,2020,4.923841
2020-03-21,2020,4.947326
2020-03-22,2020,4.978680
2020-03-23,2020,4.965746
2020-03-24,2020,4.997313
2020-03-25,2020,4.946306
2020-03-26,2020,4.889551
2020-03-27,2020,4.865265
2020-03-28,2020,5.023140
2020-03-29,2020,5.016392
2020-03-30,2020,5.032017
2020-03-31,2020,5.027780
2020-04-01,2020,4.954282
2020-04-02,2020,4.886491
2020-04-03,2020,4.995936
2020-04-04,2020,4.983361
2020-04-05,2020,4.946661
2020-04-06,2020,4.871243
2020-04-07,2020,4.781025
2020-04-08,2020,4.691035
2020-04-09,2020,4.594543
2020-04-10,2020,4.472870
2020-04-11,2020,4.367952
2020-04-12,2020,4.372926
2020-04-13,2020,4.434081
2020-04-14,2020,4.491046
2020-04-15,2020,4.482775
2020-04-16,2020,4.628750
2020-04-17,2020,4.741393
2020-04-18,2020,4.702862
2020-04-19,2020,4.692457
2020-04-20,2020,4.658736
2020-04-21,2020,4.607627
2020-04-22,2020,4.570450
2020-04-23,2020,4.486968
2020-04-24,2020,4.476730
2020-04-25,2020,4.432408
2020-04-26,2020,4.361225
2020-04-27,2020,4.229899
2020-04-28,2020,4.011597
2020-04-29,2020,3.828410
2020-04-30,2020,3.602544
2020-05-01,2020,3.311721
2020-05-02,2020,3.023390
2020-05-03,2020,2.789569
2020-05-04,2020,2.593759
2020-05-05,2020,2.498340
2020-05-06,2020,2.422186
2020-05-07,2020,2.291859
2020-05-08,2020,2.223638
2020-05-09,2020,2.160277
2020-05-10,2020,2.095321
2020-05-11,2020,1.993805
2020-05-12,2020,1.917475
2020-05-13,2020,1.761783
2020-05-14,2020,1.672970
2020-05-15,2020,1.579169
2020-05-16,2020,1.481522
2020-05-17,2020,1.389215
2020-05-18,2020,1.230863
2020-05-19,2020,1.080140
2020-05-20,2020,0.946567
2020-05-21,2020,0.867464
2020-05-22,2020,0.834964
2020-05-23,2020,0.776635
2020-05-24,2020,0.727865
2020-05-25,2020,0.789091
2020-05-26,2020,0.752052
2020-05-27,2020,0.679834
2020-05-28,2020,0.584488
2020-05-29,2020,0.486883
2020-05-30,2020,0.383084
2020-05-31,2020,0.292442
2020-06-01,2020,0.219442
2020-06-02,2020,0.167156
2020-06-03,2020,0.128562
2020-06-04,2020,0.100942
2020-06-05,2020,0.079880
2020-06-06,2020,0.062008
2020-06-07,2020,0.047719
2020-06-08,2020,0.037429
2020-06-09,2020,0.149711
2020-06-10,2020,0.115520
2020-06-11,2020,0.062043
2020-06-12,2020,0.032176
2020-06-13,2020,0.016738
2020-06-14,2020,0.011094
2020-06-15,2020,0.005528
2020-06-16,2020,0.002854
2020-06-17,2020,0.001414
2020-06-18,2020,0.000672
2020-06-19,2020,0.009373
2020-06-20,2020,0.006822
2020-06-21,2020,0.002483
2020-06-22,2020,0.000650
2020-06-23,2020,0.000046
2020-06-24,2020,0.000000
2020-06-25,2020,0.000000
2020-06-26,2020,0.000000
2020-06-27,2020,0.000000
2020-06-28,2020,0.000000
2020-06-29,2020,0.000000
2020-06-30,2020,0.000573
2020-07-01,2020,0.000347
2020-07-02,2020,0.000023
2020-07-03,2020,0.000000
2020-07-04,2020,0.000000
2020-07-05,2020,0.000000
2020-07-06,2020,0.000000
2020-07-07,2020,0.000000
2020-07-08,2020,0.000000
2020-07-09,2020,0.000000
2020-07-10,2020,0.000000
2020-07-11,2020,0.000000
2020-07-12,2020,0.000000
2020-07-13,2020,0.000000
2020-07-14,2020,0.000000
2020-07-15,2020,0.000000
2020-07-16,2020,0.000000
2020-07-17,2020,0.000000
2020-07-18,2020,0.000000
2020-07-19,2020,0.000000
2020-07-20,2020,0.000000
2020-07-21,2020,0.000000
2020-07-22,2020,0.000000
2020-07-23,2020,0.000000
2020-07-24,2020,0.000000
2020-07-25,2020,0.000000
2020-07-26,2020,0.000000
2020-07-27,2020,0.000000
2020-07-28,2020,0.000000
2020-07-29,2020,0.000000
2020-07-30,2020,0.000000
2020-07-31,2020,0.000000
2020-08-01,2020,0.000000
2020-08-02,2020,0.000000
2020-08-03,2020,0.000000
2020-08-04,2020,0.000000
2020-08-05,2020,0.000000
2020-08-06,2020,0.000000
2020-08-07,2020,0.000000
2020-08-08,2020,0.000000
2020-08-09,2020,0.000000
2020-08-10,2020,0.000000
2020-08-11,2020,0.000000
2020-08-12,2020,0.000000
2020-08-13,2020,0.000000
2020-08-14,2020,0.000000
2020-08-15,2020,0.000000
2020-08-16,2020,0.000000
2020-08-17,2020,0.000000
2020-08-18,2020,0.000000
2020-08-19,2020,0.000000
2020-08-20,2020,0.000000
2020-08-21,2020,0.000000
2020-08-22,2020,0.000000
2020-08-23,2020,0.000000
2020-08-24,2020,0.000000
2020-08-25,2020,0.000000
2020-08-26,2020,0.000000
2020-08-27,2020,0.000000
2020-08-28,2020,0.000000
2020-08-29,2020,0.000000
2020-08-30,2020,0.000000
2020-08-31,2020,0.000000
2020-09-01,2020,0.002216
2020-09-02,2020,0.000840
2020-09-03,2020,0.000209
2020-09-04,2020,0.000000
2020-09-05,2020,0.000000
2020-09-06,2020,0.000000
2020-09-07,2020,0.000000
2020-09-08,2020,0.034233
2020-09-09,2020,0.543697
2020-09-10,2020,0.624774
2020-09-11,2020,0.541334
2020-09-12,2020,0.339682
2020-09-13,2020,0.167587
2020-09-14,2020,0.067214
2020-09-15,2020,0.024049
2020-09-16,2020,0.007939
2020-09-17,2020,0.002413
2020-09-18,2020,0.000427
2020-09-19,2020,0.000071
2020-09-20,2020,0.000000
2020-09-21,2020,0.000000
2020-09-22,2020,0.000000
2020-09-23,2020,0.000000
2020-09-24,2020,0.000000
2020-09-25,2020,0.000000
2020-09-26,2020,0.000000
2020-09-27,2020,0.000000
2020-09-28,2020,0.004792
2020-09-29,2020,0.004391
2020-09-30,2020,0.001823
2020-10-01,2021,0.000715
2020-10-02,2021,0.000322
2020-10-03,2021,0.000000
2020-10-04,2021,0.000000
2020-10-05,2021,0.000000
2020-10-06,2021,0.000000
2020-10-07,2021,0.000000
2020-10-08,2021,0.000000
2020-10-09,2021,0.000000
2020-10-10,2021,0.000000
2020-10-11,2021,0.000000
2020-10-12,2021,0.036684
2020-10-13,2021,0.027597
2020-10-14,2021,0.014575
2020-10-15,2021,0.007542
2020-10-16,2021,0.006977
2020-10-17,2021,0.005124
2020-10-18,2021,0.003579
2020-10-19,2021,0.002196
2020-10-20,2021,0.001434
2020-10-21,2021,0.000904
2020-10-22,2021,0.000465
2020-10-23,2021,0.002874
2020-10-24,2021,0.002829
2020-10-25,2021,0.030091
2020-10-26,2021,0.603718
2020-10-27,2021,0.709401
2020-10-28,2021,0.697822
2020-10-29,2021,0.668273
2020-10-30,2021,0.586038
2020-10-31,2021,0.499668
2020-11-01,2021,0.424305
2020-11-02,2021,0.333429
2020-11-03,2021,0.245595
2020-11-04,2021,0.171133
2020-11-05,2021,0.116149
2020-11-06,2021,0.079576
2020-11-07,2021,0.062521
2020-11-08,2021,0.291400
2020-11-09,2021,0.417754
2020-11-10,2021,0.572950
2020-11-11,2021,0.570357
2020-11-12,2021,0.580058
2020-11-13,2021,0.575611
2020-11-14,2021,0.639454
2020-11-15,2021,0.723982
2020-11-16,2021,0.712092
2020-11-17,2021,0.666226
2020-11-18,2021,0.605557
2020-11-19,2021,0.495086
2020-11-20,2021,0.448490
2020-11-21,2021,0.434490
2020-11-22,2021,0.420386
2020-11-23,2021,0.463735
2020-11-24,2021,0.633793
2020-11-25,2021,0.743536
2020-11-26,2021,0.734401
2020-11-27,2021,0.742754
2020-11-28,2021,0.738751
2020-11-29,2021,0.730472
2020-11-30,2021,0.724347
2020-12-01,2021,0.718423
2020-12-02,2021,0.784821
2020-12-03,2021,0.784321
2020-12-04,2021,0.776582
2020-12-05,2021,0.765668
2020-12-06,2021,0.752076
2020-12-07,2021,0.737742
2020-12-08,2021,0.720404
2020-12-09,2021,0.699069
2020-12-10,2021,0.682672
2020-12-11,2021,0.787896
2020-12-12,2021,0.842214
2020-12-13,2021,1.070527
2020-12-14,2021,1.068760
2020-12-15,2021,1.180316
2020-12-16,2021,1.192717
2020-12-17,2021,1.199944
2020-12-18,2021,1.256881
2020-12-19,2021,1.301600
2020-12-20,2021,1.298296
2020-12-21,2021,1.291907
2020-12-22,2021,1.273970
2020-12-23,2021,1.346972
2020-12-24,2021,1.360016
2020-12-25,2021,1.352067
2020-12-26,2021,1.342581
2020-12-27,2021,1.354963
2020-12-28,2021,1.381152
2020-12-29,2021,1.752317
2020-12-30,2021,1.786868
2020-12-31,2021,1.783106
2021-01-01,2021,1.779448
2021-01-02,2021,1.777087
2021-01-03,2021,1.772836
2021-01-04,2021,1.776647
2021-01-05,2021,1.772020
2021-01-06,2021,1.821598
2021-01-07,2021,1.815094
2021-01-08,2021,1.805149
2021-01-09,2021,1.800359
2021-01-10,2021,1.836846
2021-01-11,2021,1.834307
2021-01-12,2021,1.828542
2021-01-13,2021,1.817196
2021-01-14,2021,1.808191
2021-01-15,2021,1.789361
2021-01-16,2021,1.791961
2021-01-17,2021,1.793707
2021-01-18,2021,1.815285
2021-01-19,2021,1.919551
2021-01-20,2021,1.968525
2021-01-21,2021,1.956182
2021-01-22,2021,1.955374
2021-01-23,2021,2.081042
2021-01-24,2021,2.152778
2021-01-25,2021,2.284884
2021-01-26,2021,2.353654
2021-01-27,2021,2.439044
2021-01-28,2021,2.429432
2021-01-29,2021,2.413098
2021-01-30,2021,2.497149
2021-01-31,2021,2.528971
2021-02-01,2021,2.520154
2021-02-02,2021,2.502758
2021-02-03,2021,2.462293
2021-02-04,2021,2.579275
2021-02-05,2021,2.592693
2021-02-06,2021,2.720076
2021-02-07,2021,2.729627
2021-02-08,2021,2.699766
2021-02-09,2021,2.669469
2021-02-10,2021,2.715561
2021-02-11,2021,2.714068
2021-02-12,2021,2.722762
2021-02-13,2021,2.881863
2021-02-14,2021,3.257610
2021-02-15,2021,3.316968
2021-02-16,2021,3.396960
2021-02-17,2021,3.480616
2021-02-18,2021,3.572424
2021-02-19,2021,3.571710
2021-02-20,2021,3.572855
2021-02-21,2021,3.624522
2021-02-22,2021,3.616692
2021-02-23,2021,3.594899
2021-02-24,2021,3.559407
2021-02-25,2021,3.602571
2021-02-26,2021,3.614591
2021-02-27,2021,3.622106
2021-02-28,2021,3.650500
2021-03-01,2021,3.656107
2021-03-02,2021,3.643037
2021-03-03,2021,3.611965
2021-03-04,2021,3.606941
2021-03-05,2021,3.683892
2021-03-06,2021,3.636097
2021-03-07,2021,3.566811
2021-03-08,2021,3.464910
2021-03-09,2021,3.357409
2021-03-10,2021,3.420669
2021-03-11,2021,3.447419
2021-03-12,2021,3.500388
2021-03-13,2021,3.513782
2021-03-14,2021,3.947999
2021-03-15,2021,4.237745
2021-03-16,2021,4.242078
2021-03-17,2021,4.319355
2021-03-18,2021,4.298951
2021-03-19,2021,4.249490
2021-03-20,2021,4.139392
2021-03-21,2021,4.090646
2021-03-22,2021,4.167812
2021-03-23,2021,4.201756
2021-03-24,2021,4.390650
2021-03-25,2021,4.450472
2021-03-26,2021,4.530261
2021-03-27,2021,4.584959
2021-03-28,2021,4.546559
2021-03-29,2021,4.455524
2021-03-30,2021,4.377883
2021-03-31,2021,4.378539
2021-04-01,2021,4.344230
2021-04-02,2021,4.264265
2021-04-03,2021,4.120224
2021-04-04,2021,3.914385
2021-04-05,2021,3.680366
2021-04-06,2021,3.463607
2021-04-07,2021,3.471640
2021-04-08,2021,3.421212
2021-04-09,2021,3.335733
2021-04-10,2021,3.305667
2021-04-11,2021,3.241057
2021-04-12,2021,3.171443
2021-04-13,2021,3.129334
2021-04-14,2021,3.217507
2021-04-15,2021,3.187694
2021-04-16,2021,3.360729
2021-04-17,2021,3.415872
2021-04-18,2021,3.484010
2021-04-19,2021,3.446624
2021-04-20,2021,3.528828
2021-04-21,2021,3.505905
2021-04-22,2021,3.528425
2021-04-23,2021,3.534437
2021-04-24,2021,3.524281
2021-04-25,2021,3.442751
2021-04-26,2021,3.262484
2021-04-27,2021,3.168662
2021-04-28,2021,3.279604
2021-04-29,2021,3.218494
2021-04-30,2021,3.081012
2021-05-01,2021,2.840861
2021-05-02,2021,2.570851
2021-05-03,2021,2.494682
2021-05-04,2021,2.646584
2021-05-05,2021,2.587347
2021-05-06,2021,2.490068
2021-05-07,2021,2.329848
2021-05-08,2021,2.116713
2021-05-09,2021,2.036794
2021-05-10,2021,2.063350
2021-05-11,2021,2.164584
2021-05-12,2021,2.187210
2021-05-13,2021,2.098985
2021-05-14,2021,1.972253
2021-05-15,2021,1.821331
2021-05-16,2021,1.663082
2021-05-17,2021,1.518335
2021-05-18,2021,1.426195
2021-05-19,2021,1.341614
2021-05-20,2021,1.200534
2021-05-21,2021,1.078810
2021-05-22,2021,1.030760
2021-05-23,2021,0.929738
2021-05-24,2021,0.890455
2021-05-25,2021,0.857454
2021-05-26,2021,0.800899
2021-05-27,2021,0.740394
2021-05-28,2021,0.677323
2021-05-29,2021,0.599251
2021-05-30,2021,0.519688
2021-05-31,2021,0.470341
2021-06-01,2021,0.418561
2021-06-02,2021,0.363647
2021-06-03,2021,0.306969
2021-06-04,2021,0.250833
2021-06-05,2021,0.196844
2021-06-06,2021,0.150303
2021-06-07,2021,0.114830
2021-06-08,2021,0.089289
2021-06-09,2021,0.068515
2021-06-10,2021,0.050397
2021-06-11,2021,0.035613
2021-06-12,2021,0.024885
2021-06-13,2021,0.016057
2021-06-14,2021,0.008365
2021-06-15,2021,0.003899
2021-06-16,2021,0.001656
2021-06-17,2021,0.000593
2021-06-18,2021,0.000214
2021-06-19,2021,0.000000
2021-06-20,2021,0.000000
2021-06-21,2021,0.000000
2021-06-22,2021,0.000000
2021-06-23,2021,0.000000
2021-06-24,2021,0.000000
2021-06-25,2021,0.000000
2021-06-26,2021,0.000000
2021-06-27,2021,0.000071
2021-06-28,2021,0.000023
2021-06-29,2021,0.000000
2021-06-30,2021,0.000000
2021-07-01,2021,0.000000
2021-07-02,2021,0.000000
2021-07-03,2021,0.000000
2021-07-04,2021,0.000000
2021-07-05,2021,0.000000
2021-07-06,2021,0.000000
2021-07-07,2021,0.000000
2021-07-08,2021,0.000000
2021-07-09,2021,0.000000
2021-07-10,2021,0.000000
2021-07-11,2021,0.000000
2021-07-12,2021,0.000000
2021-07-13,2021,0.000000
2021-07-14,2021,0.000000
2021-07-15,2021,0.000000
2021-07-16,2021,0.000000
2021-07-17,2021,0.000000
2021-07-18,2021,0.000000
2021-07-19,2021,0.000000
2021-07-20,2021,0.000000
2021-07-21,2021,0.000000
2021-07-22,2021,0.000000
2021-07-23,2021,0.000000
2021-07-24,2021,0.000000
2021-07-25,2021,0.000000
2021-07-26,2021,0.000000
2021-07-27,2021,0.000000
2021-07-28,2021,0.000000
2021-07-29,2021,0.000000
2021-07-30,2021,0.000000
2021-07-31,2021,0.000000
2021-08-01,2021,0.000000
2021-08-02,2021,0.000000
2021-08-03,2021,0.000000
2021-08-04,2021,0.000000
2021-08-05,2021,0.000000
2021-08-06,2021,0.000000
2021-08-07,2021,0.000000
2021-08-08,2021,0.000000
2021-08-09,2021,0.000000
2021-08-10,2021,0.000000
2021-08-11,2021,0.000000
2021-08-12,2021,0.000000
2021-08-13,2021,0.000000
2021-08-14,2021,0.000000
2021-08-15,2021,0.000000
2021-08-16,2021,0.000000
2021-08-17,2021,0.000000
2021-08-18,2021,0.000000
2021-08-19,2021,0.000000
2021-08-20,2021,0.000618
2021-08-21,2021,0.000229
2021-08-22,2021,0.000000
2021-08-23,2021,0.000000
2021-08-24,2021,0.000000
2021-08-25,2021,0.000000
2021-08-26,2021,0.000000
2021-08-27,2021,0.000000
2021-08-28,2021,0.000000
2021-08-29,2021,0.000000
2021-08-30,2021,0.000000
2021-08-31,2021,0.000000
2021-09-01,2021,0.000000
2021-09-02,2021,0.000000
2021-09-03,2021,0.000000
2021-09-04,2021,0.000000
2021-09-05,2021,0.000000
2021-09-06,2021,0.000000
2021-09-07,2021,0.000000
2021-09-08,2021,0.000000
2021-09-09,2021,0.000000
2021-09-10,2021,0.000000
2021-09-11,2021,0.000000
2021-09-12,2021,0.000000
2021-09-13,2021,0.000000
2021-09-14,2021,0.000000
2021-09-15,2021,0.000000
2021-09-16,2021,0.000000
2021-09-17,2021,0.000000
2021-09-18,2021,0.000000
2021-09-19,2021,0.000047
2021-09-20,2021,0.010685
2021-09-21,2021,0.009176
2021-09-22,2021,0.005788
2021-09-23,2021,0.002276
2021-09-24,2021,0.000805
2021-09-25,2021,0.000116
2021-09-26,2021,0.000000
2021-09-27,2021,0.000000
2021-09-28,2021,0.000000
2021-09-29,2021,0.003000
2021-09-30,2021,0.010946
2021-10-01,2022,0.028426
2021-10-02,2022,0.028711
2021-10-03,2022,0.016244
2021-10-04,2022,0.009102
2021-10-05,2022,0.003797
2021-10-06,2022,0.002719
2021-10-07,2022,0.001986
2021-10-08,2022,0.000805
2021-10-09,2022,0.006675
2021-10-10,2022,0.023232
2021-10-11,2022,0.023619
2021-10-12,2022,0.027592
2021-10-13,2022,0.262631
2021-10-14,2022,0.264735
2021-10-15,2022,0.338442
2021-10-16,2022,0.326145
2021-10-17,2022,0.248985
2021-10-18,2022,0.161897
2021-10-19,2022,0.165366
2021-10-20,2022,0.193935
2021-10-21,2022,0.162980
2021-10-22,2022,0.122931
2021-10-23,2022,0.085727
2021-10-24,2022,0.100356
2021-10-25,2022,0.084772
2021-10-26,2022,0.048864
2021-10-27,2022,0.266159
2021-10-28,2022,0.269311
2021-10-29,2022,0.229055
2021-10-30,2022,0.168115
2021-10-31,2022,0.124337
2021-11-01,2022,0.119724
2021-11-02,2022,0.130765
2021-11-03,2022,0.194045
2021-11-04,2022,0.172146
2021-11-05,2022,0.142424
2021-11-06,2022,0.113306
2021-11-07,2022,0.088900
2021-11-08,2022,0.071762
2021-11-09,2022,0.061999
2021-11-10,2022,0.127838
2021-11-11,2022,0.154574
2021-11-12,2022,0.199242
2021-11-13,2022,0.190285
2021-11-14,2022,0.164069
2021-11-15,2022,0.140561
2021-11-16,2022,0.114351
2021-11-17,2022,0.119337
2021-11-18,2022,0.120588
2021-11-19,2022,0.116221
2021-11-20,2022,0.114560
2021-11-21,2022,0.156263
2021-11-22,2022,0.152926
2021-11-23,2022,0.144419
2021-11-24,2022,0.170963
2021-11-25,2022,0.219704
2021-11-26,2022,0.214271
2021-11-27,2022,0.200528
2021-11-28,2022,0.189063
2021-11-29,2022,0.169360
2021-11-30,2022,0.143338
2021-12-01,2022,0.133878
2021-12-02,2022,0.116870
2021-12-03,2022,0.096907
2021-12-04,2022,0.084965
2021-12-05,2022,0.077547
2021-12-06,2022,0.074442
2021-12-07,2022,0.144769
2021-12-08,2022,0.155478
2021-12-09,2022,0.236260
2021-12-10,2022,0.759686
2021-12-11,2022,0.849637
2021-12-12,2022,0.841329
2021-12-13,2022,0.829221
2021-12-14,2022,0.815786
2021-12-15,2022,0.930983
2021-12-16,2022,1.082321
2021-12-17,2022,1.111015
2021-12-18,2022,1.117158
2021-12-19,2022,1.112653
2021-12-20,2022,1.104531
2021-12-21,2022,1.096005
2021-12-22,2022,1.085452
2021-12-23,2022,1.073347
2021-12-24,2022,1.388200
2021-12-25,2022,1.860664
2021-12-26,2022,1.915335
2021-12-27,2022,2.061673
2021-12-28,2022,2.250084
2021-12-29,2022,2.403303
2021-12-30,2022,2.498270
2021-12-31,2022,2.697482
2022-01-01,2022,3.079870
2022-01-02,2022,3.161018
2022-01-03,2022,3.158125
2022-01-04,2022,3.150181
2022-01-05,2022,3.172271
2022-01-06,2022,3.390028
2022-01-07,2022,3.434714
2022-01-08,2022,3.428441
2022-01-09,2022,3.540407
2022-01-10,2022,3.536327
2022-01-11,2022,3.530202
2022-01-12,2022,3.520488
2022-01-13,2022,3.508026
2022-01-14,2022,3.488826
2022-01-15,2022,3.530162
2022-01-16,2022,3.521268
2022-01-17,2022,3.508162
2022-01-18,2022,3.492055
2022-01-19,2022,3.480331
2022-01-20,2022,3.490743
2022-01-21,2022,3.504686
2022-01-22,2022,3.624827
2022-01-23,2022,3.618112
2022-01-24,2022,3.608901
2022-01-25,2022,3.624667
2022-01-26,2022,3.715809
2022-01-27,2022,3.711638
2022-01-28,2022,3.752361
2022-01-29,2022,3.743973
2022-01-30,2022,3.731197
2022-01-31,2022,3.717561
2022-02-01,2022,3.697578
2022-02-02,2022,3.841606
2022-02-03,2022,3.959515
2022-02-04,2022,3.954982
2022-02-05,2022,3.949128
2022-02-06,2022,3.953371
2022-02-07,2022,3.960816
2022-02-08,2022,3.950363
2022-02-09,2022,3.932154
2022-02-10,2022,3.916981
2022-02-11,2022,3.891169
2022-02-12,2022,3.944339
2022-02-13,2022,3.928344
2022-02-14,2022,3.904110
2022-02-15,2022,3.872267
2022-02-16,2022,3.834317
2022-02-17,2022,4.015868
2022-02-18,2022,4.017368
2022-02-19,2022,4.003935
2022-02-20,2022,3.976394
2022-02-21,2022,3.941012
2022-02-22,2022,4.165717
2022-02-23,2022,4.423386
2022-02-24,2022,4.715986
2022-02-25,2022,4.727245
2022-02-26,2022,4.728658
2022-02-27,2022,4.721520
2022-02-28,2022,4.707790
2022-03-01,2022,4.684715
2022-03-02,2022,4.650161
2022-03-03,2022,4.593991
2022-03-04,2022,4.515552
2022-03-05,2022,4.586410
2022-03-06,2022,4.759257
2022-03-07,2022,4.921962
2022-03-08,2022,4.956509
2022-03-09,2022,4.982375
2022-03-10,2022,5.144241
2022-03-11,2022,5.209283
2022-03-12,2022,5.196961
2022-03-13,2022,5.176330
2022-03-14,2022,5.212698
2022-03-15,2022,5.188707
2022-03-16,2022,5.139091
2022-03-17,2022,5.311008
2022-03-18,2022,5.402176
2022-03-19,2022,5.376076
2022-03-20,2022,5.333058
2022-03-21,2022,5.306747
2022-03-22,2022,5.369045
2022-03-23,2022,5.371995
2022-03-24,2022,5.341911
2022-03-25,2022,5.254174
2022-03-26,2022,5.109537
2022-03-27,2022,4.875703
2022-03-28,2022,4.608956
2022-03-29,2022,4.498440
2022-03-30,2022,4.648992
2022-03-31,2022,4.636704
2022-04-01,2022,4.644906
2022-04-02,2022,4.585328
2022-04-03,2022,4.476574
2022-04-04,2022,4.460942
2022-04-05,2022,4.367009
2022-04-06,2022,4.323769
2022-04-07,2022,4.291691
2022-04-08,2022,4.255882
2022-04-09,2022,4.178260
2022-04-10,2022,4.094820
2022-04-11,2022,4.061371
2022-04-12,2022,4.171773
2022-04-13,2022,4.294578
2022-04-14,2022,4.305121
2022-04-15,2022,4.281884
2022-04-16,2022,4.228323
2022-04-17,2022,4.172965
2022-04-18,2022,4.122299
2022-04-19,2022,3.994901
2022-04-20,2022,3.833257
2022-04-21,2022,3.712061
2022-04-22,2022,3.515106
2022-04-23,2022,3.526789
2022-04-24,2022,3.611860
2022-04-25,2022,3.695384
2022-04-26,2022,3.663635
2022-04-27,2022,3.567862
2022-04-28,2022,3.422335
2022-04-29,2022,3.284104
2022-04-30,2022,3.276580
2022-05-01,2022,3.227369
2022-05-02,2022,3.200759
2022-05-03,2022,3.128068
2022-05-04,2022,3.095575
2022-05-05,2022,3.131307
2022-05-06,2022,3.025189
2022-05-07,2022,2.829821
2022-05-08,2022,2.624662
2022-05-09,2022,2.472173
2022-05-10,2022,2.398242
2022-05-11,2022,2.260323
2022-05-12,2022,2.093912
2022-05-13,2022,2.069691
2022-05-14,2022,2.020082
2022-05-15,2022,1.908528
2022-05-16,2022,1.743437
2022-05-17,2022,1.575724
2022-05-18,2022,1.417808
2022-05-19,2022,1.262963
2022-05-20,2022,1.156832
2022-05-21,2022,1.444628
2022-05-22,2022,1.478625
2022-05-23,2022,1.385498
2022-05-24,2022,1.335844
2022-05-25,2022,1.354967
2022-05-26,2022,1.237471
2022-05-27,2022,1.068617
2022-05-28,2022,0.908033
2022-05-29,2022,0.796769
2022-05-30,2022,0.784896
2022-05-31,2022,0.781797
2022-06-01,2022,0.779505
2022-06-02,2022,0.704132
2022-06-03,2022,0.622347
2022-06-04,2022,0.542407
2022-06-05,2022,0.468956
2022-06-06,2022,0.396824
2022-06-07,2022,0.326220
2022-06-08,2022,0.265144
2022-06-09,2022,0.211729
2022-06-10,2022,0.165440
2022-06-11,2022,0.127258
2022-06-12,2022,0.097405
2022-06-13,2022,0.073417
2022-06-14,2022,0.055602
2022-06-15,2022,0.046081
2022-06-16,2022,0.037096
2022-06-17,2022,0.024068
2022-06-18,2022,0.012995
2022-06-19,2022,0.007078
2022-06-20,2022,0.003852
2022-06-21,2022,0.002320
2022-06-22,2022,0.001346
2022-06-23,2022,0.000766
2022-06-24,2022,0.000232
2022-06-25,2022,0.000162
2022-06-26,2022,0.000000
2022-06-27,2022,0.000000
2022-06-28,2022,0.000000
2022-06-29,2022,0.000000
2022-06-30,2022,0.000000
2022-07-01,2022,0.000000
2022-07-02,2022,0.000000
2022-07-03,2022,0.000000
2022-07-04,2022,0.000000
2022-07-05,2022,0.000000
2022-07-06,2022,0.000000
2022-07-07,2022,0.000000
2022-07-08,2022,0.000000
2022-07-09,2022,0.000000
2022-07-10,2022,0.000000
2022-07-11,2022,0.000000
2022-07-12,2022,0.000000
2022-07-13,2022,0.000000
2022-07-14,2022,0.000000
2022-07-15,2022,0.000000
2022-07-16,2022,0.000000
2022-07-17,2022,0.000000
2022-07-18,2022,0.000000
2022-07-19,2022,0.000000
2022-07-20,2022,0.000000
2022-07-21,2022,0.000000
2022-07-22,2022,0.000000
2022-07-23,2022,0.000000
2022-07-24,2022,0.000000
2022-07-25,2022,0.000000
2022-07-26,2022,0.000000
2022-07-27,2022,0.000000
2022-07-28,2022,0.000000
2022-07-29,2022,0.000000
2022-07-30,2022,0.000000
2022-07-31,2022,0.000000
2022-08-01,2022,0.000000
2022-08-02,2022,0.000000
2022-08-03,2022,0.000000
2022-08-04,2022,0.000000
2022-08-05,2022,0.000000
2022-08-06,2022,0.000000
2022-08-07,2022,0.000000
2022-08-08,2022,0.000000
2022-08-09,2022,0.000000
2022-08-10,2022,0.000000
2022-08-11,2022,0.000000
2022-08-12,2022,0.000000
2022-08-13,2022,0.000000
2022-08-14,2022,0.000000
2022-08-15,2022,0.000000
2022-08-16,2022,0.000000
2022-08-17,2022,0.000000
2022-08-18,2022,0.000000
2022-08-19,2022,0.000000
2022-08-20,2022,0.000000
2022-08-21,2022,0.000000
2022-08-22,2022,0.000000
2022-08-23,2022,0.000000
2022-08-24,2022,0.000000
2022-08-25,2022,0.000000
2022-08-26,2022,0.000000
2022-08-27,2022,0.000000
2022-08-28,2022,0.000000
2022-08-29,2022,0.000000
2022-08-30,2022,0.000000
2022-08-31,2022,0.000000
2022-09-01,2022,0.000000
2022-09-02,2022,0.000000
2022-09-03,2022,0.000000
2022-09-04,2022,0.000000
2022-09-05,2022,0.000000
2022-09-06,2022,0.000000
2022-09-07,2022,0.000000
2022-09-08,2022,0.000000
2022-09-09,2022,0.000000
2022-09-10,2022,0.000000
2022-09-11,2022,0.000000
2022-09-12,2022,0.000000
2022-09-13,2022,0.000000
2022-09-14,2022,0.000000
2022-09-15,2022,0.000000
2022-09-16,2022,0.000000
2022-09-17,2022,0.000000
2022-09-18,2022,0.000000
2022-09-19,2022,0.000000
2022-09-20,2022,0.000000
2022-09-21,2022,0.000000
2022-09-22,2022,0.000000
2022-09-23,2022,0.000000
2022-09-24,2022,0.000000
2022-09-25,2022,0.000000
2022-09-26,2022,0.000000
2022-09-27,2022,0.000000
2022-09-28,2022,0.000000
2022-09-29,2022,0.000000
2022-09-30,2022,0.000000
2022-10-01,2023,0.002139
2022-10-02,2023,0.002035
2022-10-03,2023,0.006981
2022-10-04,2023,0.004440
2022-10-05,2023,0.002974
2022-10-06,2023,0.002097
2022-10-07,2023,0.001212
2022-10-08,2023,0.000883
2022-10-09,2023,0.000722
2022-10-10,2023,0.000551
2022-10-11,2023,0.000258
2022-10-12,2023,0.000164
2022-10-13,2023,0.000046
2022-10-14,2023,0.000046
2022-10-15,2023,0.000046
2022-10-16,2023,0.001263
2022-10-17,2023,0.002190
2022-10-18,2023,0.001401
2022-10-19,2023,0.000731
2022-10-20,2023,0.000396
2022-10-21,2023,0.000132
2022-10-22,2023,0.000072
2022-10-23,2023,0.094132
2022-10-24,2023,0.299909
2022-10-25,2023,0.306986
2022-10-26,2023,0.306528
2022-10-27,2023,0.449250
2022-10-28,2023,0.534144
2022-10-29,2023,0.514160
2022-10-30,2023,0.487897
2022-10-31,2023,0.456382
2022-11-01,2023,0.414703
2022-11-02,2023,0.351680
2022-11-03,2023,0.411692
2022-11-04,2023,0.761959
2022-11-05,2023,0.771196
2022-11-06,2023,0.809409
2022-11-07,2023,0.798907
2022-11-08,2023,0.686706
2022-11-09,2023,0.609088
2022-11-10,2023,0.762238
2022-11-11,2023,0.769180
2022-11-12,2023,0.767410
2022-11-13,2023,0.759796
2022-11-14,2023,0.799574
2022-11-15,2023,0.829001
2022-11-16,2023,0.836356
2022-11-17,2023,0.833579
2022-11-18,2023,0.881496
2022-11-19,2023,0.884367
2022-11-20,2023,0.877967
2022-11-21,2023,0.868781
2022-11-22,2023,0.857684
2022-11-23,2023,0.846292
2022-11-24,2023,0.883945
2022-11-25,2023,0.887906
2022-11-26,2023,0.872885
2022-11-27,2023,0.925182
2022-11-28,2023,0.924111
2022-11-29,2023,1.079779
2022-11-30,2023,1.141861
2022-12-01,2023,1.131696
2022-12-02,2023,1.135334
2022-12-03,2023,1.277612
2022-12-04,2023,1.300361
2022-12-05,2023,1.305087
2022-12-06,2023,1.450183
2022-12-07,2023,1.519736
2022-12-08,2023,1.669260
2022-12-09,2023,1.673494
2022-12-10,2023,1.667802
2022-12-11,2023,1.659643
2022-12-12,2023,1.652517
2022-12-13,2023,1.831432
2022-12-14,2023,1.945596
2022-12-15,2023,1.967098
2022-12-16,2023,2.006521
2022-12-17,2023,2.004283
2022-12-18,2023,2.000579
2022-12-19,2023,1.995709
2022-12-20,2023,1.990904
2022-12-21,2023,2.003195
2022-12-22,2023,2.106067
2022-12-23,2023,2.113643
2022-12-24,2023,2.121380
2022-12-25,2023,2.130972
2022-12-26,2023,2.133252
2022-12-27,2023,2.120702
2022-12-28,2023,2.375187
2022-12-29,2023,2.663277
2022-12-30,2023,2.681196
2022-12-31,2023,2.812525
2023-01-01,2023,3.033086
2023-01-02,2023,3.332241
2023-01-03,2023,3.516766
2023-01-04,2023,3.579076
2023-01-05,2023,3.579967
2023-01-06,2023,3.600839
2023-01-07,2023,3.713461
2023-01-08,2023,3.712648
2023-01-09,2023,3.704514
2023-01-10,2023,3.775659
2023-01-11,2023,3.930539
2023-01-12,2023,4.021944
2023-01-13,2023,4.015828
2023-01-14,2023,4.003341
2023-01-15,2023,4.056012
2023-01-16,2023,4.271583
2023-01-17,2023,4.395010
2023-01-18,2023,4.706521
2023-01-19,2023,4.788219
2023-01-20,2023,4.785476
2023-01-21,2023,4.851515
2023-01-22,2023,4.861107
2023-01-23,2023,4.873989
2023-01-24,2023,4.907516
2023-01-25,2023,4.931504
2023-01-26,2023,4.953639
2023-01-27,2023,4.975119
2023-01-28,2023,5.061152
2023-01-29,2023,5.114824
2023-01-30,2023,5.188063
2023-01-31,2023,5.291032
2023-02-01,2023,5.287733
2023-02-02,2023,5.281865
2023-02-03,2023,5.258313
2023-02-04,2023,5.242014
2023-02-05,2023,5.221944
2023-02-06,2023,5.275366
2023-02-07,2023,5.313850
2023-02-08,2023,5.306780
2023-02-09,2023,5.372336
2023-02-10,2023,5.383394
2023-02-11,2023,5.374500
2023-02-12,2023,5.353904
2023-02-13,2023,5.332656
2023-02-14,2023,5.411094
2023-02-15,2023,5.699328
2023-02-16,2023,5.910461
2023-02-17,2023,5.904647
2023-02-18,2023,5.895887
2023-02-19,2023,5.881170
2023-02-20,2023,5.891804
2023-02-21,2023,5.879258
2023-02-22,2023,6.054030
2023-02-23,2023,6.336998
2023-02-24,2023,6.443399
2023-02-25,2023,6.470915
2023-02-26,2023,6.445529
2023-02-27,2023,6.486601
2023-02-28,2023,6.521897
2023-03-01,2023,6.618278
2023-03-02,2023,6.691988
2023-03-03,2023,6.691029
2023-03-04,2023,6.725750
2023-03-05,2023,6.722791
2023-03-06,2023,6.752471
2023-03-07,2023,6.735288
2023-03-08,2023,6.713351
2023-03-09,2023,6.723831
2023-03-10,2023,6.704181
2023-03-11,2023,7.058041
2023-03-12,2023,7.112116
2023-03-13,2023,7.157723
2023-03-14,2023,7.142260
2023-03-15,2023,7.122671
2023-03-16,2023,7.331162
2023-03-17,2023,7.456819
2023-03-18,2023,7.439036
2023-03-19,2023,7.427592
2023-03-20,2023,7.460878
2023-03-21,2023,7.612478
2023-03-22,2023,7.704508
2023-03-23,2023,7.781262
2023-03-24,2023,7.801179
2023-03-25,2023,7.873105
2023-03-26,2023,7.864762
2023-03-27,2023,7.884299
2023-03-28,2023,7.876562
2023-03-29,2023,7.854802
2023-03-30,2023,7.813894
2023-03-31,2023,7.914292
2023-04-01,2023,7.936958
2023-04-02,2023,7.894575
2023-04-03,2023,7.838942
2023-04-04,2023,7.931321
2023-04-05,2023,8.039611
2023-04-06,2023,8.048439
2023-04-07,2023,8.031489
2023-04-08,2023,8.000239
2023-04-09,2023,7.946885
2023-04-10,2023,7.838499
2023-04-11,2023,7.651801
2023-04-12,2023,7.322042
2023-04-13,2023,6.929697
2023-04-14,2023,6.711899
2023-04-15,2023,6.825524
2023-04-16,2023,6.789794
2023-04-17,2023,6.706494
2023-04-18,2023,6.552125
2023-04-19,2023,6.399161
2023-04-20,2023,6.438814
2023-04-21,2023,6.435462
2023-04-22,2023,6.533917
2023-04-23,2023,6.534139
2023-04-24,2023,6.465579
2023-04-25,2023,6.433835
2023-04-26,2023,6.613869
2023-04-27,2023,6.510659
2023-04-28,2023,6.474728
2023-04-29,2023,6.376804
2023-04-30,2023,6.146167
2023-05-01,2023,5.849933
2023-05-02,2023,5.490575
2023-05-03,2023,5.175627
2023-05-04,2023,4.861236
2023-05-05,2023,4.603494
2023-05-06,2023,4.490877
2023-05-07,2023,4.404036
2023-05-08,2023,4.301217
2023-05-09,2023,4.124147
2023-05-10,2023,3.900629
2023-05-11,2023,3.794487
2023-05-12,2023,3.748839
2023-05-13,2023,3.523580
2023-05-14,2023,3.301140
2023-05-15,2023,3.028467
2023-05-16,2023,2.744004
2023-05-17,2023,2.492433
2023-05-18,2023,2.273125
2023-05-19,2023,2.079727
2023-05-20,2023,1.915171
2023-05-21,2023,1.734430
2023-05-22,2023,1.585986
2023-05-23,2023,1.433717
2023-05-24,2023,1.264257
2023-05-25,2023,1.108787
2023-05-26,2023,0.973134
2023-05-27,2023,0.858457
2023-05-28,2023,0.764965
2023-05-29,2023,0.689448
2023-05-30,2023,0.608288
2023-05-31,2023,0.546178
2023-06-01,2023,0.501359
2023-06-02,2023,0.480962
2023-06-03,2023,0.461547
2023-06-04,2023,0.425627
2023-06-05,2023,0.384746
2023-06-06,2023,0.334755
2023-06-07,2023,0.288534
2023-06-08,2023,0.255262
2023-06-09,2023,0.223383
2023-06-10,2023,0.200568
2023-06-11,2023,0.179569
2023-06-12,2023,0.161944
2023-06-13,2023,0.145915
2023-06-14,2023,0.141816
2023-06-15,2023,0.126162
2023-06-16,2023,0.111084
2023-06-17,2023,0.103401
2023-06-18,2023,0.097145
2023-06-19,2023,0.078668
2023-06-20,2023,0.061708
2023-06-21,2023,0.047448
2023-06-22,2023,0.031692
2023-06-23,2023,0.019187
2023-06-24,2023,0.011341
2023-06-25,2023,0.007363
2023-06-26,2023,0.004184
2023-06-27,2023,0.002174
2023-06-28,2023,0.001074
2023-06-29,2023,0.000375
2023-06-30,2023,0.000093
2023-07-01,2023,0.000000
2023-07-02,2023,0.000000
2023-07-03,2023,0.000000
2023-07-04,2023,0.000000
2023-07-05,2023,0.000000
2023-07-06,2023,0.000000
2023-07-07,2023,0.000000
2023-07-08,2023,0.000000
2023-07-09,2023,0.000000
2023-07-10,2023,0.000000
2023-07-11,2023,0.000000
2023-07-12,2023,0.000000
2023-07-13,2023,0.000000
2023-07-14,2023,0.000000
2023-07-15,2023,0.000000
2023-07-16,2023,0.000000
2023-07-17,2023,0.000000
2023-07-18,2023,0.000000
2023-07-19,2023,0.000000
2023-07-20,2023,0.000000
2023-07-21,2023,0.000000
2023-07-22,2023,0.000000
2023-07-23,2023,0.000000
2023-07-24,2023,0.000000
2023-07-25,2023,0.000000
2023-07-26,2023,0.000000
2023-07-27,2023,0.000000
2023-07-28,2023,0.000000
2023-07-29,2023,0.000000
2023-07-30,2023,0.000000
2023-07-31,2023,0.000000
2023-08-01,2023,0.000000
2023-08-02,2023,0.000000
2023-08-03,2023,0.000000
2023-08-04,2023,0.000000
2023-08-05,2023,0.000000
2023-08-06,2023,0.000000
2023-08-07,2023,0.000000
2023-08-08,2023,0.000000
2023-08-09,2023,0.000000
2023-08-10,2023,0.000000
2023-08-11,2023,0.000000
2023-08-12,2023,0.000000
2023-08-13,2023,0.000000
2023-08-14,2023,0.000000
2023-08-15,2023,0.000000
2023-08-16,2023,0.000000
2023-08-17,2023,0.000000
2023-08-18,2023,0.000000
2023-08-19,2023,0.000000
2023-08-20,2023,0.000000
2023-08-21,2023,0.000000
2023-08-22,2023,0.000000
2023-08-23,2023,0.000000
2023-08-24,2023,0.000000
2023-08-25,2023,0.000000
2023-08-26,2023,0.000000
2023-08-27,2023,0.000000
2023-08-28,2023,0.000000
2023-08-29,2023,0.000000
2023-08-30,2023,0.000000
2023-08-31,2023,0.000000
2023-09-01,2023,0.000000
2023-09-02,2023,0.000000
2023-09-03,2023,0.000000
2023-09-04,2023,0.000000
2023-09-05,2023,0.000000
2023-09-06,2023,0.000000
2023-09-07,2023,0.000000
2023-09-08,2023,0.000000
2023-09-09,2023,0.000000
2023-09-10,2023,0.000000
2023-09-11,2023,0.000000
2023-09-12,2023,0.000119
2023-09-13,2023,0.000119
2023-09-14,2023,0.000047
2023-09-15,2023,0.001768
2023-09-16,2023,0.002017
2023-09-17,2023,0.000844
2023-09-18,2023,0.000282
2023-09-19,2023,0.000443
2023-09-20,2023,0.000186
2023-09-21,2023,0.001161
2023-09-22,2023,0.000593
2023-09-23,2023,0.000285
2023-09-24,2023,0.000190
2023-09-25,2023,0.000071
2023-09-26,2023,0.000000
2023-09-27,2023,0.000000
2023-09-28,2023,0.000000
2023-09-29,2023,0.000000
2023-09-30,2023,0.000000
2023-10-01,2024,0.001044
2023-10-02,2024,0.002893
2023-10-03,2024,0.028855
2023-10-04,2024,0.031591
2023-10-05,2024,0.023966
2023-10-06,2024,0.013592
2023-10-07,2024,0.006817
2023-10-08,2024,0.003355
2023-10-09,2024,0.001699
2023-10-10,2024,0.000770
2023-10-11,2024,0.000514
2023-10-12,2024,0.077163
2023-10-13,2024,0.209886
2023-10-14,2024,0.190563
2023-10-15,2024,0.158385
2023-10-16,2024,0.111999
2023-10-17,2024,0.060588
2023-10-18,2024,0.030410
2023-10-19,2024,0.016881
2023-10-20,2024,0.008806
2023-10-21,2024,0.004610
2023-10-22,2024,0.002384
2023-10-23,2024,0.001322
2023-10-24,2024,0.000812
2023-10-25,2024,0.001457
2023-10-26,2024,0.001080
2023-10-27,2024,0.019547
2023-10-28,2024,0.091019
2023-10-29,2024,0.312295
2023-10-30,2024,0.369019
2023-10-31,2024,0.360851
2023-11-01,2024,0.351928
2023-11-02,2024,0.330267
2023-11-03,2024,0.295974
2023-11-04,2024,0.242228
2023-11-05,2024,0.200719
2023-11-06,2024,0.153247
2023-11-07,2024,0.118001
2023-11-08,2024,0.123965
2023-11-09,2024,0.202203
2023-11-10,2024,0.211992
2023-11-11,2024,0.204123
2023-11-12,2024,0.194768
2023-11-13,2024,0.174655
2023-11-14,2024,0.152062
2023-11-15,2024,0.132412
2023-11-16,2024,0.111488
2023-11-17,2024,0.142287
2023-11-18,2024,0.124866
2023-11-19,2024,0.141834
2023-11-20,2024,0.239726
2023-11-21,2024,0.276849
2023-11-22,2024,0.267385
2023-11-23,2024,0.245445
2023-11-24,2024,0.281869
2023-11-25,2024,0.575877
2023-11-26,2024,0.606145
2023-11-27,2024,0.600887
2023-11-28,2024,0.593774
2023-11-29,2024,0.583806
2023-11-30,2024,0.573028
2023-12-01,2024,0.625279
2023-12-02,2024,0.750483
2023-12-03,2024,0.847688
2023-12-04,2024,0.998217
2023-12-05,2024,0.986027
2023-12-06,2024,0.959783
2023-12-07,2024,0.930323
2023-12-08,2024,0.950884
2023-12-09,2024,1.113436
2023-12-10,2024,1.124032
2023-12-11,2024,1.135448
2023-12-12,2024,1.137461
2023-12-13,2024,1.137166
2023-12-14,2024,1.307690
2023-12-15,2024,1.340527
2023-12-16,2024,1.331629
2023-12-17,2024,1.315647
2023-12-18,2024,1.299321
2023-12-19,2024,1.279310
2023-12-20,2024,1.249206
2023-12-21,2024,1.234319
2023-12-22,2024,1.204088
2023-12-23,2024,1.271052
2023-12-24,2024,1.476046
2023-12-25,2024,1.508457
2023-12-26,2024,1.515837
2023-12-27,2024,1.534238
2023-12-28,2024,1.527467
2023-12-29,2024,1.520422
2023-12-30,2024,1.510635
2023-12-31,2024,1.500483
2024-01-01,2024,1.492128
2024-01-02,2024,1.482395
2024-01-03,2024,1.473986
2024-01-04,2024,1.484036
2024-01-05,2024,1.600407
2024-01-06,2024,1.660530
2024-01-07,2024,1.683374
2024-01-08,2024,1.878714
2024-01-09,2024,1.894499
2024-01-10,2024,1.943172
2024-01-11,2024,2.065298
2024-01-12,2024,2.158996
2024-01-13,2024,2.242764
2024-01-14,2024,2.457227
2024-01-15,2024,2.665712
2024-01-16,2024,2.737803
2024-01-17,2024,2.731368
2024-01-18,2024,2.871571
2024-01-19,2024,2.891348
2024-01-20,2024,2.885190
2024-01-21,2024,2.878962
2024-01-22,2024,2.921831
2024-01-23,2024,2.916848
2024-01-24,2024,2.908772
2024-01-25,2024,2.909638
2024-01-26,2024,2.973973
2024-01-27,2024,2.994427
2024-01-28,2024,2.985309
2024-01-29,2024,2.959313
2024-01-30,2024,2.922080
2024-01-31,2024,2.882579
2024-02-01,2024,2.844988
2024-02-02,2024,2.830224
2024-02-03,2024,3.178068
2024-02-04,2024,3.444000
2024-02-05,2024,3.437569
2024-02-06,2024,3.417210
2024-02-07,2024,3.519938
2024-02-08,2024,3.753405
2024-02-09,2024,3.861067
2024-02-10,2024,3.922602
2024-02-11,2024,4.022119
2024-02-12,2024,4.015958
2024-02-13,2024,4.009483
2024-02-14,2024,3.997760
2024-02-15,2024,4.004418
2024-02-16,2024,4.073770
2024-02-17,2024,4.175541
2024-02-18,2024,4.173250
2024-02-19,2024,4.194877
2024-02-20,2024,4.168100
2024-02-21,2024,4.175789
2024-02-22,2024,4.222746
2024-02-23,2024,4.226887
2024-02-24,2024,4.206338
2024-02-25,2024,4.173974
2024-02-26,2024,4.146749
2024-02-27,2024,4.198202
2024-02-28,2024,4.375165
2024-02-29,2024,4.359820
2024-03-01,2024,4.333653
2024-03-02,2024,4.293283
2024-03-03,2024,4.463922
2024-03-04,2024,4.618121
2024-03-05,2024,4.645894
2024-03-06,2024,4.645864
2024-03-07,2024,4.646763
2024-03-08,2024,4.736475
2024-03-09,2024,4.832842
2024-03-10,2024,4.814037
2024-03-11,2024,4.782863
2024-03-12,2024,4.754534
2024-03-13,2024,4.767090
2024-03-14,2024,5.119843
2024-03-15,2024,5.465270
2024-03-16,2024,5.525585
2024-03-17,2024,5.593497
2024-03-18,2024,5.589054
2024-03-19,2024,5.532264
2024-03-20,2024,5.459700
2024-03-21,2024,5.371893
2024-03-22,2024,5.273514
2024-03-23,2024,5.170086
2024-03-24,2024,5.149695
2024-03-25,2024,5.526564
2024-03-26,2024,5.584636
2024-03-27,2024,5.638642
2024-03-28,2024,5.615651
2024-03-29,2024,5.623784
2024-03-30,2024,5.659515
2024-03-31,2024,5.585515
2024-04-01,2024,5.647751
2024-04-02,2024,5.678868
2024-04-03,2024,5.629699
2024-04-04,2024,5.537380
2024-04-05,2024,5.400157
2024-04-06,2024,5.418689
2024-04-07,2024,5.487902
2024-04-08,2024,5.468732
2024-04-09,2024,5.459279
2024-04-10,2024,5.420383
2024-04-11,2024,5.381878
2024-04-12,2024,5.308393
2024-04-13,2024,5.177026
2024-04-14,2024,4.966418
2024-04-15,2024,4.768400
2024-04-16,2024,4.896853
2024-04-17,2024,4.829255
2024-04-18,2024,4.712966
2024-04-19,2024,4.636385
2024-04-20,2024,4.574776
2024-04-21,2024,4.485478
2024-04-22,2024,4.350863
2024-04-23,2024,4.166235
2024-04-24,2024,3.948585
2024-04-25,2024,3.707941
2024-04-26,2024,3.601824
2024-04-27,2024,3.604853
2024-04-28,2024,3.797410
2024-04-29,2024,3.742850
2024-04-30,2024,3.655894
2024-05-01,2024,3.555619
2024-05-02,2024,3.498576
2024-05-03,2024,3.454657
2024-05-04,2024,3.392868
2024-05-05,2024,3.288771
2024-05-06,2024,3.305489
2024-05-07,2024,3.341610
2024-05-08,2024,3.356838
2024-05-09,2024,3.348146
2024-05-10,2024,3.510411
2024-05-11,2024,3.478606
2024-05-12,2024,3.477260
2024-05-13,2024,3.367043
2024-05-14,2024,3.176415
2024-05-15,2024,2.993409
2024-05-16,2024,2.865033
2024-05-17,2024,2.725834
2024-05-18,2024,2.560755
2024-05-19,2024,2.389719
2024-05-20,2024,2.223313
2024-05-21,2024,2.137715
2024-05-22,2024,2.149256
2024-05-23,2024,2.104436
2024-05-24,2024,2.051449
2024-05-25,2024,1.998399
2024-05-26,2024,1.958254
2024-05-27,2024,1.891906
2024-05-28,2024,1.783447
2024-05-29,2024,1.642058
2024-05-30,2024,1.492934
2024-05-31,2024,1.376221
2024-06-01,2024,1.271199
2024-06-02,2024,1.146642
2024-06-03,2024,1.030159
2024-06-04,2024,0.908740
2024-06-05,2024,0.791528
2024-06-06,2024,0.670311
2024-06-07,2024,0.550417
2024-06-08,2024,0.448642
2024-06-09,2024,0.363508
2024-06-10,2024,0.287285
2024-06-11,2024,0.227068
2024-06-12,2024,0.176966
2024-06-13,2024,0.135029
2024-06-14,2024,0.101813
2024-06-15,2024,0.082569
2024-06-16,2024,0.061891
2024-06-17,2024,0.043553
2024-06-18,2024,0.028838
2024-06-19,2024,0.019910
2024-06-20,2024,0.011640
2024-06-21,2024,0.005922
2024-06-22,2024,0.003273
2024-06-23,2024,0.001509
2024-06-24,2024,0.000719
2024-06-25,2024,0.000162
2024-06-26,2024,0.000000
2024-06-27,2024,0.000000
2024-06-28,2024,0.000000
2024-06-29,2024,0.000000
2024-06-30,2024,0.000000
2024-07-01,2024,0.000000
2024-07-02,2024,0.000000
2024-07-03,2024,0.000000
2024-07-04,2024,0.000000
2024-07-05,2024,0.000000
2024-07-06,2024,0.000000
2024-07-07,2024,0.000000
2024-07-08,2024,0.000000
2024-07-09,2024,0.000000
2024-07-10,2024,0.000000
2024-07-11,2024,0.000000
2024-07-12,2024,0.000000
2024-07-13,2024,0.000000
2024-07-14,2024,0.000000
2024-07-15,2024,0.000000
2024-07-16,2024,0.000000
2024-07-17,2024,0.000000
2024-07-18,2024,0.000000
2024-07-19,2024,0.000000
2024-07-20,2024,0.000000
2024-07-21,2024,0.000000
2024-07-22,2024,0.000000
2024-07-23,2024,0.000000
2024-07-24,2024,0.000000
2024-07-25,2024,0.000000
2024-07-26,2024,0.000000
2024-07-27,2024,0.000000
2024-07-28,2024,0.000000
2024-07-29,2024,0.000000
2024-07-30,2024,0.000000
2024-07-31,2024,0.000000
2024-08-01,2024,0.000000
2024-08-02,2024,0.000000
2024-08-03,2024,0.000000
2024-08-04,2024,0.000000
2024-08-05,2024,0.000000
2024-08-06,2024,0.000000
2024-08-07,2024,0.000000
2024-08-08,2024,0.000000
2024-08-09,2024,0.000000
2024-08-10,2024,0.000000
2024-08-11,2024,0.000000
2024-08-12,2024,0.000000
2024-08-13,2024,0.000000
2024-08-14,2024,0.000000
2024-08-15,2024,0.000000
2024-08-16,2024,0.000000
2024-08-17,2024,0.000000
2024-08-18,2024,0.000000
2024-08-19,2024,0.000000
2024-08-20,2024,0.000000
2024-08-21,2024,0.000000
2024-08-22,2024,0.000000
2024-08-23,2024,0.000000
2024-08-24,2024,0.000000
2024-08-25,2024,0.000000
2024-08-26,2024,0.000000
2024-08-27,2024,0.000000
2024-08-28,2024,0.000000
2024-08-29,2024,0.000000
2024-08-30,2024,0.000000
2024-08-31,2024,0.000000
2024-09-01,2024,0.000000
2024-09-02,2024,0.000000
2024-09-03,2024,0.000000
2024-09-04,2024,0.000000
2024-09-05,2024,0.000000
2024-09-06,2024,0.000000
2024-09-07,2024,0.000000
2024-09-08,2024,0.000000
2024-09-09,2024,0.000000
2024-09-10,2024,0.000000
2024-09-11,2024,0.000000
2024-09-12,2024,0.000000
2024-09-13,2024,0.000000
2024-09-14,2024,0.000000
2024-09-15,2024,0.000000
2024-09-16,2024,0.000000
2024-09-17,2024,0.000142
2024-09-18,2024,0.000071
2024-09-19,2024,0.000047
2024-09-20,2024,0.000000
2024-09-21,2024,0.000000
2024-09-22,2024,0.042831
2024-09-23,2024,0.026837
2024-09-24,2024,0.012074
2024-09-25,2024,0.004273
2024-09-26,2024,0.000773
2024-09-27,2024,0.000024
2024-09-28,2024,0.000000
2024-09-29,2024,0.000000
2024-09-30,2024,0.000000
2024-10-01,2025,0.000000
2024-10-02,2025,0.000000
2024-10-03,2025,0.000000
2024-10-04,2025,0.000000
2024-10-05,2025,0.000000
2024-10-06,2025,0.000000
2024-10-07,2025,0.000000
2024-10-08,2025,0.000000
2024-10-09,2025,0.000000
2024-10-10,2025,0.000000
2024-10-11,2025,0.000000
2024-10-12,2025,0.000000
2024-10-13,2025,0.000000
2024-10-14,2025,0.000000
2024-10-15,2025,0.000000
2024-10-16,2025,0.000000
2024-10-17,2025,0.004135
2024-10-18,2025,0.029811
2024-10-19,2025,0.104327
2024-10-20,2025,0.117890
2024-10-21,2025,0.270339
2024-10-22,2025,0.199976
2024-10-23,2025,0.144966
2024-10-24,2025,0.103314
2024-10-25,2025,0.078295
2024-10-26,2025,0.053449
2024-10-27,2025,0.041069
2024-10-28,2025,0.034758
2024-10-29,2025,0.225661
2024-10-30,2025,0.438938
2024-10-31,2025,0.527730
2024-11-01,2025,0.434884
2024-11-02,2025,0.411945
2024-11-03,2025,0.400932
2024-11-04,2025,0.590032
2024-11-05,2025,0.656785
2024-11-06,2025,0.885194
2024-11-07,2025,1.105407
2024-11-08,2025,1.290060
2024-11-09,2025,1.522359
2024-11-10,2025,1.562270
2024-11-11,2025,1.527409
2024-11-12,2025,1.480771
2024-11-13,2025,1.553502
2024-11-14,2025,1.537111
2024-11-15,2025,1.492254
2024-11-16,2025,1.442018
2024-11-17,2025,1.416660
2024-11-18,2025,1.412744
2024-11-19,2025,1.493181
2024-11-20,2025,1.480166
2024-11-21,2025,1.456600
2024-11-22,2025,1.419659
2024-11-23,2025,1.365839
2024-11-24,2025,1.305375
2024-11-25,2025,1.385767
2024-11-26,2025,1.434218
2024-11-27,2025,1.930252
2024-11-28,2025,2.009879
2024-11-29,2025,2.005850
2024-11-30,2025,1.997668
2024-12-01,2025,1.986623
2024-12-02,2025,2.020088
2024-12-03,2025,2.006121
2024-12-04,2025,1.986727
2024-12-05,2025,1.981268
2024-12-06,2025,1.965432
2024-12-07,2025,1.950518
2024-12-08,2025,1.956090
2024-12-09,2025,1.961575
2024-12-10,2025,2.066216
2024-12-11,2025,2.068376
2024-12-12,2025,2.060278
2024-12-13,2025,2.080223
2024-12-14,2025,2.093152
2024-12-15,2025,2.101748
2024-12-16,2025,2.104461
2024-12-17,2025,2.096959
2024-12-18,2025,2.121213
2024-12-19,2025,2.106495
2024-12-20,2025,2.088400
2024-12-21,2025,2.068953
2024-12-22,2025,2.047760
2024-12-23,2025,2.039077
2024-12-24,2025,2.051017
2024-12-25,2025,2.048574
2024-12-26,2025,2.130811
2024-12-27,2025,2.341018
2024-12-28,2025,2.525116
2024-12-29,2025,2.601707
2024-12-30,2025,2.690793
2024-12-31,2025,2.713073
2025-01-01,2025,2.753795
2025-01-02,2025,2.763331
2025-01-03,2025,2.785566
2025-01-04,2025,2.803850
2025-01-05,2025,2.921162
2025-01-06,2025,3.010588
2025-01-07,2025,3.056693
2025-01-08,2025,3.067891
2025-01-09,2025,3.073918
2025-01-10,2025,3.105194
2025-01-11,2025,3.103160
2025-01-12,2025,3.223814
2025-01-13,2025,3.267416
2025-01-14,2025,3.258171
2025-01-15,2025,3.248230
2025-01-16,2025,3.239348
2025-01-17,2025,3.224107
2025-01-18,2025,3.292420
2025-01-19,2025,3.380229
2025-01-20,2025,3.414171
2025-01-21,2025,3.416705
2025-01-22,2025,3.408009
2025-01-23,2025,3.410288
2025-01-24,2025,3.382048
2025-01-25,2025,3.408496
2025-01-26,2025,3.464160
2025-01-27,2025,3.437372
2025-01-28,2025,3.440941
2025-01-29,2025,3.438428
2025-01-30,2025,3.524819
2025-01-31,2025,3.531841
2025-02-01,2025,3.518249
2025-02-02,2025,3.539218
2025-02-03,2025,3.461236
2025-02-04,2025,3.352086
2025-02-05,2025,3.265489
2025-02-06,2025,3.225511
2025-02-07,2025,3.185221
2025-02-08,2025,3.349856
2025-02-09,2025,3.371622
2025-02-10,2025,3.506403
2025-02-11,2025,3.505708
2025-02-12,2025,3.682134
2025-02-13,2025,3.697190
2025-02-14,2025,3.907228
2025-02-15,2025,4.158683
2025-02-16,2025,4.268034
2025-02-17,2025,4.332513
2025-02-18,2025,4.399627
2025-02-19,2025,4.425115
2025-02-20,2025,4.416554
2025-02-21,2025,4.535724
2025-02-22,2025,4.532200
2025-02-23,2025,4.506643
2025-02-24,2025,4.462048
2025-02-25,2025,4.387599
2025-02-26,2025,4.325447
2025-02-27,2025,4.328684
2025-02-28,2025,4.301014
2025-03-01,2025,4.259688
2025-03-02,2025,4.212620
2025-03-03,2025,4.161307
2025-03-04,2025,4.307672
2025-03-05,2025,4.341221
2025-03-06,2025,4.399789
2025-03-07,2025,4.508746
2025-03-08,2025,4.583149
2025-03-09,2025,4.586478
2025-03-10,2025,4.541948
2025-03-11,2025,4.489861
2025-03-12,2025,4.452037
2025-03-13,2025,4.418129
2025-03-14,2025,4.557917
2025-03-15,2025,4.652395
2025-03-16,2025,4.709066
2025-03-17,2025,4.674736
2025-03-18,2025,4.607734
2025-03-19,2025,4.828791
2025-03-20,2025,4.836542
2025-03-21,2025,4.814588
2025-03-22,2025,4.803471
2025-03-23,2025,4.827066
2025-03-24,2025,4.787053
2025-03-25,2025,4.701122
2025-03-26,2025,4.593798
2025-03-27,2025,4.465599
2025-03-28,2025,4.319736
2025-03-29,2025,4.252484
2025-03-30,2025,4.231778
2025-03-31,2025,4.230610
2025-04-01,2025,4.257532
2025-04-02,2025,4.458434
2025-04-03,2025,4.474611
2025-04-04,2025,4.537191
2025-04-05,2025,4.645728
2025-04-06,2025,4.665199
2025-04-07,2025,4.620091
2025-04-08,2025,4.528417
2025-04-09,2025,4.414646
2025-04-10,2025,4.305821
2025-04-11,2025,4.194012
2025-04-12,2025,4.028689
2025-04-13,2025,3.830324
2025-04-14,2025,3.741457
2025-04-15,2025,3.669488
2025-04-16,2025,3.577415
2025-04-17,2025,3.461429
2025-04-18,2025,3.498737
2025-04-19,2025,3.762264
2025-04-20,2025,3.849870
2025-04-21,2025,3.779230
2025-04-22,2025,3.683306
2025-04-23,2025,3.591684
2025-04-24,2025,3.487187
2025-04-25,2025,3.382575
2025-04-26,2025,3.267610
2025-04-27,2025,3.125201
2025-04-28,2025,3.049469
2025-04-29,2025,3.040074
2025-04-30,2025,3.012910
2025-05-01,2025,3.002882
2025-05-02,2025,2.978552
2025-05-03,2025,2.924168
2025-05-04,2025,2.837644
2025-05-05,2025,2.813320
2025-05-06,2025,2.791453
2025-05-07,2025,3.038132
2025-05-08,2025,2.934739
2025-05-09,2025,2.767934
2025-05-10,2025,2.583933
2025-05-11,2025,2.391961
2025-05-12,2025,2.217498
2025-05-13,2025,2.047393
2025-05-14,2025,1.920187
2025-05-15,2025,1.948744
2025-05-16,2025,1.956625
2025-05-17,2025,1.918890
2025-05-18,2025,1.850535
2025-05-19,2025,1.889153
2025-05-20,2025,1.897773
2025-05-21,2025,1.869621
2025-05-22,2025,2.110016
2025-05-23,2025,2.107902
2025-05-24,2025,1.938634
2025-05-25,2025,1.771257
2025-05-26,2025,1.634915
2025-05-27,2025,1.533679
2025-05-28,2025,1.427812
2025-05-29,2025,1.223105
2025-05-30,2025,1.126513
2025-05-31,2025,1.016816
2025-06-01,2025,0.883677
2025-06-02,2025,0.600521
2025-06-03,2025,0.535187
2025-06-04,2025,0.508325
2025-06-05,2025,0.458366
2025-06-06,2025,0.416635
2025-06-07,2025,0.365133
2025-06-08,2025,0.289143
2025-06-09,2025,0.245551
2025-06-10,2025,0.206773
2025-06-11,2025,0.054019
2025-06-12,2025,0.037721
2025-06-13,2025,0.023444
2025-06-14,2025,0.011060
2025-06-15,2025,0.005796
2025-06-16,2025,0.003025
2025-06-17,2025,0.001489
2025-06-18,2025,0.000719
2025-06-19,2025,0.000325
2025-06-20,2025,0.000162
2025-06-21,2025,0.000000
2025-06-22,2025,0.000000
2025-06-23,2025,0.000000
2025-06-24,2025,0.000000
2025-06-25,2025,0.000000
2025-06-26,2025,0.000000
2025-06-27,2025,0.000000
2025-06-28,2025,0.000000
2025-06-29,2025,0.000000
2025-06-30,2025,0.000000
2025-07-01,2025,0.000000
2025-07-02,2025,0.000000
2025-07-03,2025,0.000000
2025-07-04,2025,0.002174
2025-07-05,2025,0.001120
2025-07-06,2025,0.000000
2025-07-07,2025,0.000000
2025-07-08,2025,0.000000
2025-07-09,2025,0.000000
2025-07-10,2025,0.000000
2025-07-11,2025,0.000000
2025-07-12,2025,0.000000
2025-07-13,2025,0.000000
2025-07-14,2025,0.000000
2025-07-15,2025,0.000000
2025-07-16,2025,0.000000
2025-07-17,2025,0.000000
2025-07-18,2025,0.000000
2025-07-19,2025,0.000000
2025-07-20,2025,0.000000
2025-07-21,2025,0.000000
2025-07-22,2025,0.000000
2025-07-23,2025,0.000000
2025-07-24,2025,0.000000
2025-07-25,2025,0.000000
2025-07-26,2025,0.000000
2025-07-27,2025,0.000000
2025-07-28,2025,0.000000
2025-07-29,2025,0.000000
2025-07-30,2025,0.000000
2025-07-31,2025,0.000000
2025-08-01,2025,0.000000
2025-08-02,2025,0.000000
2025-08-03,2025,0.000000
2025-08-04,2025,0.000000
2025-08-05,2025,0.000000
2025-08-06,2025,0.000000
2025-08-07,2025,0.000000
2025-08-08,2025,0.000000
2025-08-09,2025,0.000000
2025-08-10,2025,0.000000
2025-08-11,2025,0.000000
2025-08-12,2025,0.000000
2025-08-13,2025,0.000000
2025-08-14,2025,0.000000
2025-08-15,2025,0.000000
2025-08-16,2025,0.000000
2025-08-17,2025,0.000000
2025-08-18,2025,0.000000
2025-08-19,2025,0.000000
2025-08-20,2025,0.000000
2025-08-21,2025,0.000000
2025-08-22,2025,0.000000
2025-08-23,2025,0.000000
2025-08-24,2025,0.000000
2025-08-25,2025,0.000000
2025-08-26,2025,0.000000
2025-08-27,2025,0.000000
2025-08-28,2025,0.000000
2025-08-29,2025,0.000000
2025-08-30,2025,0.000000
2025-08-31,2025,0.000000
2025-09-01,2025,0.000000
2025-09-02,2025,0.000000
2025-09-03,2025,0.000000
2025-09-04,2025,0.000000
2025-09-05,2025,0.000000
2025-09-06,2025,0.000000
2025-09-07,2025,0.001145
2025-09-08,2025,0.000000
2025-09-09,2025,0.000000
2025-09-10,2025,0.000000
2025-09-11,2025,0.000000
2025-09-12,2025,0.002033
2025-09-13,2025,0.000071
2025-09-14,2025,0.001960
2025-09-15,2025,0.000511
2025-09-16,2025,0.000046
2025-09-17,2025,0.006491
2025-09-18,2025,0.022754
2025-09-19,2025,0.001187
2025-09-20,2025,0.000965
2025-09-21,2025,0.000426
2025-09-22,2025,0.000166
2025-09-23,2025,0.029435
2025-09-24,2025,0.045146
2025-09-25,2025,0.013810
2025-09-26,2025,0.006500
2025-09-27,2025,0.002556
2025-09-28,2025,0.000945
2025-09-29,2025,0.010880
2025-09-30,2025,0.000787
2025-10-01,2026,0.001909
2025-10-02,2026,0.000417
2025-10-03,2026,0.003339
2025-10-04,2026,0.002526
2025-10-05,2026,0.022655
2025-10-06,2026,0.031346
2025-10-07,2026,0.035306
2025-10-08,2026,0.009524
2025-10-09,2026,0.004712
2025-10-10,2026,0.007919
2025-10-11,2026,0.004648
2025-10-12,2026,0.017720
2025-10-13,2026,0.035801
2025-10-14,2026,0.035488
2025-10-15,2026,0.052630
2025-10-16,2026,0.024740
2025-10-17,2026,0.022149
2025-10-18,2026,0.019750
2025-10-19,2026,0.025710
2025-10-20,2026,0.036760
2025-10-21,2026,0.046535
2025-10-22,2026,0.040836
2025-10-23,2026,0.031507
2025-10-24,2026,0.061198
2025-10-25,2026,0.059220
2025-10-26,2026,0.025747
2025-10-27,2026,0.026769
2025-10-28,2026,0.033379
2025-10-29,2026,0.033513
2025-10-30,2026,0.055657
2025-10-31,2026,0.051777
2025-11-01,2026,0.049484
2025-11-02,2026,0.045307
2025-11-03,2026,0.032721
2025-11-04,2026,0.024554
2025-11-05,2026,0.019686
2025-11-06,2026,0.015257
2025-11-07,2026,0.017738
2025-11-08,2026,0.035406
2025-11-09,2026,0.024311
2025-11-10,2026,0.023153
2025-11-11,2026,0.019511
2025-11-12,2026,0.016829
2025-11-13,2026,0.014082
2025-11-14,2026,0.011532
2025-11-15,2026,0.009052
2025-11-16,2026,0.007039
2025-11-17,2026,0.148214
2025-11-18,2026,0.246537
2025-11-19,2026,0.200444
2025-11-20,2026,0.204452
2025-11-21,2026,0.245180
2025-11-22,2026,0.238893
2025-11-23,2026,0.234831
2025-11-24,2026,0.345051
2025-11-25,2026,0.329167
2025-11-26,2026,0.315480
2025-11-27,2026,0.314668
2025-11-28,2026,0.296853
2025-11-29,2026,0.344258
2025-11-30,2026,0.346130
2025-12-01,2026,0.561087
2025-12-02,2026,0.575388
2025-12-03,2026,0.679751
2025-12-04,2026,0.896530
2025-12-05,2026,0.900855
2025-12-06,2026,1.057659
2025-12-07,2026,1.377278
2025-12-08,2026,1.311766
2025-12-09,2026,1.273974
2025-12-10,2026,1.240850
2025-12-11,2026,1.190615
2025-12-12,2026,1.126875
2025-12-13,2026,1.097211
2025-12-14,2026,1.059607
2025-12-15,2026,1.039129
2025-12-16,2026,0.993195
2025-12-17,2026,0.981970
2025-12-18,2026,0.949432
2025-12-19,2026,0.936314
2025-12-20,2026,0.896556
2025-12-21,2026,0.906913
2025-12-22,2026,0.875432
2025-12-23,2026,0.804353
2025-12-24,2026,0.780933
2025-12-25,2026,0.751406
2025-12-26,2026,0.770968
2025-12-27,2026,0.774573
2025-12-28,2026,1.146395
2025-12-29,2026,1.115150
2025-12-30,2026,1.055489
2025-12-31,2026,1.046029
2026-01-01,2026,1.003919
2026-01-02,2026,1.108427
2026-01-03,2026,1.244659
2026-01-04,2026,1.194938
2026-01-05,2026,1.167318
2026-01-06,2026,1.479811
2026-01-07,2026,1.440076
2026-01-08,2026,1.422527
2026-01-09,2026,1.649121
2026-01-10,2026,1.649413
2026-01-11,2026,1.635400
2026-01-12,2026,1.613735
2026-01-13,2026,1.588210
2026-01-14,2026,1.543170
2026-01-15,2026,1.518830
2026-01-16,2026,1.499325
2026-01-17,2026,1.500259
2026-01-18,2026,1.482391
2026-01-19,2026,1.489434
2026-01-20,2026,1.455284
2026-01-21,2026,1.448260
2026-01-22,2026,1.436050
2026-01-23,2026,1.429183
2026-01-24,2026,1.640056
2026-01-25,2026,1.793612
2026-01-26,2026,1.796734
2026-01-27,2026,1.765567
2026-01-28,2026,1.750549
2026-01-29,2026,1.748652
2026-01-30,2026,1.757398
2026-01-31,2026,1.743964
2026-02-01,2026,1.707896
2026-02-02,2026,1.651402
2026-02-03,2026,1.661762
2026-02-04,2026,1.659886
2026-02-05,2026,1.620977
2026-02-06,2026,1.588556
2026-02-07,2026,1.554966
2026-02-08,2026,1.541657
2026-02-09,2026,1.504931
2026-02-10,2026,1.500436
2026-02-11,2026,1.517677
2026-02-12,2026,1.788250
2026-02-13,2026,2.036838
2026-02-14,2026,2.279363
2026-02-15,2026,2.240711
2026-02-16,2026,2.157083
2026-02-17,2026,2.122649
2026-02-18,2026,2.589268
2026-02-19,2026,2.869327
2026-02-20,2026,2.808438
2026-02-21,2026,2.927690
2026-02-22,2026,2.868801
2026-02-23,2026,2.804806
2026-02-24,2026,2.758053
2026-02-25,2026,2.742932
2026-02-26,2026,2.737611
2026-02-27,2026,2.722141
2026-02-28,2026,2.691454
2026-03-01,2026,2.670615
2026-03-02,2026,2.654823
2026-03-03,2026,2.649845
2026-03-04,2026,2.678429
2026-03-05,2026,2.673048
2026-03-06,2026,2.832155
2026-03-07,2026,3.142933
2026-03-08,2026,3.054272
2026-03-09,2026,2.949437
2026-03-10,2026,2.900137
2026-03-11,2026,2.850958
2026-03-12,2026,2.849035
2026-03-13,2026,2.843132
2026-03-14,2026,2.779602
2026-03-15,2026,2.812611
2026-03-16,2026,2.809880
2026-03-17,2026,2.869907
2026-03-18,2026,2.773804
2026-03-19,2026,2.665505
2026-03-20,2026,2.587955
2026-03-21,2026,2.505491
2026-03-22,2026,2.384581
2026-03-23,2026,2.289534
2026-03-24,2026,2.249193
2026-03-25,2026,2.104211
2026-03-26,2026,1.928244
2026-03-27,2026,1.798076
2026-03-28,2026,1.748647
2026-03-29,2026,1.698096
2026-03-30,2026,1.601574
2026-03-31,2026,1.557497
2026-04-01,2026,1.888048
2026-04-02,2026,2.233235
2026-04-03,2026,2.281441
2026-04-04,2026,2.264529
2026-04-05,2026,2.135626
2026-04-06,2026,2.000778
2026-04-07,2026,1.852535
2026-04-08,2026,1.792016
2026-04-09,2026,1.752921
2026-04-10,2026,1.670880
2026-04-11,2026,1.640962
2026-04-12,2026,1.689675
2026-04-13,2026,1.590276
2026-04-14,2026,1.668657
2026-04-15,2026,1.823740
2026-04-16,2026,1.641405
2026-04-17,2026,1.592464
2026-04-18,2026,1.763032
2026-04-19,2026,1.615697
2026-04-20,2026,1.535610
2026-04-21,2026,1.434216
2026-04-22,2026,1.387487
2026-04-23,2026,1.327224
2026-04-24,2026,1.326892
2026-04-25,2026,1.267529
2026-04-26,2026,1.338342
2026-04-27,2026,1.773420
2026-04-28,2026,1.786460
2026-04-29,2026,1.727648
2026-04-30,2026,1.614359
2026-05-01,2026,1.667027
2026-05-02,2026,1.608912
2026-05-03,2026,1.507054
2026-05-04,2026,1.396464
2026-05-05,2026,1.424645
2026-05-06,2026,1.607513
2026-05-07,2026,1.793639
2026-05-08,2026,1.539957
2026-05-09,2026,1.350499
2026-05-10,2026,1.237055
2026-05-11,2026,1.164177
2026-05-12,2026,1.085338
2026-05-13,2026,0.962375
2026-05-14,2026,0.869810
2026-05-15,2026,0.774890
2026-05-16,2026,0.716976
2026-05-17,2026,0.688060
2026-05-18,2026,0.720401
2026-05-19,2026,0.855330
2026-05-20,2026,0.763871
2026-05-21,2026,0.684400
2026-05-22,2026,0.627543
2026-05-23,2026,0.568161
2026-05-24,2026,0.514812
2026-05-25,2026,0.433616
2026-05-26,2026,0.416767
2026-05-27,2026,0.352028
2026-05-28,2026,0.335925
2026-05-29,2026,0.260265
2026-05-30,2026,0.204454
2026-05-31,2026,0.208465
2026-06-01,2026,0.117391
2026-06-02,2026,0.095895
2026-06-03,2026,0.080118
2026-06-04,2026,0.066583
2026-06-05,2026,0.043525
2026-06-06,2026,0.025619
2026-06-07,2026,0.015017
2026-06-08,2026,0.008547
2026-06-09,2026,0.004760
2026-06-10,2026,0.002683
2026-06-11,2026,0.008492
2026-06-12,2026,0.003346
2026-06-13,2026,0.001229
2026-06-14,2026,0.000556
2026-06-15,2026,0.000232
2026-06-16,2026,0.000139
2026-06-17,2026,0.000000
2026-06-18,2026,0.000000
2026-06-19,2026,0.000000
2026-06-20,2026,0.000000
2026-06-21,2026,0.000000
2026-06-22,2026,0.000000
2026-06-23,2026,0.000000
2026-06-24,2026,0.000000
2026-06-25,2026,0.000000
2026-06-26,2026,0.000000
2026-06-27,2026,0.000000
2026-06-28,2026,0.000000
2026-06-29,2026,0.000000
2026-06-30,2026,0.000000
2026-07-01,2026,0.000000
2026-07-02,2026,0.000000
2026-07-03,2026,0.000000
2026-07-04,2026,0.000000
2026-07-05,2026,0.000000
2026-07-06,2026,0.000000
2026-07-07,2026,0.000000
2026-07-08,2026,0.000000
2026-07-09,2026,0.000000
2026-07-10,2026,0.000000
2026-07-11,2026,0.000000
2026-07-12,2026,0.000000
2026-07-13,2026,0.000000
2026-07-14,2026,0.000000
2026-07-15,2026,0.000000
2026-07-16,2026,0.000000
2026-07-17,2026,0.000000
2026-07-18,2026,0.000000
2026-07-19,2026,0.000000
2026-07-20,2026,0.000000
2026-07-21,2026,0.000000
2026-07-22,2026,0.000000
2026-07-23,2026,0.000000
2026-07-24,2026,0.000000
2026-07-25,2026,0.000000
2026-07-26,2026,0.000000
2026-07-27,2026,0.000000
2026-07-28,2026,0.000000
2026-07-29,2026,0.000000
2026-07-30,2026,0.000000
2026-07-31,2026,0.000000
2026-08-01,2026,0.000000
2026-08-02,2026,0.000000
2026-08-03,2026,0.000000
2026-08-04,2026,0.000000
2026-08-05,2026,0.000000
2026-08-06,2026,0.000000
2026-08-07,2026,0.000000
2026-08-08,2026,0.000000
2026-08-09,2026,0.000000
2026-08-10,2026,0.000000
2026-08-11,2026,0.000000
2026-08-12,2026,0.000000
2026-08-13,2026,0.000000
2026-08-14,2026,0.000000
2026-08-15,2026,0.000000
2026-08-16,2026,0.000000
2026-08-17,2026,0.000000
2026-08-18,2026,0.000000
2026-08-19,2026,0.000000
2026-08-20,2026,0.000000
