date,water_year,depth_in
1980-10-01,1981,0.000000
1980-10-02,1981,0.000000
1980-10-03,1981,0.000000
1980-10-04,1981,0.000000
1980-10-05,1981,0.000000
1980-10-06,1981,0.000000
1980-10-07,1981,0.000000
1980-10-08,1981,0.000000
1980-10-09,1981,0.000000
1980-10-10,1981,0.000000
1980-10-11,1981,0.000000
1980-10-12,1981,0.000000
1980-10-13,1981,0.077341
1980-10-14,1981,0.073223
1980-10-15,1981,0.654933
1980-10-16,1981,2.527084
1980-10-17,1981,4.196266
1980-10-18,1981,4.396563
1980-10-19,1981,3.822562
1980-10-20,1981,3.355664
1980-10-21,1981,2.558651
1980-10-22,1981,2.203783
1980-10-23,1981,2.049834
1980-10-24,1981,2.082369
1980-10-25,1981,1.980895
1980-10-26,1981,1.736661
1980-10-27,1981,3.031818
1980-10-28,1981,4.332809
1980-10-29,1981,4.272879
1980-10-30,1981,4.020433
1980-10-31,1981,3.401733
1980-11-01,1981,2.848931
1980-11-02,1981,2.337068
1980-11-03,1981,1.966488
1980-11-04,1981,1.722416
1980-11-05,1981,1.370719
1980-11-06,1981,1.054652
1980-11-07,1981,0.830477
1980-11-08,1981,0.656659
1980-11-09,1981,0.599277
1980-11-10,1981,0.498007
1980-11-11,1981,0.405998
1980-11-12,1981,0.333829
1980-11-13,1981,1.067798
1980-11-14,1981,2.586317
1980-11-15,1981,3.006341
1980-11-16,1981,3.007875
1980-11-17,1981,3.209357
1980-11-18,1981,3.079197
1980-11-19,1981,3.006443
1980-11-20,1981,2.824625
1980-11-21,1981,2.726585
1980-11-22,1981,2.659761
1980-11-23,1981,3.035378
1980-11-24,1981,4.268889
1980-11-25,1981,5.462420
1980-11-26,1981,5.345415
1980-11-27,1981,5.251303
1980-11-28,1981,5.110665
1980-11-29,1981,4.749556
1980-11-30,1981,4.351493
1980-12-01,1981,4.150237
1980-12-02,1981,4.328952
1980-12-03,1981,4.104977
1980-12-04,1981,3.752184
1980-12-05,1981,3.567113
1980-12-06,1981,4.679667
1980-12-07,1981,5.628264
1980-12-08,1981,6.007769
1980-12-09,1981,6.028373
1980-12-10,1981,6.048476
1980-12-11,1981,5.931713
1980-12-12,1981,5.728281
1980-12-13,1981,5.408510
1980-12-14,1981,5.213825
1980-12-15,1981,5.050080
1980-12-16,1981,4.748688
1980-12-17,1981,4.328728
1980-12-18,1981,3.914040
1980-12-19,1981,3.703486
1980-12-20,1981,3.637507
1980-12-21,1981,3.529625
1980-12-22,1981,3.451906
1980-12-23,1981,4.107411
1980-12-24,1981,4.362058
1980-12-25,1981,4.254303
1980-12-26,1981,4.263842
1980-12-27,1981,3.934767
1980-12-28,1981,3.502465
1980-12-29,1981,3.304651
1980-12-30,1981,3.216247
1980-12-31,1981,3.094137
1981-01-01,1981,2.924466
1981-01-02,1981,2.815382
1981-01-03,1981,2.760961
1981-01-04,1981,2.684494
1981-01-05,1981,2.879993
1981-01-06,1981,3.285743
1981-01-07,1981,2.642023
1981-01-08,1981,2.584792
1981-01-09,1981,2.535133
1981-01-10,1981,2.477569
1981-01-11,1981,2.424880
1981-01-12,1981,2.376905
1981-01-13,1981,2.330102
1981-01-14,1981,2.277076
1981-01-15,1981,2.227924
1981-01-16,1981,2.603354
1981-01-17,1981,3.028930
1981-01-18,1981,2.938884
1981-01-19,1981,2.954205
1981-01-20,1981,2.895199
1981-01-21,1981,2.832463
1981-01-22,1981,2.749477
1981-01-23,1981,2.594553
1981-01-24,1981,2.452586
1981-01-25,1981,2.725594
1981-01-26,1981,2.841265
1981-01-27,1981,2.866570
1981-01-28,1981,2.933670
1981-01-29,1981,3.898446
1981-01-30,1981,3.893924
1981-01-31,1981,5.117993
1981-02-01,1981,6.281468
1981-02-02,1981,6.488324
1981-02-03,1981,6.114023
1981-02-04,1981,5.932006
1981-02-05,1981,5.797428
1981-02-06,1981,5.675720
1981-02-07,1981,5.665601
1981-02-08,1981,5.669866
1981-02-09,1981,5.955801
1981-02-10,1981,7.211127
1981-02-11,1981,7.460727
1981-02-12,1981,6.917093
1981-02-13,1981,6.697554
1981-02-14,1981,6.401838
1981-02-15,1981,6.157166
1981-02-16,1981,5.913161
1981-02-17,1981,5.485361
1981-02-18,1981,5.310956
1981-02-19,1981,4.984442
1981-02-20,1981,4.537220
1981-02-21,1981,5.721322
1981-02-22,1981,5.736934
1981-02-23,1981,5.544058
1981-02-24,1981,5.179311
1981-02-25,1981,4.835480
1981-02-26,1981,4.558452
1981-02-27,1981,4.966387
1981-02-28,1981,4.816732
1981-03-01,1981,4.932418
1981-03-02,1981,5.194143
1981-03-03,1981,6.979174
1981-03-04,1981,9.340858
1981-03-05,1981,9.386872
1981-03-06,1981,9.139510
1981-03-07,1981,10.542064
1981-03-08,1981,10.626393
1981-03-09,1981,10.490635
1981-03-10,1981,10.337261
1981-03-11,1981,10.863577
1981-03-12,1981,11.479498
1981-03-13,1981,11.215613
1981-03-14,1981,11.130300
1981-03-15,1981,11.103043
1981-03-16,1981,10.637295
1981-03-17,1981,11.053677
1981-03-18,1981,11.709251
1981-03-19,1981,11.619186
1981-03-20,1981,11.130880
1981-03-21,1981,11.887942
1981-03-22,1981,12.297363
1981-03-23,1981,11.819492
1981-03-24,1981,11.242949
1981-03-25,1981,11.693650
1981-03-26,1981,11.127035
1981-03-27,1981,10.583388
1981-03-28,1981,11.204452
1981-03-29,1981,12.021121
1981-03-30,1981,11.570666
1981-03-31,1981,12.620774
1981-04-01,1981,12.343695
1981-04-02,1981,11.632756
1981-04-03,1981,11.467385
1981-04-04,1981,13.190017
1981-04-05,1981,13.446952
1981-04-06,1981,12.939282
1981-04-07,1981,12.118830
1981-04-08,1981,12.478384
1981-04-09,1981,12.322970
1981-04-10,1981,11.249435
1981-04-11,1981,10.251431
1981-04-12,1981,9.550411
1981-04-13,1981,8.884968
1981-04-14,1981,8.253168
1981-04-15,1981,7.843228
1981-04-16,1981,7.313474
1981-04-17,1981,6.624204
1981-04-18,1981,5.924094
1981-04-19,1981,5.396223
1981-04-20,1981,5.120937
1981-04-21,1981,4.824932
1981-04-22,1981,4.821750
1981-04-23,1981,4.714882
1981-04-24,1981,4.396446
1981-04-25,1981,3.998454
1981-04-26,1981,3.583259
1981-04-27,1981,3.219622
1981-04-28,1981,2.907842
1981-04-29,1981,2.611056
1981-04-30,1981,2.315296
1981-05-01,1981,1.999876
1981-05-02,1981,1.673293
1981-05-03,1981,1.520228
1981-05-04,1981,1.424361
1981-05-05,1981,1.293757
1981-05-06,1981,1.649496
1981-05-07,1981,1.570666
1981-05-08,1981,1.523979
1981-05-09,1981,2.083016
1981-05-10,1981,2.140989
1981-05-11,1981,1.806937
1981-05-12,1981,1.859619
1981-05-13,1981,2.104204
1981-05-14,1981,2.017824
1981-05-15,1981,1.608705
1981-05-16,1981,1.636606
1981-05-17,1981,2.561385
1981-05-18,1981,3.315718
1981-05-19,1981,2.543266
1981-05-20,1981,1.791249
1981-05-21,1981,1.815422
1981-05-22,1981,1.710630
1981-05-23,1981,1.626494
1981-05-24,1981,1.500942
1981-05-25,1981,1.277623
1981-05-26,1981,1.112429
1981-05-27,1981,0.964395
1981-05-28,1981,0.827778
1981-05-29,1981,0.706504
1981-05-30,1981,0.626903
1981-05-31,1981,0.505448
1981-06-01,1981,0.402071
1981-06-02,1981,0.321540
1981-06-03,1981,0.246152
1981-06-04,1981,0.211130
1981-06-05,1981,0.156537
1981-06-06,1981,0.106374
1981-06-07,1981,0.061798
1981-06-08,1981,0.032072
1981-06-09,1981,0.015719
1981-06-10,1981,0.007163
1981-06-11,1981,0.003213
1981-06-12,1981,0.001652
1981-06-13,1981,0.000000
1981-06-14,1981,0.043449
1981-06-15,1981,0.084518
1981-06-16,1981,0.073694
1981-06-17,1981,0.023574
1981-06-18,1981,0.003532
1981-06-19,1981,0.000506
1981-06-20,1981,0.000000
1981-06-21,1981,0.000000
1981-06-22,1981,0.000000
1981-06-23,1981,0.000000
1981-06-24,1981,0.000000
1981-06-25,1981,0.000000
1981-06-26,1981,0.000000
1981-06-27,1981,0.000000
1981-06-28,1981,0.000000
1981-06-29,1981,0.000000
1981-06-30,1981,0.000000
1981-07-01,1981,0.000000
1981-07-02,1981,0.000000
1981-07-03,1981,0.000000
1981-07-04,1981,0.000000
1981-07-05,1981,0.000000
1981-07-06,1981,0.000000
1981-07-07,1981,0.000000
1981-07-08,1981,0.000000
1981-07-09,1981,0.000000
1981-07-10,1981,0.000000
1981-07-11,1981,0.000000
1981-07-12,1981,0.000000
1981-07-13,1981,0.000000
1981-07-14,1981,0.000000
1981-07-15,1981,0.000000
1981-07-16,1981,0.000000
1981-07-17,1981,0.000000
1981-07-18,1981,0.000000
1981-07-19,1981,0.000000
1981-07-20,1981,0.000000
1981-07-21,1981,0.000000
1981-07-22,1981,0.000000
1981-07-23,1981,0.000000
1981-07-24,1981,0.000000
1981-07-25,1981,0.000000
1981-07-26,1981,0.000000
1981-07-27,1981,0.000467
1981-07-28,1981,0.000000
1981-07-29,1981,0.000000
1981-07-30,1981,0.000000
1981-07-31,1981,0.000000
1981-08-01,1981,0.000000
1981-08-02,1981,0.000000
1981-08-03,1981,0.000000
1981-08-04,1981,0.000000
1981-08-05,1981,0.000000
1981-08-06,1981,0.000000
1981-08-07,1981,0.000000
1981-08-08,1981,0.000000
1981-08-09,1981,0.000000
1981-08-10,1981,0.000000
1981-08-11,1981,0.000000
1981-08-12,1981,0.000000
1981-08-13,1981,0.000000
1981-08-14,1981,0.000000
1981-08-15,1981,0.000000
1981-08-16,1981,0.000000
1981-08-17,1981,0.000000
1981-08-18,1981,0.000000
1981-08-19,1981,0.000000
1981-08-20,1981,0.000000
1981-08-21,1981,0.000000
1981-08-22,1981,0.000000
1981-08-23,1981,0.000000
1981-08-24,1981,0.000000
1981-08-25,1981,0.000000
1981-08-26,1981,0.000000
1981-08-27,1981,0.000000
1981-08-28,1981,0.000000
1981-08-29,1981,0.000000
1981-08-30,1981,0.000000
1981-08-31,1981,0.000000
1981-09-01,1981,0.000000
1981-09-02,1981,0.000000
1981-09-03,1981,0.000000
1981-09-04,1981,0.000000
1981-09-05,1981,0.000000
1981-09-06,1981,0.000000
1981-09-07,1981,0.000000
1981-09-08,1981,0.000000
1981-09-09,1981,0.000000
1981-09-10,1981,0.000982
1981-09-11,1981,0.000831
1981-09-12,1981,0.001006
1981-09-13,1981,0.001244
1981-09-14,1981,0.000181
1981-09-15,1981,0.000000
1981-09-16,1981,0.000000
1981-09-17,1981,0.000000
1981-09-18,1981,0.000000
1981-09-19,1981,0.000000
1981-09-20,1981,0.000000
1981-09-21,1981,0.000000
1981-09-22,1981,0.000000
1981-09-23,1981,0.000000
1981-09-24,1981,0.016109
1981-09-25,1981,0.008495
1981-09-26,1981,0.007067
1981-09-27,1981,0.004216
1981-09-28,1981,0.001467
1981-09-29,1981,0.000360
1981-09-30,1981,0.000000
1981-10-01,1982,0.000000
1981-10-02,1982,0.000590
1981-10-03,1982,0.184552
1981-10-04,1982,0.271693
1981-10-05,1982,0.373962
1981-10-06,1982,0.281012
1981-10-07,1982,0.163250
1981-10-08,1982,0.105261
1981-10-09,1982,0.151218
1981-10-10,1982,0.146595
1981-10-11,1982,0.133433
1981-10-12,1982,0.403933
1981-10-13,1982,0.621446
1981-10-14,1982,0.729561
1981-10-15,1982,0.843380
1981-10-16,1982,1.902455
1981-10-17,1982,2.216009
1981-10-18,1982,2.103456
1981-10-19,1982,1.799901
1981-10-20,1982,1.483356
1981-10-21,1982,1.229667
1981-10-22,1982,1.106837
1981-10-23,1982,1.031964
1981-10-24,1982,0.971264
1981-10-25,1982,2.590201
1981-10-26,1982,2.492813
1981-10-27,1982,2.009164
1981-10-28,1982,1.592585
1981-10-29,1982,1.375906
1981-10-30,1982,2.276212
1981-10-31,1982,4.048709
1981-11-01,1982,3.900428
1981-11-02,1982,3.515112
1981-11-03,1982,3.020182
1981-11-04,1982,2.582589
1981-11-05,1982,2.239267
1981-11-06,1982,1.958149
1981-11-07,1982,1.908317
1981-11-08,1982,2.197732
1981-11-09,1982,2.194557
1981-11-10,1982,2.075602
1981-11-11,1982,1.968834
1981-11-12,1982,1.858210
1981-11-13,1982,1.737096
1981-11-14,1982,1.570068
1981-11-15,1982,1.461387
1981-11-16,1982,1.322481
1981-11-17,1982,1.156166
1981-11-18,1982,1.237230
1981-11-19,1982,1.987121
1981-11-20,1982,1.990814
1981-11-21,1982,1.987128
1981-11-22,1982,1.949670
1981-11-23,1982,2.163591
1981-11-24,1982,2.216763
1981-11-25,1982,1.981433
1981-11-26,1982,3.120148
1981-11-27,1982,3.018080
1981-11-28,1982,3.841341
1981-11-29,1982,4.232374
1981-11-30,1982,6.475666
1981-12-01,1982,6.875587
1981-12-02,1982,6.964301
1981-12-03,1982,6.901327
1981-12-04,1982,6.720301
1981-12-05,1982,6.519585
1981-12-06,1982,6.271216
1981-12-07,1982,5.966495
1981-12-08,1982,5.627861
1981-12-09,1982,5.295988
1981-12-10,1982,4.968234
1981-12-11,1982,4.779839
1981-12-12,1982,4.728268
1981-12-13,1982,4.716309
1981-12-14,1982,5.549128
1981-12-15,1982,5.702685
1981-12-16,1982,6.908059
1981-12-17,1982,7.462522
1981-12-18,1982,7.327161
1981-12-19,1982,7.195487
1981-12-20,1982,7.537159
1981-12-21,1982,7.655952
1981-12-22,1982,10.940435
1981-12-23,1982,11.491158
1981-12-24,1982,11.232311
1981-12-25,1982,11.282891
1981-12-26,1982,12.132146
1981-12-27,1982,14.257353
1981-12-28,1982,15.104181
1981-12-29,1982,14.784483
1981-12-30,1982,15.237516
1981-12-31,1982,17.032093
1982-01-01,1982,18.359694
1982-01-02,1982,20.811714
1982-01-03,1982,21.688280
1982-01-04,1982,21.465219
1982-01-05,1982,20.449539
1982-01-06,1982,23.044400
1982-01-07,1982,23.851548
1982-01-08,1982,23.127699
1982-01-09,1982,22.440315
1982-01-10,1982,21.868958
1982-01-11,1982,20.878992
1982-01-12,1982,20.232423
1982-01-13,1982,20.057748
1982-01-14,1982,19.349706
1982-01-15,1982,18.922607
1982-01-16,1982,18.562096
1982-01-17,1982,18.296290
1982-01-18,1982,17.711059
1982-01-19,1982,17.674964
1982-01-20,1982,18.110206
1982-01-21,1982,18.870145
1982-01-22,1982,21.148447
1982-01-23,1982,21.435783
1982-01-24,1982,21.590192
1982-01-25,1982,20.844166
1982-01-26,1982,20.190152
1982-01-27,1982,19.563467
1982-01-28,1982,19.473481
1982-01-29,1982,20.105817
1982-01-30,1982,21.162211
1982-01-31,1982,20.765166
1982-02-01,1982,21.598756
1982-02-02,1982,22.242979
1982-02-03,1982,21.807191
1982-02-04,1982,23.487821
1982-02-05,1982,24.779987
1982-02-06,1982,24.289465
1982-02-07,1982,23.800343
1982-02-08,1982,23.535880
1982-02-09,1982,23.842852
1982-02-10,1982,25.107445
1982-02-11,1982,25.402165
1982-02-12,1982,25.560989
1982-02-13,1982,24.889427
1982-02-14,1982,24.135558
1982-02-15,1982,23.572170
1982-02-16,1982,22.707069
1982-02-17,1982,22.140724
1982-02-18,1982,21.525507
1982-02-19,1982,21.126022
1982-02-20,1982,20.569460
1982-02-21,1982,19.845144
1982-02-22,1982,18.966154
1982-02-23,1982,18.084688
1982-02-24,1982,17.527170
1982-02-25,1982,18.176487
1982-02-26,1982,18.265889
1982-02-27,1982,18.149429
1982-02-28,1982,17.908432
1982-03-01,1982,17.356269
1982-03-02,1982,17.636194
1982-03-03,1982,18.550874
1982-03-04,1982,19.838519
1982-03-05,1982,20.336885
1982-03-06,1982,20.665844
1982-03-07,1982,20.301628
1982-03-08,1982,20.084756
1982-03-09,1982,19.739217
1982-03-10,1982,19.190296
1982-03-11,1982,18.713691
1982-03-12,1982,19.849706
1982-03-13,1982,20.134431
1982-03-14,1982,19.932969
1982-03-15,1982,19.614531
1982-03-16,1982,20.347346
1982-03-17,1982,20.517532
1982-03-18,1982,20.166630
1982-03-19,1982,20.636500
1982-03-20,1982,21.008587
1982-03-21,1982,20.935171
1982-03-22,1982,20.779697
1982-03-23,1982,20.520712
1982-03-24,1982,20.245960
1982-03-25,1982,20.149553
1982-03-26,1982,19.696306
1982-03-27,1982,20.828789
1982-03-28,1982,20.325242
1982-03-29,1982,19.948444
1982-03-30,1982,21.202450
1982-03-31,1982,21.742937
1982-04-01,1982,21.245995
1982-04-02,1982,21.766407
1982-04-03,1982,21.674584
1982-04-04,1982,21.249106
1982-04-05,1982,21.253981
1982-04-06,1982,21.598730
1982-04-07,1982,21.331298
1982-04-08,1982,21.776291
1982-04-09,1982,21.743816
1982-04-10,1982,21.589099
1982-04-11,1982,21.210194
1982-04-12,1982,20.297719
1982-04-13,1982,19.489008
1982-04-14,1982,18.629997
1982-04-15,1982,17.840574
1982-04-16,1982,17.333797
1982-04-17,1982,17.330207
1982-04-18,1982,16.939898
1982-04-19,1982,16.564270
1982-04-20,1982,17.134843
1982-04-21,1982,18.612631
1982-04-22,1982,18.196064
1982-04-23,1982,17.822665
1982-04-24,1982,17.892302
1982-04-25,1982,17.292198
1982-04-26,1982,16.533979
1982-04-27,1982,16.083578
1982-04-28,1982,15.655586
1982-04-29,1982,14.984198
1982-04-30,1982,14.235412
1982-05-01,1982,13.553768
1982-05-02,1982,12.666927
1982-05-03,1982,11.772255
1982-05-04,1982,10.942926
1982-05-05,1982,10.474302
1982-05-06,1982,11.433865
1982-05-07,1982,11.222753
1982-05-08,1982,10.845688
1982-05-09,1982,10.140479
1982-05-10,1982,9.782114
1982-05-11,1982,9.559281
1982-05-12,1982,9.888939
1982-05-13,1982,12.850372
1982-05-14,1982,13.485574
1982-05-15,1982,12.946035
1982-05-16,1982,12.360269
1982-05-17,1982,11.666246
1982-05-18,1982,10.855006
1982-05-19,1982,10.023661
1982-05-20,1982,9.523259
1982-05-21,1982,9.154313
1982-05-22,1982,8.653856
1982-05-23,1982,8.096252
1982-05-24,1982,7.590770
1982-05-25,1982,7.337185
1982-05-26,1982,7.091773
1982-05-27,1982,6.615288
1982-05-28,1982,6.180370
1982-05-29,1982,5.778631
1982-05-30,1982,5.514737
1982-05-31,1982,5.594727
1982-06-01,1982,5.242941
1982-06-02,1982,4.970168
1982-06-03,1982,4.741703
1982-06-04,1982,4.553676
1982-06-05,1982,4.276758
1982-06-06,1982,4.043530
1982-06-07,1982,4.012432
1982-06-08,1982,3.787940
1982-06-09,1982,3.607021
1982-06-10,1982,3.415400
1982-06-11,1982,3.167895
1982-06-12,1982,2.877765
1982-06-13,1982,2.610820
1982-06-14,1982,2.367339
1982-06-15,1982,2.210761
1982-06-16,1982,2.016067
1982-06-17,1982,1.789169
1982-06-18,1982,1.621924
1982-06-19,1982,1.464852
1982-06-20,1982,1.309705
1982-06-21,1982,1.164331
1982-06-22,1982,1.059080
1982-06-23,1982,0.930641
1982-06-24,1982,0.841876
1982-06-25,1982,0.730031
1982-06-26,1982,0.629044
1982-06-27,1982,0.548566
1982-06-28,1982,0.486856
1982-06-29,1982,0.400939
1982-06-30,1982,0.332835
1982-07-01,1982,0.264279
1982-07-02,1982,0.217234
1982-07-03,1982,0.167598
1982-07-04,1982,0.111056
1982-07-05,1982,0.071676
1982-07-06,1982,0.050851
1982-07-07,1982,0.034074
1982-07-08,1982,0.020272
1982-07-09,1982,0.011541
1982-07-10,1982,0.007450
1982-07-11,1982,0.003864
1982-07-12,1982,0.001439
1982-07-13,1982,0.000648
1982-07-14,1982,0.000000
1982-07-15,1982,0.000000
1982-07-16,1982,0.000000
1982-07-17,1982,0.000000
1982-07-18,1982,0.000000
1982-07-19,1982,0.000000
1982-07-20,1982,0.000000
1982-07-21,1982,0.000000
1982-07-22,1982,0.000000
1982-07-23,1982,0.000000
1982-07-24,1982,0.000000
1982-07-25,1982,0.000000
1982-07-26,1982,0.000000
1982-07-27,1982,0.000000
1982-07-28,1982,0.000000
1982-07-29,1982,0.000000
1982-07-30,1982,0.000000
1982-07-31,1982,0.000000
1982-08-01,1982,0.000000
1982-08-02,1982,0.000000
1982-08-03,1982,0.000000
1982-08-04,1982,0.000000
1982-08-05,1982,0.000000
1982-08-06,1982,0.000000
1982-08-07,1982,0.000000
1982-08-08,1982,0.000000
1982-08-09,1982,0.000000
1982-08-10,1982,0.000000
1982-08-11,1982,0.000000
1982-08-12,1982,0.000000
1982-08-13,1982,0.000000
1982-08-14,1982,0.000000
1982-08-15,1982,0.000000
1982-08-16,1982,0.000000
1982-08-17,1982,0.000000
1982-08-18,1982,0.000000
1982-08-19,1982,0.000000
1982-08-20,1982,0.000000
1982-08-21,1982,0.000000
1982-08-22,1982,0.000000
1982-08-23,1982,0.000000
1982-08-24,1982,0.000000
1982-08-25,1982,0.000000
1982-08-26,1982,0.000000
1982-08-27,1982,0.000000
1982-08-28,1982,0.000000
1982-08-29,1982,0.000000
1982-08-30,1982,0.000000
1982-08-31,1982,0.000000
1982-09-01,1982,0.000000
1982-09-02,1982,0.000000
1982-09-03,1982,0.000000
1982-09-04,1982,0.000000
1982-09-05,1982,0.000000
1982-09-06,1982,0.000000
1982-09-07,1982,0.000000
1982-09-08,1982,0.000000
1982-09-09,1982,0.000000
1982-09-10,1982,0.000000
1982-09-11,1982,0.000000
1982-09-12,1982,0.022428
1982-09-13,1982,0.143958
1982-09-14,1982,0.836403
1982-09-15,1982,0.625728
1982-09-16,1982,0.239282
1982-09-17,1982,0.090606
1982-09-18,1982,0.034207
1982-09-19,1982,0.013920
1982-09-20,1982,0.010220
1982-09-21,1982,0.006152
1982-09-22,1982,0.002487
1982-09-23,1982,0.000362
1982-09-24,1982,0.000000
1982-09-25,1982,0.000000
1982-09-26,1982,0.000000
1982-09-27,1982,0.000000
1982-09-28,1982,0.389254
1982-09-29,1982,0.765622
1982-09-30,1982,0.631797
1982-10-01,1983,0.586171
1982-10-02,1983,0.512472
1982-10-03,1983,0.397192
1982-10-04,1983,0.255416
1982-10-05,1983,0.155216
1982-10-06,1983,0.449035
1982-10-07,1983,0.371367
1982-10-08,1983,0.570793
1982-10-09,1983,1.297270
1982-10-10,1983,1.768198
1982-10-11,1983,2.037991
1982-10-12,1983,2.378535
1982-10-13,1983,2.343272
1982-10-14,1983,2.266711
1982-10-15,1983,1.775274
1982-10-16,1983,1.109417
1982-10-17,1983,0.766640
1982-10-18,1983,0.552919
1982-10-19,1983,0.607310
1982-10-20,1983,0.599647
1982-10-21,1983,0.533522
1982-10-22,1983,0.453190
1982-10-23,1983,0.360789
1982-10-24,1983,0.259408
1982-10-25,1983,0.206045
1982-10-26,1983,0.162820
1982-10-27,1983,0.923314
1982-10-28,1983,2.407954
1982-10-29,1983,2.370119
1982-10-30,1983,2.257140
1982-10-31,1983,2.409591
1982-11-01,1983,2.744794
1982-11-02,1983,3.075237
1982-11-03,1983,3.719969
1982-11-04,1983,3.607399
1982-11-05,1983,3.422585
1982-11-06,1983,3.125449
1982-11-07,1983,2.802073
1982-11-08,1983,2.550265
1982-11-09,1983,3.386834
1982-11-10,1983,3.897109
1982-11-11,1983,5.711848
1982-11-12,1983,7.105448
1982-11-13,1983,6.733585
1982-11-14,1983,6.459153
1982-11-15,1983,6.350009
1982-11-16,1983,5.928256
1982-11-17,1983,5.762937
1982-11-18,1983,5.551040
1982-11-19,1983,5.517422
1982-11-20,1983,6.864285
1982-11-21,1983,7.525231
1982-11-22,1983,7.259201
1982-11-23,1983,8.204896
1982-11-24,1983,8.137014
1982-11-25,1983,7.976649
1982-11-26,1983,7.906586
1982-11-27,1983,7.782158
1982-11-28,1983,7.697138
1982-11-29,1983,7.661530
1982-11-30,1983,8.884031
1982-12-01,1983,11.373067
1982-12-02,1983,12.940013
1982-12-03,1983,12.649714
1982-12-04,1983,12.324998
1982-12-05,1983,12.196286
1982-12-06,1983,12.228572
1982-12-07,1983,12.133264
1982-12-08,1983,11.774477
1982-12-09,1983,11.519009
1982-12-10,1983,11.958264
1982-12-11,1983,12.149118
1982-12-12,1983,11.772144
1982-12-13,1983,11.497402
1982-12-14,1983,12.525102
1982-12-15,1983,12.419808
1982-12-16,1983,12.551632
1982-12-17,1983,12.178558
1982-12-18,1983,11.792870
1982-12-19,1983,11.800433
1982-12-20,1983,11.518213
1982-12-21,1983,11.307141
1982-12-22,1983,11.058877
1982-12-23,1983,11.600341
1982-12-24,1983,14.716175
1982-12-25,1983,17.350103
1982-12-26,1983,15.970652
1982-12-27,1983,15.290800
1982-12-28,1983,15.733871
1982-12-29,1983,15.851281
1982-12-30,1983,15.587274
1982-12-31,1983,15.421374
1983-01-01,1983,15.139359
1983-01-02,1983,14.927160
1983-01-03,1983,14.744326
1983-01-04,1983,14.511195
1983-01-05,1983,14.446092
1983-01-06,1983,14.000671
1983-01-07,1983,13.645874
1983-01-08,1983,14.036553
1983-01-09,1983,14.188326
1983-01-10,1983,14.183497
1983-01-11,1983,14.057141
1983-01-12,1983,13.680241
1983-01-13,1983,13.449379
1983-01-14,1983,13.037799
1983-01-15,1983,12.825083
1983-01-16,1983,12.664055
1983-01-17,1983,12.678776
1983-01-18,1983,13.369755
1983-01-19,1983,14.029030
1983-01-20,1983,13.861455
1983-01-21,1983,14.587673
1983-01-22,1983,14.648036
1983-01-23,1983,14.492752
1983-01-24,1983,14.795803
1983-01-25,1983,15.214311
1983-01-26,1983,15.469919
1983-01-27,1983,15.318945
1983-01-28,1983,14.950754
1983-01-29,1983,15.868294
1983-01-30,1983,16.139570
1983-01-31,1983,16.156756
1983-02-01,1983,16.746074
1983-02-02,1983,17.070559
1983-02-03,1983,16.930047
1983-02-04,1983,17.334284
1983-02-05,1983,18.283625
1983-02-06,1983,18.275439
1983-02-07,1983,18.051762
1983-02-08,1983,18.425169
1983-02-09,1983,18.908003
1983-02-10,1983,18.932071
1983-02-11,1983,19.085183
1983-02-12,1983,18.736935
1983-02-13,1983,18.258530
1983-02-14,1983,18.163689
1983-02-15,1983,18.121867
1983-02-16,1983,17.687971
1983-02-17,1983,17.611633
1983-02-18,1983,17.226207
1983-02-19,1983,17.542883
1983-02-20,1983,19.215249
1983-02-21,1983,18.843791
1983-02-22,1983,18.425272
1983-02-23,1983,17.979019
1983-02-24,1983,17.494861
1983-02-25,1983,16.995666
1983-02-26,1983,16.867967
1983-02-27,1983,17.220028
1983-02-28,1983,17.536846
1983-03-01,1983,17.829156
1983-03-02,1983,16.850492
1983-03-03,1983,15.955392
1983-03-04,1983,16.002957
1983-03-05,1983,19.063285
1983-03-06,1983,21.406893
1983-03-07,1983,20.868862
1983-03-08,1983,20.590039
1983-03-09,1983,20.081108
1983-03-10,1983,19.138021
1983-03-11,1983,17.892717
1983-03-12,1983,16.723564
1983-03-13,1983,15.996381
1983-03-14,1983,15.374143
1983-03-15,1983,17.151493
1983-03-16,1983,20.055506
1983-03-17,1983,19.702634
1983-03-18,1983,20.763103
1983-03-19,1983,21.810214
1983-03-20,1983,22.632750
1983-03-21,1983,21.777317
1983-03-22,1983,21.912902
1983-03-23,1983,22.136063
1983-03-24,1983,22.304764
1983-03-25,1983,23.178648
1983-03-26,1983,23.698211
1983-03-27,1983,23.371687
1983-03-28,1983,23.099457
1983-03-29,1983,23.278330
1983-03-30,1983,22.320057
1983-03-31,1983,21.511837
1983-04-01,1983,22.918597
1983-04-02,1983,21.711741
1983-04-03,1983,22.970387
1983-04-04,1983,24.284928
1983-04-05,1983,24.705856
1983-04-06,1983,24.360671
1983-04-07,1983,23.699944
1983-04-08,1983,23.616024
1983-04-09,1983,23.604048
1983-04-10,1983,23.032646
1983-04-11,1983,22.001871
1983-04-12,1983,22.255163
1983-04-13,1983,23.601254
1983-04-14,1983,23.962800
1983-04-15,1983,23.689396
1983-04-16,1983,23.022688
1983-04-17,1983,22.272318
1983-04-18,1983,21.435539
1983-04-19,1983,20.423878
1983-04-20,1983,19.434683
1983-04-21,1983,19.027906
1983-04-22,1983,19.488755
1983-04-23,1983,18.986184
1983-04-24,1983,17.498039
1983-04-25,1983,16.165725
1983-04-26,1983,15.106732
1983-04-27,1983,14.751381
1983-04-28,1983,14.258497
1983-04-29,1983,13.498050
1983-04-30,1983,13.146940
1983-05-01,1983,13.554300
1983-05-02,1983,14.037050
1983-05-03,1983,14.168385
1983-05-04,1983,13.931473
1983-05-05,1983,12.882207
1983-05-06,1983,12.296459
1983-05-07,1983,12.134738
1983-05-08,1983,11.747656
1983-05-09,1983,11.125244
1983-05-10,1983,10.469561
1983-05-11,1983,9.913264
1983-05-12,1983,9.854075
1983-05-13,1983,9.808598
1983-05-14,1983,10.158443
1983-05-15,1983,11.169864
1983-05-16,1983,11.367047
1983-05-17,1983,13.593398
1983-05-18,1983,14.411274
1983-05-19,1983,13.803732
1983-05-20,1983,14.648013
1983-05-21,1983,14.409894
1983-05-22,1983,13.301574
1983-05-23,1983,12.286574
1983-05-24,1983,11.201646
1983-05-25,1983,10.202678
1983-05-26,1983,9.280850
1983-05-27,1983,8.417222
1983-05-28,1983,7.626394
1983-05-29,1983,6.840075
1983-05-30,1983,6.182780
1983-05-31,1983,5.919987
1983-06-01,1983,5.823673
1983-06-02,1983,5.055706
1983-06-03,1983,4.577813
1983-06-04,1983,4.192852
1983-06-05,1983,3.829234
1983-06-06,1983,3.606590
1983-06-07,1983,3.368960
1983-06-08,1983,3.127437
1983-06-09,1983,2.804371
1983-06-10,1983,2.503311
1983-06-11,1983,2.201486
1983-06-12,1983,1.904593
1983-06-13,1983,2.061333
1983-06-14,1983,2.243617
1983-06-15,1983,1.913618
1983-06-16,1983,1.587545
1983-06-17,1983,1.313090
1983-06-18,1983,1.070354
1983-06-19,1983,0.800127
1983-06-20,1983,0.592420
1983-06-21,1983,0.435483
1983-06-22,1983,0.337736
1983-06-23,1983,0.230615
1983-06-24,1983,0.155180
1983-06-25,1983,0.122469
1983-06-26,1983,0.097769
1983-06-27,1983,0.073182
1983-06-28,1983,0.054045
1983-06-29,1983,0.033545
1983-06-30,1983,0.021509
1983-07-01,1983,0.011956
1983-07-02,1983,0.005478
1983-07-03,1983,0.002880
1983-07-04,1983,0.001602
1983-07-05,1983,0.000606
1983-07-06,1983,0.000000
1983-07-07,1983,0.000000
1983-07-08,1983,0.000000
1983-07-09,1983,0.000000
1983-07-10,1983,0.000000
1983-07-11,1983,0.000000
1983-07-12,1983,0.000000
1983-07-13,1983,0.000000
1983-07-14,1983,0.000000
1983-07-15,1983,0.000000
1983-07-16,1983,0.000000
1983-07-17,1983,0.000000
1983-07-18,1983,0.000000
1983-07-19,1983,0.000000
1983-07-20,1983,0.000000
1983-07-21,1983,0.000000
1983-07-22,1983,0.000000
1983-07-23,1983,0.000000
1983-07-24,1983,0.000000
1983-07-25,1983,0.000000
1983-07-26,1983,0.000000
1983-07-27,1983,0.000000
1983-07-28,1983,0.000000
1983-07-29,1983,0.000000
1983-07-30,1983,0.000000
1983-07-31,1983,0.000000
1983-08-01,1983,0.000000
1983-08-02,1983,0.000000
1983-08-03,1983,0.000000
1983-08-04,1983,0.000000
1983-08-05,1983,0.000000
1983-08-06,1983,0.000000
1983-08-07,1983,0.000000
1983-08-08,1983,0.000000
1983-08-09,1983,0.000000
1983-08-10,1983,0.000000
1983-08-11,1983,0.000000
1983-08-12,1983,0.000000
1983-08-13,1983,0.000000
1983-08-14,1983,0.000000
1983-08-15,1983,0.000000
1983-08-16,1983,0.000000
1983-08-17,1983,0.000000
1983-08-18,1983,0.000000
1983-08-19,1983,0.000000
1983-08-20,1983,0.000000
1983-08-21,1983,0.000000
1983-08-22,1983,0.000000
1983-08-23,1983,0.000000
1983-08-24,1983,0.000000
1983-08-25,1983,0.000000
1983-08-26,1983,0.000000
1983-08-27,1983,0.000000
1983-08-28,1983,0.000000
1983-08-29,1983,0.000000
1983-08-30,1983,0.000000
1983-08-31,1983,0.000000
1983-09-01,1983,0.000000
1983-09-02,1983,0.000000
1983-09-03,1983,0.000000
1983-09-04,1983,0.000000
1983-09-05,1983,0.000000
1983-09-06,1983,0.000000
1983-09-07,1983,0.000000
1983-09-08,1983,0.000000
1983-09-09,1983,0.000000
1983-09-10,1983,0.000000
1983-09-11,1983,0.000000
1983-09-12,1983,0.000000
1983-09-13,1983,0.000000
1983-09-14,1983,0.000000
1983-09-15,1983,0.000000
1983-09-16,1983,0.000000
1983-09-17,1983,0.000000
1983-09-18,1983,0.000000
1983-09-19,1983,0.000000
1983-09-20,1983,0.048096
1983-09-21,1983,0.065906
1983-09-22,1983,0.040091
1983-09-23,1983,0.018543
1983-09-24,1983,0.005219
1983-09-25,1983,0.000869
1983-09-26,1983,0.000000
1983-09-27,1983,0.007507
1983-09-28,1983,0.004797
1983-09-29,1983,0.002557
1983-09-30,1983,0.002782
1983-10-01,1984,0.013134
1983-10-02,1984,0.039640
1983-10-03,1984,0.108806
1983-10-04,1984,0.361759
1983-10-05,1984,0.253799
1983-10-06,1984,0.167888
1983-10-07,1984,0.089195
1983-10-08,1984,0.052044
1983-10-09,1984,0.041677
1983-10-10,1984,0.023757
1983-10-11,1984,0.312532
1983-10-12,1984,0.479774
1983-10-13,1984,0.397352
1983-10-14,1984,0.505800
1983-10-15,1984,0.845826
1983-10-16,1984,0.802925
1983-10-17,1984,0.678717
1983-10-18,1984,0.542844
1983-10-19,1984,0.519881
1983-10-20,1984,0.460945
1983-10-21,1984,0.366635
1983-10-22,1984,0.256752
1983-10-23,1984,0.179692
1983-10-24,1984,0.161113
1983-10-25,1984,0.357605
1983-10-26,1984,0.273943
1983-10-27,1984,0.185771
1983-10-28,1984,0.123550
1983-10-29,1984,0.090200
1983-10-30,1984,0.067981
1983-10-31,1984,0.068391
1983-11-01,1984,0.067901
1983-11-02,1984,0.059462
1983-11-03,1984,0.054726
1983-11-04,1984,0.043243
1983-11-05,1984,0.030008
1983-11-06,1984,0.036282
1983-11-07,1984,0.028576
1983-11-08,1984,0.159498
1983-11-09,1984,3.510035
1983-11-10,1984,2.924764
1983-11-11,1984,2.649781
1983-11-12,1984,2.723196
1983-11-13,1984,2.957637
1983-11-14,1984,4.057589
1983-11-15,1984,4.206423
1983-11-16,1984,3.625550
1983-11-17,1984,3.377986
1983-11-18,1984,4.399809
1983-11-19,1984,7.470292
1983-11-20,1984,7.952585
1983-11-21,1984,9.706020
1983-11-22,1984,11.651777
1983-11-23,1984,11.650924
1983-11-24,1984,11.638428
1983-11-25,1984,11.784967
1983-11-26,1984,13.749593
1983-11-27,1984,15.265038
1983-11-28,1984,14.839430
1983-11-29,1984,14.707537
1983-11-30,1984,14.731996
1983-12-01,1984,14.463135
1983-12-02,1984,15.286994
1983-12-03,1984,15.701372
1983-12-04,1984,16.781059
1983-12-05,1984,17.572457
1983-12-06,1984,17.439709
1983-12-07,1984,17.241881
1983-12-08,1984,16.344765
1983-12-09,1984,16.257446
1983-12-10,1984,15.768371
1983-12-11,1984,15.721363
1983-12-12,1984,15.686433
1983-12-13,1984,16.145727
1983-12-14,1984,17.759589
1983-12-15,1984,19.233063
1983-12-16,1984,19.816689
1983-12-17,1984,19.436613
1983-12-18,1984,19.746111
1983-12-19,1984,20.204083
1983-12-20,1984,20.851906
1983-12-21,1984,22.972943
1983-12-22,1984,23.850411
1983-12-23,1984,24.718047
1983-12-24,1984,27.246441
1983-12-25,1984,28.891237
1983-12-26,1984,28.599470
1983-12-27,1984,27.876198
1983-12-28,1984,30.015648
1983-12-29,1984,29.437096
1983-12-30,1984,28.836856
1983-12-31,1984,28.111487
1984-01-01,1984,27.657036
1984-01-02,1984,26.841252
1984-01-03,1984,26.248506
1984-01-04,1984,25.785428
1984-01-05,1984,25.166909
1984-01-06,1984,24.567931
1984-01-07,1984,24.225236
1984-01-08,1984,23.830546
1984-01-09,1984,23.480627
1984-01-10,1984,23.345005
1984-01-11,1984,23.111277
1984-01-12,1984,24.709308
1984-01-13,1984,24.458426
1984-01-14,1984,26.785127
1984-01-15,1984,27.507070
1984-01-16,1984,26.972464
1984-01-17,1984,26.975442
1984-01-18,1984,27.939893
1984-01-19,1984,27.643329
1984-01-20,1984,27.403090
1984-01-21,1984,27.000661
1984-01-22,1984,26.777795
1984-01-23,1984,26.550934
1984-01-24,1984,26.399939
1984-01-25,1984,26.157787
1984-01-26,1984,26.124811
1984-01-27,1984,25.916840
1984-01-28,1984,25.720237
1984-01-29,1984,25.229638
1984-01-30,1984,24.975455
1984-01-31,1984,24.712859
1984-02-01,1984,24.428213
1984-02-02,1984,24.150082
1984-02-03,1984,23.928319
1984-02-04,1984,23.697912
1984-02-05,1984,23.475711
1984-02-06,1984,23.261005
1984-02-07,1984,22.992222
1984-02-08,1984,23.734300
1984-02-09,1984,23.303165
1984-02-10,1984,23.052761
1984-02-11,1984,24.535142
1984-02-12,1984,24.869869
1984-02-13,1984,24.756348
1984-02-14,1984,24.407625
1984-02-15,1984,25.932626
1984-02-16,1984,25.550935
1984-02-17,1984,25.539476
1984-02-18,1984,26.770617
1984-02-19,1984,26.664486
1984-02-20,1984,26.628567
1984-02-21,1984,26.153769
1984-02-22,1984,25.638086
1984-02-23,1984,25.559219
1984-02-24,1984,25.381247
1984-02-25,1984,25.683784
1984-02-26,1984,27.784493
1984-02-27,1984,28.124985
1984-02-28,1984,27.090257
1984-02-29,1984,26.707624
1984-03-01,1984,26.224803
1984-03-02,1984,25.970720
1984-03-03,1984,26.260826
1984-03-04,1984,26.679995
1984-03-05,1984,27.731696
1984-03-06,1984,27.215221
1984-03-07,1984,27.025829
1984-03-08,1984,26.766410
1984-03-09,1984,26.207015
1984-03-10,1984,25.917054
1984-03-11,1984,25.193719
1984-03-12,1984,25.708144
1984-03-13,1984,25.380315
1984-03-14,1984,25.032193
1984-03-15,1984,25.448494
1984-03-16,1984,25.371322
1984-03-17,1984,25.506541
1984-03-18,1984,25.954029
1984-03-19,1984,26.796627
1984-03-20,1984,26.136048
1984-03-21,1984,25.386733
1984-03-22,1984,25.358375
1984-03-23,1984,27.629826
1984-03-24,1984,26.945489
1984-03-25,1984,26.481332
1984-03-26,1984,27.648600
1984-03-27,1984,28.465123
1984-03-28,1984,29.479907
1984-03-29,1984,28.539811
1984-03-30,1984,28.588526
1984-03-31,1984,29.928795
1984-04-01,1984,29.392904
1984-04-02,1984,29.706698
1984-04-03,1984,29.579878
1984-04-04,1984,28.985814
1984-04-05,1984,28.018611
1984-04-06,1984,27.150091
1984-04-07,1984,26.196244
1984-04-08,1984,25.468142
1984-04-09,1984,24.490435
1984-04-10,1984,25.318171
1984-04-11,1984,25.458784
1984-04-12,1984,25.700810
1984-04-13,1984,25.504992
1984-04-14,1984,25.130920
1984-04-15,1984,24.111323
1984-04-16,1984,23.296692
1984-04-17,1984,22.460602
1984-04-18,1984,20.911480
1984-04-19,1984,19.846904
1984-04-20,1984,20.525700
1984-04-21,1984,23.328065
1984-04-22,1984,22.810700
1984-04-23,1984,21.524190
1984-04-24,1984,20.810465
1984-04-25,1984,20.105653
1984-04-26,1984,21.297782
1984-04-27,1984,22.045150
1984-04-28,1984,22.158879
1984-04-29,1984,24.769039
1984-04-30,1984,24.504337
1984-05-01,1984,23.987583
1984-05-02,1984,23.336036
1984-05-03,1984,22.885635
1984-05-04,1984,22.185815
1984-05-05,1984,21.917221
1984-05-06,1984,21.658231
1984-05-07,1984,21.580722
1984-05-08,1984,21.415371
1984-05-09,1984,20.639924
1984-05-10,1984,19.483586
1984-05-11,1984,18.182906
1984-05-12,1984,16.730659
1984-05-13,1984,15.216105
1984-05-14,1984,13.762035
1984-05-15,1984,12.301593
1984-05-16,1984,11.102824
1984-05-17,1984,10.156512
1984-05-18,1984,9.227841
1984-05-19,1984,8.657356
1984-05-20,1984,8.120092
1984-05-21,1984,7.210215
1984-05-22,1984,6.448872
1984-05-23,1984,5.723420
1984-05-24,1984,4.972601
1984-05-25,1984,4.300740
1984-05-26,1984,3.929518
1984-05-27,1984,3.495202
1984-05-28,1984,3.193007
1984-05-29,1984,2.880180
1984-05-30,1984,2.484263
1984-05-31,1984,2.093474
1984-06-01,1984,1.726085
1984-06-02,1984,1.465653
1984-06-03,1984,1.209223
1984-06-04,1984,1.029580
1984-06-05,1984,0.862985
1984-06-06,1984,0.991615
1984-06-07,1984,1.520309
1984-06-08,1984,1.867260
1984-06-09,1984,1.865135
1984-06-10,1984,1.662589
1984-06-11,1984,1.190766
1984-06-12,1984,0.896631
1984-06-13,1984,0.673245
1984-06-14,1984,0.486972
1984-06-15,1984,0.357827
1984-06-16,1984,0.277740
1984-06-17,1984,0.207268
1984-06-18,1984,0.174964
1984-06-19,1984,0.130313
1984-06-20,1984,0.090528
1984-06-21,1984,0.054089
1984-06-22,1984,0.030372
1984-06-23,1984,0.017525
1984-06-24,1984,0.009624
1984-06-25,1984,0.005081
1984-06-26,1984,0.002691
1984-06-27,1984,0.001274
1984-06-28,1984,0.000000
1984-06-29,1984,0.000000
1984-06-30,1984,0.000000
1984-07-01,1984,0.000000
1984-07-02,1984,0.000000
1984-07-03,1984,0.000000
1984-07-04,1984,0.000000
1984-07-05,1984,0.000000
1984-07-06,1984,0.000000
1984-07-07,1984,0.000000
1984-07-08,1984,0.000000
1984-07-09,1984,0.000000
1984-07-10,1984,0.000000
1984-07-11,1984,0.000000
1984-07-12,1984,0.000000
1984-07-13,1984,0.000000
1984-07-14,1984,0.000000
1984-07-15,1984,0.000000
1984-07-16,1984,0.000000
1984-07-17,1984,0.000000
1984-07-18,1984,0.000000
1984-07-19,1984,0.000000
1984-07-20,1984,0.000000
1984-07-21,1984,0.000000
1984-07-22,1984,0.000000
1984-07-23,1984,0.000000
1984-07-24,1984,0.000000
1984-07-25,1984,0.000000
1984-07-26,1984,0.000000
1984-07-27,1984,0.000000
1984-07-28,1984,0.000000
1984-07-29,1984,0.000000
1984-07-30,1984,0.000000
1984-07-31,1984,0.000000
1984-08-01,1984,0.000000
1984-08-02,1984,0.000000
1984-08-03,1984,0.000000
1984-08-04,1984,0.000000
1984-08-05,1984,0.000000
1984-08-06,1984,0.000000
1984-08-07,1984,0.000000
1984-08-08,1984,0.000000
1984-08-09,1984,0.000000
1984-08-10,1984,0.000000
1984-08-11,1984,0.000000
1984-08-12,1984,0.000000
1984-08-13,1984,0.000000
1984-08-14,1984,0.000000
1984-08-15,1984,0.000000
1984-08-16,1984,0.000000
1984-08-17,1984,0.000000
1984-08-18,1984,0.000000
1984-08-19,1984,0.000000
1984-08-20,1984,0.000000
1984-08-21,1984,0.000000
1984-08-22,1984,0.000000
1984-08-23,1984,0.000000
1984-08-24,1984,0.000000
1984-08-25,1984,0.000000
1984-08-26,1984,0.000000
1984-08-27,1984,0.000000
1984-08-28,1984,0.000000
1984-08-29,1984,0.000000
1984-08-30,1984,0.000000
1984-08-31,1984,0.000000
1984-09-01,1984,0.000000
1984-09-02,1984,0.000000
1984-09-03,1984,0.000000
1984-09-04,1984,0.000000
1984-09-05,1984,0.000000
1984-09-06,1984,0.000000
1984-09-07,1984,0.000000
1984-09-08,1984,0.008688
1984-09-09,1984,0.004171
1984-09-10,1984,0.000342
1984-09-11,1984,0.000000
1984-09-12,1984,0.000000
1984-09-13,1984,0.000000
1984-09-14,1984,0.000000
1984-09-15,1984,0.000000
1984-09-16,1984,0.000000
1984-09-17,1984,0.000000
1984-09-18,1984,0.000000
1984-09-19,1984,0.000000
1984-09-20,1984,0.000000
1984-09-21,1984,0.000698
1984-09-22,1984,0.001276
1984-09-23,1984,0.000092
1984-09-24,1984,0.002011
1984-09-25,1984,0.611292
1984-09-26,1984,0.450362
1984-09-27,1984,0.275320
1984-09-28,1984,0.406680
1984-09-29,1984,1.016075
1984-09-30,1984,0.866215
1984-10-01,1985,0.575395
1984-10-02,1985,0.412626
1984-10-03,1985,0.257275
1984-10-04,1985,0.749350
1984-10-05,1985,0.972565
1984-10-06,1985,0.831041
1984-10-07,1985,0.613237
1984-10-08,1985,0.438567
1984-10-09,1985,0.342662
1984-10-10,1985,0.264293
1984-10-11,1985,0.192380
1984-10-12,1985,0.154453
1984-10-13,1985,0.649631
1984-10-14,1985,0.842390
1984-10-15,1985,2.187753
1984-10-16,1985,6.170259
1984-10-17,1985,6.483037
1984-10-18,1985,8.607466
1984-10-19,1985,9.038012
1984-10-20,1985,9.468622
1984-10-21,1985,9.515900
1984-10-22,1985,9.783620
1984-10-23,1985,10.140983
1984-10-24,1985,10.641114
1984-10-25,1985,10.659305
1984-10-26,1985,10.169610
1984-10-27,1985,9.871815
1984-10-28,1985,10.697652
1984-10-29,1985,10.279163
1984-10-30,1985,9.527970
1984-10-31,1985,8.806096
1984-11-01,1985,8.823465
1984-11-02,1985,8.403872
1984-11-03,1985,7.849579
1984-11-04,1985,7.699524
1984-11-05,1985,7.530196
1984-11-06,1985,7.248266
1984-11-07,1985,6.820898
1984-11-08,1985,6.697232
1984-11-09,1985,7.633341
1984-11-10,1985,8.714496
1984-11-11,1985,8.590784
1984-11-12,1985,8.360596
1984-11-13,1985,8.002000
1984-11-14,1985,8.060583
1984-11-15,1985,8.450017
1984-11-16,1985,8.332191
1984-11-17,1985,8.581987
1984-11-18,1985,9.232565
1984-11-19,1985,9.164559
1984-11-20,1985,9.077940
1984-11-21,1985,8.962913
1984-11-22,1985,8.801243
1984-11-23,1985,8.602719
1984-11-24,1985,8.699265
1984-11-25,1985,9.168697
1984-11-26,1985,11.188792
1984-11-27,1985,11.859041
1984-11-28,1985,11.754071
1984-11-29,1985,12.393274
1984-11-30,1985,12.713865
1984-12-01,1985,12.705137
1984-12-02,1985,13.799456
1984-12-03,1985,13.786541
1984-12-04,1985,13.593370
1984-12-05,1985,13.448507
1984-12-06,1985,13.272919
1984-12-07,1985,13.063718
1984-12-08,1985,12.720578
1984-12-09,1985,13.210578
1984-12-10,1985,12.786416
1984-12-11,1985,12.817055
1984-12-12,1985,14.906728
1984-12-13,1985,16.601581
1984-12-14,1985,18.406836
1984-12-15,1985,18.858439
1984-12-16,1985,18.726601
1984-12-17,1985,19.221994
1984-12-18,1985,18.950821
1984-12-19,1985,19.054036
1984-12-20,1985,19.801247
1984-12-21,1985,21.486219
1984-12-22,1985,21.323234
1984-12-23,1985,20.947285
1984-12-24,1985,20.591656
1984-12-25,1985,20.284201
1984-12-26,1985,19.954863
1984-12-27,1985,19.981461
1984-12-28,1985,21.980384
1984-12-29,1985,22.032498
1984-12-30,1985,21.495298
1984-12-31,1985,21.198539
1985-01-01,1985,21.772210
1985-01-02,1985,21.821204
1985-01-03,1985,21.566056
1985-01-04,1985,21.329437
1985-01-05,1985,21.056241
1985-01-06,1985,20.738309
1985-01-07,1985,20.435293
1985-01-08,1985,21.138549
1985-01-09,1985,22.650445
1985-01-10,1985,22.686920
1985-01-11,1985,22.608791
1985-01-12,1985,22.935853
1985-01-13,1985,22.645863
1985-01-14,1985,22.298635
1985-01-15,1985,22.005059
1985-01-16,1985,22.044242
1985-01-17,1985,21.784428
1985-01-18,1985,21.420259
1985-01-19,1985,21.118702
1985-01-20,1985,21.329967
1985-01-21,1985,21.779491
1985-01-22,1985,24.367608
1985-01-23,1985,24.106468
1985-01-24,1985,23.730820
1985-01-25,1985,23.371814
1985-01-26,1985,23.004546
1985-01-27,1985,23.143745
1985-01-28,1985,24.075059
1985-01-29,1985,24.837906
1985-01-30,1985,26.025545
1985-01-31,1985,26.812907
1985-02-01,1985,26.879518
1985-02-02,1985,26.700026
1985-02-03,1985,27.054084
1985-02-04,1985,27.998524
1985-02-05,1985,28.241518
1985-02-06,1985,28.112387
1985-02-07,1985,27.974991
1985-02-08,1985,27.605407
1985-02-09,1985,27.547706
1985-02-10,1985,28.768735
1985-02-11,1985,28.478637
1985-02-12,1985,27.884209
1985-02-13,1985,27.307677
1985-02-14,1985,26.721507
1985-02-15,1985,26.149230
1985-02-16,1985,25.437654
1985-02-17,1985,24.862610
1985-02-18,1985,24.865363
1985-02-19,1985,24.484931
1985-02-20,1985,24.179916
1985-02-21,1985,24.054649
1985-02-22,1985,23.745652
1985-02-23,1985,25.190304
1985-02-24,1985,25.292103
1985-02-25,1985,24.964812
1985-02-26,1985,25.918220
1985-02-27,1985,25.453036
1985-02-28,1985,25.017159
1985-03-01,1985,24.481937
1985-03-02,1985,23.998863
1985-03-03,1985,24.501478
1985-03-04,1985,25.893480
1985-03-05,1985,25.627807
1985-03-06,1985,25.253548
1985-03-07,1985,25.194700
1985-03-08,1985,24.767110
1985-03-09,1985,24.318769
1985-03-10,1985,23.799461
1985-03-11,1985,24.071870
1985-03-12,1985,24.739596
1985-03-13,1985,25.416401
1985-03-14,1985,24.964924
1985-03-15,1985,24.481423
1985-03-16,1985,24.902956
1985-03-17,1985,24.606049
1985-03-18,1985,24.007463
1985-03-19,1985,23.481745
1985-03-20,1985,23.723900
1985-03-21,1985,23.185326
1985-03-22,1985,23.195204
1985-03-23,1985,23.124863
1985-03-24,1985,22.927851
1985-03-25,1985,22.303167
1985-03-26,1985,21.653396
1985-03-27,1985,21.827662
1985-03-28,1985,25.221211
1985-03-29,1985,27.557414
1985-03-30,1985,30.625664
1985-03-31,1985,30.224137
1985-04-01,1985,29.908591
1985-04-02,1985,29.019371
1985-04-03,1985,27.675604
1985-04-04,1985,26.394708
1985-04-05,1985,26.497811
1985-04-06,1985,25.871188
1985-04-07,1985,24.930960
1985-04-08,1985,23.978896
1985-04-09,1985,22.941085
1985-04-10,1985,21.967863
1985-04-11,1985,20.961140
1985-04-12,1985,19.984476
1985-04-13,1985,19.074678
1985-04-14,1985,18.305675
1985-04-15,1985,17.426377
1985-04-16,1985,16.335565
1985-04-17,1985,15.269573
1985-04-18,1985,14.324374
1985-04-19,1985,14.448201
1985-04-20,1985,15.320517
1985-04-21,1985,17.045372
1985-04-22,1985,18.723977
1985-04-23,1985,19.166823
1985-04-24,1985,18.818089
1985-04-25,1985,19.038328
1985-04-26,1985,20.144098
1985-04-27,1985,20.522537
1985-04-28,1985,19.280409
1985-04-29,1985,18.898089
1985-04-30,1985,17.953726
1985-05-01,1985,16.788456
1985-05-02,1985,15.688139
1985-05-03,1985,14.611109
1985-05-04,1985,13.533725
1985-05-05,1985,12.686365
1985-05-06,1985,11.897305
1985-05-07,1985,11.143373
1985-05-08,1985,10.295686
1985-05-09,1985,9.551570
1985-05-10,1985,8.851781
1985-05-11,1985,8.379482
1985-05-12,1985,8.391752
1985-05-13,1985,9.768593
1985-05-14,1985,10.404527
1985-05-15,1985,9.857910
1985-05-16,1985,9.181620
1985-05-17,1985,8.635243
1985-05-18,1985,8.109884
1985-05-19,1985,7.686865
1985-05-20,1985,7.314500
1985-05-21,1985,6.985893
1985-05-22,1985,6.912149
1985-05-23,1985,6.633116
1985-05-24,1985,6.186987
1985-05-25,1985,5.720594
1985-05-26,1985,5.180899
1985-05-27,1985,4.707625
1985-05-28,1985,4.339419
1985-05-29,1985,3.946747
1985-05-30,1985,3.616187
1985-05-31,1985,3.460779
1985-06-01,1985,3.252205
1985-06-02,1985,3.053265
1985-06-03,1985,2.828980
1985-06-04,1985,2.615423
1985-06-05,1985,2.430963
1985-06-06,1985,2.153069
1985-06-07,1985,1.832214
1985-06-08,1985,1.515578
1985-06-09,1985,1.204070
1985-06-10,1985,0.996795
1985-06-11,1985,0.848005
1985-06-12,1985,0.726891
1985-06-13,1985,0.620828
1985-06-14,1985,0.527387
1985-06-15,1985,0.466563
1985-06-16,1985,0.403437
1985-06-17,1985,0.363498
1985-06-18,1985,0.309372
1985-06-19,1985,0.250630
1985-06-20,1985,0.196958
1985-06-21,1985,0.136304
1985-06-22,1985,0.087888
1985-06-23,1985,0.051620
1985-06-24,1985,0.027685
1985-06-25,1985,0.015062
1985-06-26,1985,0.087825
1985-06-27,1985,0.090940
1985-06-28,1985,0.040363
1985-06-29,1985,0.012874
1985-06-30,1985,0.003077
1985-07-01,1985,0.000733
1985-07-02,1985,0.000000
1985-07-03,1985,0.000000
1985-07-04,1985,0.000000
1985-07-05,1985,0.000000
1985-07-06,1985,0.000000
1985-07-07,1985,0.000000
1985-07-08,1985,0.000000
1985-07-09,1985,0.000000
1985-07-10,1985,0.000000
1985-07-11,1985,0.000000
1985-07-12,1985,0.000000
1985-07-13,1985,0.000000
1985-07-14,1985,0.000000
1985-07-15,1985,0.000000
1985-07-16,1985,0.000000
1985-07-17,1985,0.000000
1985-07-18,1985,0.000000
1985-07-19,1985,0.000000
1985-07-20,1985,0.000000
1985-07-21,1985,0.000000
1985-07-22,1985,0.000000
1985-07-23,1985,0.000000
1985-07-24,1985,0.000000
1985-07-25,1985,0.000000
1985-07-26,1985,0.000000
1985-07-27,1985,0.000000
1985-07-28,1985,0.000000
1985-07-29,1985,0.000000
1985-07-30,1985,0.000000
1985-07-31,1985,0.000000
1985-08-01,1985,0.000000
1985-08-02,1985,0.000000
1985-08-03,1985,0.000000
1985-08-04,1985,0.000000
1985-08-05,1985,0.000000
1985-08-06,1985,0.000000
1985-08-07,1985,0.000000
1985-08-08,1985,0.000000
1985-08-09,1985,0.000000
1985-08-10,1985,0.000000
1985-08-11,1985,0.000000
1985-08-12,1985,0.002428
1985-08-13,1985,0.001354
1985-08-14,1985,0.000164
1985-08-15,1985,0.000000
1985-08-16,1985,0.000000
1985-08-17,1985,0.000000
1985-08-18,1985,0.000000
1985-08-19,1985,0.000000
1985-08-20,1985,0.000000
1985-08-21,1985,0.000000
1985-08-22,1985,0.000000
1985-08-23,1985,0.000000
1985-08-24,1985,0.000000
1985-08-25,1985,0.000000
1985-08-26,1985,0.000000
1985-08-27,1985,0.000000
1985-08-28,1985,0.000000
1985-08-29,1985,0.000000
1985-08-30,1985,0.000000
1985-08-31,1985,0.000000
1985-09-01,1985,0.000000
1985-09-02,1985,0.000000
1985-09-03,1985,0.000000
1985-09-04,1985,0.000000
1985-09-05,1985,0.000000
1985-09-06,1985,0.000000
1985-09-07,1985,0.002304
1985-09-08,1985,0.018244
1985-09-09,1985,0.007401
1985-09-10,1985,0.003343
1985-09-11,1985,0.001424
1985-09-12,1985,0.001183
1985-09-13,1985,0.000508
1985-09-14,1985,0.000000
1985-09-15,1985,0.000000
1985-09-16,1985,0.000000
1985-09-17,1985,0.000000
1985-09-18,1985,0.000000
1985-09-19,1985,0.001963
1985-09-20,1985,0.001202
1985-09-21,1985,0.656837
1985-09-22,1985,0.687431
1985-09-23,1985,1.012096
1985-09-24,1985,0.908461
1985-09-25,1985,0.890145
1985-09-26,1985,0.884761
1985-09-27,1985,0.606721
1985-09-28,1985,0.578104
1985-09-29,1985,2.111472
1985-09-30,1985,1.923352
1985-10-01,1986,1.678252
1985-10-02,1986,1.370471
1985-10-03,1986,1.171445
1985-10-04,1986,0.816603
1985-10-05,1986,0.688846
1985-10-06,1986,0.488717
1985-10-07,1986,0.598433
1985-10-08,1986,1.504194
1985-10-09,1986,2.625826
1985-10-10,1986,1.927586
1985-10-11,1986,1.765380
1985-10-12,1986,1.899829
1985-10-13,1986,1.930819
1985-10-14,1986,2.747715
1985-10-15,1986,2.619157
1985-10-16,1986,2.273195
1985-10-17,1986,1.901860
1985-10-18,1986,1.717809
1985-10-19,1986,1.472310
1985-10-20,1986,1.219600
1985-10-21,1986,1.012252
1985-10-22,1986,0.867866
1985-10-23,1986,1.100019
1985-10-24,1986,0.989788
1985-10-25,1986,0.834848
1985-10-26,1986,0.671646
1985-10-27,1986,0.558869
1985-10-28,1986,0.468131
1985-10-29,1986,0.408411
1985-10-30,1986,0.427514
1985-10-31,1986,0.430467
1985-11-01,1986,1.627304
1985-11-02,1986,1.613526
1985-11-03,1986,1.510065
1985-11-04,1986,1.268465
1985-11-05,1986,1.015767
1985-11-06,1986,1.324663
1985-11-07,1986,1.442380
1985-11-08,1986,1.573474
1985-11-09,1986,3.268287
1985-11-10,1986,5.029652
1985-11-11,1986,4.934241
1985-11-12,1986,5.387833
1985-11-13,1986,6.014469
1985-11-14,1986,7.011637
1985-11-15,1986,8.573798
1985-11-16,1986,8.056363
1985-11-17,1986,8.080079
1985-11-18,1986,9.605772
1985-11-19,1986,11.328046
1985-11-20,1986,10.935360
1985-11-21,1986,11.051493
1985-11-22,1986,11.689754
1985-11-23,1986,11.488919
1985-11-24,1986,11.934932
1985-11-25,1986,11.798228
1985-11-26,1986,12.988545
1985-11-27,1986,12.614533
1985-11-28,1986,10.918421
1985-11-29,1986,12.260959
1985-11-30,1986,15.276203
1985-12-01,1986,16.172612
1985-12-02,1986,16.048766
1985-12-03,1986,17.559189
1985-12-04,1986,17.460090
1985-12-05,1986,16.957248
1985-12-06,1986,16.502581
1985-12-07,1986,16.100226
1985-12-08,1986,16.029324
1985-12-09,1986,17.863326
1985-12-10,1986,19.828825
1985-12-11,1986,21.480104
1985-12-12,1986,20.935414
1985-12-13,1986,20.947371
1985-12-14,1986,20.535832
1985-12-15,1986,20.162069
1985-12-16,1986,19.827574
1985-12-17,1986,19.506614
1985-12-18,1986,19.178776
1985-12-19,1986,18.828631
1985-12-20,1986,18.496296
1985-12-21,1986,18.154025
1985-12-22,1986,17.777178
1985-12-23,1986,17.469042
1985-12-24,1986,17.276260
1985-12-25,1986,17.076641
1985-12-26,1986,16.800891
1985-12-27,1986,16.562835
1985-12-28,1986,16.349493
1985-12-29,1986,16.112209
1985-12-30,1986,15.932827
1985-12-31,1986,16.771888
1986-01-01,1986,16.308696
1986-01-02,1986,16.147654
1986-01-03,1986,15.937473
1986-01-04,1986,16.060323
1986-01-05,1986,15.911757
1986-01-06,1986,16.404446
1986-01-07,1986,18.168457
1986-01-08,1986,17.883085
1986-01-09,1986,17.603983
1986-01-10,1986,17.236298
1986-01-11,1986,16.898997
1986-01-12,1986,16.495580
1986-01-13,1986,16.199614
1986-01-14,1986,15.934503
1986-01-15,1986,14.487819
1986-01-16,1986,14.597691
1986-01-17,1986,14.356747
1986-01-18,1986,14.207661
1986-01-19,1986,13.880644
1986-01-20,1986,13.503414
1986-01-21,1986,13.761751
1986-01-22,1986,13.642798
1986-01-23,1986,13.492285
1986-01-24,1986,13.376324
1986-01-25,1986,13.372517
1986-01-26,1986,13.256466
1986-01-27,1986,13.103885
1986-01-28,1986,12.874373
1986-01-29,1986,12.669316
1986-01-30,1986,12.238694
1986-01-31,1986,11.985389
1986-02-01,1986,12.095487
1986-02-02,1986,11.901039
1986-02-03,1986,11.927189
1986-02-04,1986,12.507464
1986-02-05,1986,12.663308
1986-02-06,1986,12.822417
1986-02-07,1986,14.946490
1986-02-08,1986,15.765143
1986-02-09,1986,16.570072
1986-02-10,1986,16.194569
1986-02-11,1986,16.684274
1986-02-12,1986,17.675894
1986-02-13,1986,17.923907
1986-02-14,1986,19.314061
1986-02-15,1986,18.932753
1986-02-16,1986,20.588858
1986-02-17,1986,20.878166
1986-02-18,1986,20.698086
1986-02-19,1986,18.672878
1986-02-20,1986,19.636313
1986-02-21,1986,20.353787
1986-02-22,1986,20.040518
1986-02-23,1986,19.703768
1986-02-24,1986,19.300156
1986-02-25,1986,18.239569
1986-02-26,1986,17.191507
1986-02-27,1986,16.390389
1986-02-28,1986,15.947202
1986-03-01,1986,14.783562
1986-03-02,1986,14.302222
1986-03-03,1986,13.863617
1986-03-04,1986,13.122968
1986-03-05,1986,12.557356
1986-03-06,1986,12.207363
1986-03-07,1986,11.891573
1986-03-08,1986,11.567862
1986-03-09,1986,11.855955
1986-03-10,1986,13.672137
1986-03-11,1986,14.758411
1986-03-12,1986,15.510307
1986-03-13,1986,15.944311
1986-03-14,1986,16.015804
1986-03-15,1986,16.452877
1986-03-16,1986,16.199778
1986-03-17,1986,17.543121
1986-03-18,1986,18.595233
1986-03-19,1986,18.910082
1986-03-20,1986,19.305965
1986-03-21,1986,18.842643
1986-03-22,1986,18.024191
1986-03-23,1986,17.082222
1986-03-24,1986,15.853056
1986-03-25,1986,14.708258
1986-03-26,1986,14.369613
1986-03-27,1986,13.726763
1986-03-28,1986,13.031518
1986-03-29,1986,12.339422
1986-03-30,1986,11.695125
1986-03-31,1986,11.070415
1986-04-01,1986,10.454498
1986-04-02,1986,11.224304
1986-04-03,1986,14.146725
1986-04-04,1986,16.075500
1986-04-05,1986,14.258461
1986-04-06,1986,13.507081
1986-04-07,1986,12.564825
1986-04-08,1986,11.701325
1986-04-09,1986,11.586822
1986-04-10,1986,10.959184
1986-04-11,1986,10.428242
1986-04-12,1986,10.381453
1986-04-13,1986,10.558845
1986-04-14,1986,11.479306
1986-04-15,1986,11.300726
1986-04-16,1986,10.924011
1986-04-17,1986,11.287477
1986-04-18,1986,12.901319
1986-04-19,1986,13.461193
1986-04-20,1986,13.066565
1986-04-21,1986,12.200400
1986-04-22,1986,11.227143
1986-04-23,1986,10.380041
1986-04-24,1986,9.851736
1986-04-25,1986,9.676460
1986-04-26,1986,10.685691
1986-04-27,1986,11.701696
1986-04-28,1986,11.549886
1986-04-29,1986,10.851228
1986-04-30,1986,10.100016
1986-05-01,1986,9.575735
1986-05-02,1986,8.993869
1986-05-03,1986,8.341467
1986-05-04,1986,7.669409
1986-05-05,1986,6.993780
1986-05-06,1986,6.964800
1986-05-07,1986,6.774699
1986-05-08,1986,7.808700
1986-05-09,1986,8.510638
1986-05-10,1986,8.801382
1986-05-11,1986,8.194066
1986-05-12,1986,7.631490
1986-05-13,1986,7.280531
1986-05-14,1986,6.933492
1986-05-15,1986,6.738657
1986-05-16,1986,7.760183
1986-05-17,1986,8.959619
1986-05-18,1986,8.505741
1986-05-19,1986,7.650923
1986-05-20,1986,6.870914
1986-05-21,1986,6.261968
1986-05-22,1986,5.775793
1986-05-23,1986,5.534816
1986-05-24,1986,5.266427
1986-05-25,1986,4.983633
1986-05-26,1986,4.615469
1986-05-27,1986,4.280356
1986-05-28,1986,4.076004
1986-05-29,1986,3.913274
1986-05-30,1986,3.794372
1986-05-31,1986,3.545634
1986-06-01,1986,3.258528
1986-06-02,1986,3.005183
1986-06-03,1986,2.689547
1986-06-04,1986,2.369363
1986-06-05,1986,2.102087
1986-06-06,1986,1.741661
1986-06-07,1986,1.439276
1986-06-08,1986,1.213715
1986-06-09,1986,1.034510
1986-06-10,1986,1.281363
1986-06-11,1986,1.229146
1986-06-12,1986,0.901637
1986-06-13,1986,0.639273
1986-06-14,1986,0.470655
1986-06-15,1986,0.346421
1986-06-16,1986,0.261415
1986-06-17,1986,0.191914
1986-06-18,1986,0.142501
1986-06-19,1986,0.109022
1986-06-20,1986,0.092685
1986-06-21,1986,0.072545
1986-06-22,1986,0.050570
1986-06-23,1986,0.031983
1986-06-24,1986,0.018470
1986-06-25,1986,0.011780
1986-06-26,1986,0.008894
1986-06-27,1986,0.004634
1986-06-28,1986,0.002274
1986-06-29,1986,0.001061
1986-06-30,1986,0.000541
1986-07-01,1986,0.000000
1986-07-02,1986,0.000000
1986-07-03,1986,0.000000
1986-07-04,1986,0.000000
1986-07-05,1986,0.000000
1986-07-06,1986,0.000000
1986-07-07,1986,0.000000
1986-07-08,1986,0.000000
1986-07-09,1986,0.000000
1986-07-10,1986,0.000000
1986-07-11,1986,0.000000
1986-07-12,1986,0.000000
1986-07-13,1986,0.000000
1986-07-14,1986,0.000000
1986-07-15,1986,0.000000
1986-07-16,1986,0.000000
1986-07-17,1986,0.000000
1986-07-18,1986,0.000000
1986-07-19,1986,0.000000
1986-07-20,1986,0.000000
1986-07-21,1986,0.000000
1986-07-22,1986,0.000000
1986-07-23,1986,0.000000
1986-07-24,1986,0.000000
1986-07-25,1986,0.000000
1986-07-26,1986,0.000000
1986-07-27,1986,0.000000
1986-07-28,1986,0.000000
1986-07-29,1986,0.000000
1986-07-30,1986,0.000000
1986-07-31,1986,0.000000
1986-08-01,1986,0.000000
1986-08-02,1986,0.000000
1986-08-03,1986,0.000000
1986-08-04,1986,0.000000
1986-08-05,1986,0.000000
1986-08-06,1986,0.000000
1986-08-07,1986,0.000000
1986-08-08,1986,0.000000
1986-08-09,1986,0.000000
1986-08-10,1986,0.001225
1986-08-11,1986,0.000000
1986-08-12,1986,0.000000
1986-08-13,1986,0.000000
1986-08-14,1986,0.000000
1986-08-15,1986,0.000000
1986-08-16,1986,0.000000
1986-08-17,1986,0.000000
1986-08-18,1986,0.000000
1986-08-19,1986,0.000000
1986-08-20,1986,0.000000
1986-08-21,1986,0.000000
1986-08-22,1986,0.000000
1986-08-23,1986,0.000000
1986-08-24,1986,0.000000
1986-08-25,1986,0.000000
1986-08-26,1986,0.000000
1986-08-27,1986,0.000000
1986-08-28,1986,0.000000
1986-08-29,1986,0.000000
1986-08-30,1986,0.000000
1986-08-31,1986,0.000000
1986-09-01,1986,0.000474
1986-09-02,1986,0.000000
1986-09-03,1986,0.001093
1986-09-04,1986,0.000000
1986-09-05,1986,0.000000
1986-09-06,1986,0.000000
1986-09-07,1986,0.000000
1986-09-08,1986,0.000000
1986-09-09,1986,0.002901
1986-09-10,1986,0.037490
1986-09-11,1986,0.068357
1986-09-12,1986,0.038393
1986-09-13,1986,0.017617
1986-09-14,1986,0.015760
1986-09-15,1986,0.006399
1986-09-16,1986,0.002841
1986-09-17,1986,0.003246
1986-09-18,1986,0.001433
1986-09-19,1986,0.004409
1986-09-20,1986,0.002080
1986-09-21,1986,0.000149
1986-09-22,1986,0.000000
1986-09-23,1986,0.019015
1986-09-24,1986,0.116062
1986-09-25,1986,1.082675
1986-09-26,1986,2.037760
1986-09-27,1986,2.286353
1986-09-28,1986,1.948175
1986-09-29,1986,2.011472
1986-09-30,1986,2.018843
1986-10-01,1987,2.036161
1986-10-02,1987,1.631558
1986-10-03,1987,1.552753
1986-10-04,1987,2.089597
1986-10-05,1987,1.815169
1986-10-06,1987,1.502436
1986-10-07,1987,1.154540
1986-10-08,1987,0.891257
1986-10-09,1987,0.731085
1986-10-10,1987,0.589383
1986-10-11,1987,2.030605
1986-10-12,1987,4.334465
1986-10-13,1987,4.100684
1986-10-14,1987,3.421102
1986-10-15,1987,2.929443
1986-10-16,1987,2.398248
1986-10-17,1987,1.919163
1986-10-18,1987,1.536150
1986-10-19,1987,1.235463
1986-10-20,1987,1.866162
1986-10-21,1987,1.998480
1986-10-22,1987,2.792719
1986-10-23,1987,2.673120
1986-10-24,1987,2.418301
1986-10-25,1987,2.126754
1986-10-26,1987,1.910176
1986-10-27,1987,1.675052
1986-10-28,1987,1.456625
1986-10-29,1987,1.280965
1986-10-30,1987,1.151269
1986-10-31,1987,1.414025
1986-11-01,1987,5.911534
1986-11-02,1987,7.783294
1986-11-03,1987,7.144689
1986-11-04,1987,6.457939
1986-11-05,1987,6.092281
1986-11-06,1987,5.669157
1986-11-07,1987,7.053681
1986-11-08,1987,7.730209
1986-11-09,1987,8.129519
1986-11-10,1987,8.139667
1986-11-11,1987,8.060532
1986-11-12,1987,7.950869
1986-11-13,1987,7.902378
1986-11-14,1987,7.554239
1986-11-15,1987,7.059683
1986-11-16,1987,6.703641
1986-11-17,1987,6.392782
1986-11-18,1987,6.101503
1986-11-19,1987,6.420819
1986-11-20,1987,6.175247
1986-11-21,1987,5.838297
1986-11-22,1987,6.149264
1986-11-23,1987,7.812612
1986-11-24,1987,7.509800
1986-11-25,1987,7.274300
1986-11-26,1987,8.210063
1986-11-27,1987,7.825965
1986-11-28,1987,7.548659
1986-11-29,1987,7.208350
1986-11-30,1987,7.691568
1986-12-01,1987,8.400827
1986-12-02,1987,8.088046
1986-12-03,1987,7.787899
1986-12-04,1987,7.614568
1986-12-05,1987,7.408800
1986-12-06,1987,7.423711
1986-12-07,1987,9.158996
1986-12-08,1987,9.701753
1986-12-09,1987,11.110409
1986-12-10,1987,12.148431
1986-12-11,1987,11.757527
1986-12-12,1987,11.466237
1986-12-13,1987,11.198024
1986-12-14,1987,11.014811
1986-12-15,1987,10.254690
1986-12-16,1987,10.068544
1986-12-17,1987,9.856035
1986-12-18,1987,9.935968
1986-12-19,1987,10.034525
1986-12-20,1987,9.966635
1986-12-21,1987,10.003066
1986-12-22,1987,9.923607
1986-12-23,1987,9.792007
1986-12-24,1987,9.766806
1986-12-25,1987,9.752272
1986-12-26,1987,9.743354
1986-12-27,1987,9.660384
1986-12-28,1987,9.593771
1986-12-29,1987,9.564273
1986-12-30,1987,9.374559
1986-12-31,1987,9.284344
1987-01-01,1987,9.170298
1987-01-02,1987,9.591450
1987-01-03,1987,10.610005
1987-01-04,1987,10.431129
1987-01-05,1987,10.041956
1987-01-06,1987,11.210719
1987-01-07,1987,11.666440
1987-01-08,1987,12.849309
1987-01-09,1987,13.282359
1987-01-10,1987,13.172957
1987-01-11,1987,12.966994
1987-01-12,1987,12.657686
1987-01-13,1987,12.204911
1987-01-14,1987,11.870206
1987-01-15,1987,12.059483
1987-01-16,1987,16.601245
1987-01-17,1987,17.934284
1987-01-18,1987,17.169931
1987-01-19,1987,16.479528
1987-01-20,1987,17.783241
1987-01-21,1987,17.041360
1987-01-22,1987,16.733605
1987-01-23,1987,16.402275
1987-01-24,1987,16.128853
1987-01-25,1987,16.124433
1987-01-26,1987,16.153286
1987-01-27,1987,15.503272
1987-01-28,1987,15.034703
1987-01-29,1987,15.406867
1987-01-30,1987,15.190848
1987-01-31,1987,14.882505
1987-02-01,1987,14.958248
1987-02-02,1987,14.516419
1987-02-03,1987,13.976923
1987-02-04,1987,13.979518
1987-02-05,1987,15.009006
1987-02-06,1987,14.537192
1987-02-07,1987,14.266127
1987-02-08,1987,13.844751
1987-02-09,1987,13.364713
1987-02-10,1987,12.730086
1987-02-11,1987,12.502743
1987-02-12,1987,12.052723
1987-02-13,1987,12.028989
1987-02-14,1987,13.007732
1987-02-15,1987,15.003443
1987-02-16,1987,15.016207
1987-02-17,1987,16.086309
1987-02-18,1987,16.903541
1987-02-19,1987,17.261203
1987-02-20,1987,18.452965
1987-02-21,1987,18.497254
1987-02-22,1987,18.188926
1987-02-23,1987,17.864261
1987-02-24,1987,17.876909
1987-02-25,1987,18.651795
1987-02-26,1987,20.478484
1987-02-27,1987,22.040252
1987-02-28,1987,21.732719
1987-03-01,1987,21.046912
1987-03-02,1987,20.338319
1987-03-03,1987,19.605917
1987-03-04,1987,18.849986
1987-03-05,1987,17.927980
1987-03-06,1987,16.893483
1987-03-07,1987,15.817281
1987-03-08,1987,14.870425
1987-03-09,1987,15.039757
1987-03-10,1987,15.162391
1987-03-11,1987,14.779443
1987-03-12,1987,15.111140
1987-03-13,1987,14.276672
1987-03-14,1987,13.999135
1987-03-15,1987,13.449446
1987-03-16,1987,15.053460
1987-03-17,1987,16.744365
1987-03-18,1987,16.571104
1987-03-19,1987,16.183354
1987-03-20,1987,16.969979
1987-03-21,1987,17.735148
1987-03-22,1987,18.890209
1987-03-23,1987,20.673253
1987-03-24,1987,20.059503
1987-03-25,1987,19.931763
1987-03-26,1987,19.811864
1987-03-27,1987,20.337721
1987-03-28,1987,22.079845
1987-03-29,1987,22.626171
1987-03-30,1987,22.296931
1987-03-31,1987,21.832094
1987-04-01,1987,21.081819
1987-04-02,1987,20.787721
1987-04-03,1987,20.201311
1987-04-04,1987,19.326189
1987-04-05,1987,19.504538
1987-04-06,1987,19.455391
1987-04-07,1987,18.735773
1987-04-08,1987,17.843985
1987-04-09,1987,17.133656
1987-04-10,1987,16.618381
1987-04-11,1987,15.954135
1987-04-12,1987,16.124063
1987-04-13,1987,17.831515
1987-04-14,1987,17.084904
1987-04-15,1987,16.375044
1987-04-16,1987,15.160097
1987-04-17,1987,13.615741
1987-04-18,1987,12.328236
1987-04-19,1987,11.092619
1987-04-20,1987,11.474509
1987-04-21,1987,11.008809
1987-04-22,1987,10.225293
1987-04-23,1987,8.992567
1987-04-24,1987,8.013401
1987-04-25,1987,7.161018
1987-04-26,1987,6.478659
1987-04-27,1987,5.778928
1987-04-28,1987,5.051504
1987-04-29,1987,4.483491
1987-04-30,1987,3.952115
1987-05-01,1987,3.527498
1987-05-02,1987,3.236941
1987-05-03,1987,4.116631
1987-05-04,1987,4.966548
1987-05-05,1987,4.394014
1987-05-06,1987,3.851365
1987-05-07,1987,3.356340
1987-05-08,1987,2.963824
1987-05-09,1987,2.682720
1987-05-10,1987,2.428350
1987-05-11,1987,2.210984
1987-05-12,1987,2.038749
1987-05-13,1987,1.812689
1987-05-14,1987,1.643283
1987-05-15,1987,1.455627
1987-05-16,1987,1.265921
1987-05-17,1987,1.086430
1987-05-18,1987,0.943692
1987-05-19,1987,0.813521
1987-05-20,1987,0.755819
1987-05-21,1987,0.701458
1987-05-22,1987,0.769110
1987-05-23,1987,0.704281
1987-05-24,1987,0.690230
1987-05-25,1987,0.668394
1987-05-26,1987,0.731978
1987-05-27,1987,0.782542
1987-05-28,1987,0.748246
1987-05-29,1987,0.915332
1987-05-30,1987,0.784674
1987-05-31,1987,0.646106
1987-06-01,1987,0.512017
1987-06-02,1987,0.409633
1987-06-03,1987,0.349671
1987-06-04,1987,0.283140
1987-06-05,1987,0.226344
1987-06-06,1987,0.191822
1987-06-07,1987,0.159234
1987-06-08,1987,0.154798
1987-06-09,1987,0.137371
1987-06-10,1987,0.113975
1987-06-11,1987,0.101731
1987-06-12,1987,0.085935
1987-06-13,1987,0.067805
1987-06-14,1987,0.048310
1987-06-15,1987,0.030315
1987-06-16,1987,0.015807
1987-06-17,1987,0.009419
1987-06-18,1987,0.005630
1987-06-19,1987,0.003335
1987-06-20,1987,0.001819
1987-06-21,1987,0.001061
1987-06-22,1987,0.000606
1987-06-23,1987,0.000000
1987-06-24,1987,0.000000
1987-06-25,1987,0.000000
1987-06-26,1987,0.000000
1987-06-27,1987,0.000000
1987-06-28,1987,0.000000
1987-06-29,1987,0.000000
1987-06-30,1987,0.002231
1987-07-01,1987,0.000650
1987-07-02,1987,0.000000
1987-07-03,1987,0.000000
1987-07-04,1987,0.000000
1987-07-05,1987,0.000000
1987-07-06,1987,0.000000
1987-07-07,1987,0.000000
1987-07-08,1987,0.000000
1987-07-09,1987,0.000000
1987-07-10,1987,0.000000
1987-07-11,1987,0.000000
1987-07-12,1987,0.000000
1987-07-13,1987,0.023362
1987-07-14,1987,0.008239
1987-07-15,1987,0.001233
1987-07-16,1987,0.000000
1987-07-17,1987,0.000000
1987-07-18,1987,0.000000
1987-07-19,1987,0.000000
1987-07-20,1987,0.000000
1987-07-21,1987,0.000000
1987-07-22,1987,0.000000
1987-07-23,1987,0.000000
1987-07-24,1987,0.000000
1987-07-25,1987,0.000000
1987-07-26,1987,0.000000
1987-07-27,1987,0.000000
1987-07-28,1987,0.000000
1987-07-29,1987,0.000000
1987-07-30,1987,0.000000
1987-07-31,1987,0.000000
1987-08-01,1987,0.000000
1987-08-02,1987,0.000000
1987-08-03,1987,0.000000
1987-08-04,1987,0.000000
1987-08-05,1987,0.000000
1987-08-06,1987,0.000000
1987-08-07,1987,0.000000
1987-08-08,1987,0.000000
1987-08-09,1987,0.000000
1987-08-10,1987,0.000000
1987-08-11,1987,0.000000
1987-08-12,1987,0.000000
1987-08-13,1987,0.000000
1987-08-14,1987,0.000000
1987-08-15,1987,0.000000
1987-08-16,1987,0.000000
1987-08-17,1987,0.000000
1987-08-18,1987,0.000000
1987-08-19,1987,0.000000
1987-08-20,1987,0.000000
1987-08-21,1987,0.000000
1987-08-22,1987,0.000000
1987-08-23,1987,0.000000
1987-08-24,1987,0.000000
1987-08-25,1987,0.000000
1987-08-26,1987,0.000000
1987-08-27,1987,0.000000
1987-08-28,1987,0.000000
1987-08-29,1987,0.000000
1987-08-30,1987,0.000000
1987-08-31,1987,0.000000
1987-09-01,1987,0.000000
1987-09-02,1987,0.000000
1987-09-03,1987,0.000000
1987-09-04,1987,0.000000
1987-09-05,1987,0.001668
1987-09-06,1987,0.001508
1987-09-07,1987,0.000395
1987-09-08,1987,0.001014
1987-09-09,1987,0.000528
1987-09-10,1987,0.000359
1987-09-11,1987,0.000000
1987-09-12,1987,0.000000
1987-09-13,1987,0.000000
1987-09-14,1987,0.037840
1987-09-15,1987,0.142504
1987-09-16,1987,0.106484
1987-09-17,1987,0.055841
1987-09-18,1987,0.037894
1987-09-19,1987,0.021554
1987-09-20,1987,0.011283
1987-09-21,1987,0.006292
1987-09-22,1987,0.003622
1987-09-23,1987,0.000338
1987-09-24,1987,0.000000
1987-09-25,1987,0.000000
1987-09-26,1987,0.002341
1987-09-27,1987,0.000884
1987-09-28,1987,0.000388
1987-09-29,1987,0.000000
1987-09-30,1987,0.000000
1987-10-01,1988,0.000000
1987-10-02,1988,0.000000
1987-10-03,1988,0.000000
1987-10-04,1988,0.000000
1987-10-05,1988,0.000000
1987-10-06,1988,0.000000
1987-10-07,1988,0.000000
1987-10-08,1988,0.000000
1987-10-09,1988,0.000000
1987-10-10,1988,0.007632
1987-10-11,1988,0.006125
1987-10-12,1988,0.003897
1987-10-13,1988,0.014514
1987-10-14,1988,0.562390
1987-10-15,1988,0.728970
1987-10-16,1988,0.694636
1987-10-17,1988,0.608755
1987-10-18,1988,0.493672
1987-10-19,1988,0.417551
1987-10-20,1988,0.427605
1987-10-21,1988,0.392687
1987-10-22,1988,0.335377
1987-10-23,1988,0.277999
1987-10-24,1988,0.298126
1987-10-25,1988,0.669701
1987-10-26,1988,0.594841
1987-10-27,1988,0.463008
1987-10-28,1988,0.374799
1987-10-29,1988,0.299680
1987-10-30,1988,0.354325
1987-10-31,1988,0.657144
1987-11-01,1988,0.601665
1987-11-02,1988,0.775630
1987-11-03,1988,0.800491
1987-11-04,1988,0.663228
1987-11-05,1988,0.535853
1987-11-06,1988,0.749980
1987-11-07,1988,1.172661
1987-11-08,1988,1.929696
1987-11-09,1988,1.911643
1987-11-10,1988,1.738319
1987-11-11,1988,1.880346
1987-11-12,1988,1.851000
1987-11-13,1988,1.718257
1987-11-14,1988,1.760343
1987-11-15,1988,3.675276
1987-11-16,1988,5.090319
1987-11-17,1988,5.123983
1987-11-18,1988,5.264507
1987-11-19,1988,4.884585
1987-11-20,1988,4.270854
1987-11-21,1988,3.855944
1987-11-22,1988,3.529751
1987-11-23,1988,3.435907
1987-11-24,1988,4.062027
1987-11-25,1988,3.953531
1987-11-26,1988,5.900675
1987-11-27,1988,6.331159
1987-11-28,1988,5.781130
1987-11-29,1988,5.423183
1987-11-30,1988,5.318857
1987-12-01,1988,5.201502
1987-12-02,1988,5.107079
1987-12-03,1988,4.832161
1987-12-04,1988,4.373753
1987-12-05,1988,3.832427
1987-12-06,1988,4.110200
1987-12-07,1988,3.861210
1987-12-08,1988,4.769634
1987-12-09,1988,4.381304
1987-12-10,1988,4.429408
1987-12-11,1988,4.597451
1987-12-12,1988,4.608697
1987-12-13,1988,6.479371
1987-12-14,1988,8.595915
1987-12-15,1988,8.050755
1987-12-16,1988,7.558418
1987-12-17,1988,7.407208
1987-12-18,1988,7.433149
1987-12-19,1988,7.870665
1987-12-20,1988,7.830180
1987-12-21,1988,7.767754
1987-12-22,1988,7.617517
1987-12-23,1988,8.830493
1987-12-24,1988,10.712336
1987-12-25,1988,11.648569
1987-12-26,1988,12.003199
1987-12-27,1988,13.749865
1987-12-28,1988,14.557385
1987-12-29,1988,13.367378
1987-12-30,1988,13.313896
1987-12-31,1988,14.031572
1988-01-01,1988,14.036072
1988-01-02,1988,13.633220
1988-01-03,1988,13.386960
1988-01-04,1988,13.206179
1988-01-05,1988,14.602890
1988-01-06,1988,16.723313
1988-01-07,1988,17.205567
1988-01-08,1988,17.279642
1988-01-09,1988,17.695928
1988-01-10,1988,17.761446
1988-01-11,1988,17.039710
1988-01-12,1988,17.464559
1988-01-13,1988,17.694954
1988-01-14,1988,17.061473
1988-01-15,1988,16.590595
1988-01-16,1988,17.133875
1988-01-17,1988,18.418569
1988-01-18,1988,19.304602
1988-01-19,1988,20.571113
1988-01-20,1988,19.720091
1988-01-21,1988,19.660352
1988-01-22,1988,19.900300
1988-01-23,1988,19.449023
1988-01-24,1988,19.782735
1988-01-25,1988,19.457963
1988-01-26,1988,19.049470
1988-01-27,1988,18.567933
1988-01-28,1988,17.872527
1988-01-29,1988,17.097866
1988-01-30,1988,16.874056
1988-01-31,1988,17.252492
1988-02-01,1988,18.117504
1988-02-02,1988,19.010698
1988-02-03,1988,21.815014
1988-02-04,1988,21.463554
1988-02-05,1988,21.003973
1988-02-06,1988,19.741846
1988-02-07,1988,19.303658
1988-02-08,1988,18.960078
1988-02-09,1988,18.765395
1988-02-10,1988,19.096393
1988-02-11,1988,20.237655
1988-02-12,1988,19.706678
1988-02-13,1988,19.169155
1988-02-14,1988,19.463165
1988-02-15,1988,19.214276
1988-02-16,1988,19.033794
1988-02-17,1988,20.083109
1988-02-18,1988,19.499028
1988-02-19,1988,18.867992
1988-02-20,1988,18.600433
1988-02-21,1988,18.314815
1988-02-22,1988,17.900996
1988-02-23,1988,17.741597
1988-02-24,1988,17.399606
1988-02-25,1988,16.793105
1988-02-26,1988,16.343308
1988-02-27,1988,15.846410
1988-02-28,1988,15.508574
1988-02-29,1988,15.104685
1988-03-01,1988,14.561184
1988-03-02,1988,14.447867
1988-03-03,1988,13.259486
1988-03-04,1988,12.770963
1988-03-05,1988,12.827247
1988-03-06,1988,12.610137
1988-03-07,1988,13.473877
1988-03-08,1988,14.126938
1988-03-09,1988,13.945874
1988-03-10,1988,13.752650
1988-03-11,1988,16.507492
1988-03-12,1988,17.014441
1988-03-13,1988,17.675562
1988-03-14,1988,17.426338
1988-03-15,1988,16.876483
1988-03-16,1988,17.343788
1988-03-17,1988,18.570767
1988-03-18,1988,18.265725
1988-03-19,1988,17.819617
1988-03-20,1988,17.041670
1988-03-21,1988,16.129850
1988-03-22,1988,15.187661
1988-03-23,1988,14.218805
1988-03-24,1988,14.106160
1988-03-25,1988,14.360759
1988-03-26,1988,13.950556
1988-03-27,1988,13.126453
1988-03-28,1988,12.236076
1988-03-29,1988,12.826681
1988-03-30,1988,12.713309
1988-03-31,1988,14.196333
1988-04-01,1988,15.223819
1988-04-02,1988,13.960284
1988-04-03,1988,13.115009
1988-04-04,1988,12.235172
1988-04-05,1988,11.641822
1988-04-06,1988,11.220394
1988-04-07,1988,10.269694
1988-04-08,1988,9.251360
1988-04-09,1988,8.928599
1988-04-10,1988,9.378770
1988-04-11,1988,9.094728
1988-04-12,1988,8.533688
1988-04-13,1988,7.788069
1988-04-14,1988,7.087472
1988-04-15,1988,6.628118
1988-04-16,1988,6.125057
1988-04-17,1988,6.190145
1988-04-18,1988,6.739914
1988-04-19,1988,6.345349
1988-04-20,1988,5.868089
1988-04-21,1988,5.383383
1988-04-22,1988,6.383983
1988-04-23,1988,7.248954
1988-04-24,1988,7.235613
1988-04-25,1988,7.287496
1988-04-26,1988,7.248316
1988-04-27,1988,7.013367
1988-04-28,1988,6.577107
1988-04-29,1988,6.184941
1988-04-30,1988,5.629769
1988-05-01,1988,5.039093
1988-05-02,1988,5.884641
1988-05-03,1988,6.114661
1988-05-04,1988,5.785256
1988-05-05,1988,5.243528
1988-05-06,1988,4.711513
1988-05-07,1988,4.807493
1988-05-08,1988,5.050644
1988-05-09,1988,5.226161
1988-05-10,1988,4.935059
1988-05-11,1988,4.766786
1988-05-12,1988,4.323953
1988-05-13,1988,3.931420
1988-05-14,1988,3.547227
1988-05-15,1988,3.158485
1988-05-16,1988,2.877524
1988-05-17,1988,2.502923
1988-05-18,1988,2.246401
1988-05-19,1988,2.030607
1988-05-20,1988,3.650102
1988-05-21,1988,4.018078
1988-05-22,1988,3.603952
1988-05-23,1988,3.169359
1988-05-24,1988,2.484354
1988-05-25,1988,2.003992
1988-05-26,1988,1.679224
1988-05-27,1988,1.417421
1988-05-28,1988,1.185613
1988-05-29,1988,1.014482
1988-05-30,1988,1.010440
1988-05-31,1988,1.306686
1988-06-01,1988,1.248774
1988-06-02,1988,1.046773
1988-06-03,1988,0.829269
1988-06-04,1988,0.670163
1988-06-05,1988,0.543778
1988-06-06,1988,0.422208
1988-06-07,1988,0.325091
1988-06-08,1988,0.251289
1988-06-09,1988,0.197073
1988-06-10,1988,0.148860
1988-06-11,1988,0.099811
1988-06-12,1988,0.058637
1988-06-13,1988,0.036750
1988-06-14,1988,0.075293
1988-06-15,1988,0.035843
1988-06-16,1988,0.016911
1988-06-17,1988,0.006485
1988-06-18,1988,0.002287
1988-06-19,1988,0.001220
1988-06-20,1988,0.000544
1988-06-21,1988,0.000000
1988-06-22,1988,0.000000
1988-06-23,1988,0.000000
1988-06-24,1988,0.000000
1988-06-25,1988,0.000000
1988-06-26,1988,0.000000
1988-06-27,1988,0.000000
1988-06-28,1988,0.000000
1988-06-29,1988,0.000000
1988-06-30,1988,0.000000
1988-07-01,1988,0.000000
1988-07-02,1988,0.000000
1988-07-03,1988,0.000000
1988-07-04,1988,0.000000
1988-07-05,1988,0.000000
1988-07-06,1988,0.000000
1988-07-07,1988,0.000000
1988-07-08,1988,0.000000
1988-07-09,1988,0.000000
1988-07-10,1988,0.000000
1988-07-11,1988,0.000000
1988-07-12,1988,0.000000
1988-07-13,1988,0.000000
1988-07-14,1988,0.000000
1988-07-15,1988,0.000000
1988-07-16,1988,0.000000
1988-07-17,1988,0.000000
1988-07-18,1988,0.000000
1988-07-19,1988,0.000000
1988-07-20,1988,0.000000
1988-07-21,1988,0.000000
1988-07-22,1988,0.000000
1988-07-23,1988,0.000000
1988-07-24,1988,0.000000
1988-07-25,1988,0.000000
1988-07-26,1988,0.000000
1988-07-27,1988,0.000000
1988-07-28,1988,0.000000
1988-07-29,1988,0.000000
1988-07-30,1988,0.000000
1988-07-31,1988,0.000000
1988-08-01,1988,0.000000
1988-08-02,1988,0.000000
1988-08-03,1988,0.000000
1988-08-04,1988,0.000000
1988-08-05,1988,0.000000
1988-08-06,1988,0.000000
1988-08-07,1988,0.000000
1988-08-08,1988,0.000000
1988-08-09,1988,0.000000
1988-08-10,1988,0.000000
1988-08-11,1988,0.000000
1988-08-12,1988,0.000000
1988-08-13,1988,0.000000
1988-08-14,1988,0.000000
1988-08-15,1988,0.000000
1988-08-16,1988,0.000000
1988-08-17,1988,0.000000
1988-08-18,1988,0.000000
1988-08-19,1988,0.000000
1988-08-20,1988,0.000000
1988-08-21,1988,0.000000
1988-08-22,1988,0.000000
1988-08-23,1988,0.000000
1988-08-24,1988,0.000000
1988-08-25,1988,0.000000
1988-08-26,1988,0.000000
1988-08-27,1988,0.000000
1988-08-28,1988,0.000000
1988-08-29,1988,0.000000
1988-08-30,1988,0.000000
1988-08-31,1988,0.000000
1988-09-01,1988,0.000000
1988-09-02,1988,0.000000
1988-09-03,1988,0.000000
1988-09-04,1988,0.000000
1988-09-05,1988,0.000000
1988-09-06,1988,0.000000
1988-09-07,1988,0.000000
1988-09-08,1988,0.000000
1988-09-09,1988,0.000000
1988-09-10,1988,0.000000
1988-09-11,1988,0.000180
1988-09-12,1988,0.150562
1988-09-13,1988,0.321509
1988-09-14,1988,0.187324
1988-09-15,1988,0.207443
1988-09-16,1988,0.134217
1988-09-17,1988,0.059072
1988-09-18,1988,0.022746
1988-09-19,1988,0.022763
1988-09-20,1988,0.014149
1988-09-21,1988,0.010354
1988-09-22,1988,0.050701
1988-09-23,1988,0.085594
1988-09-24,1988,0.047084
1988-09-25,1988,0.022446
1988-09-26,1988,0.009897
1988-09-27,1988,0.008494
1988-09-28,1988,0.010624
1988-09-29,1988,0.065691
1988-09-30,1988,0.049556
1988-10-01,1989,0.025487
1988-10-02,1989,0.013069
1988-10-03,1989,0.005686
1988-10-04,1989,0.002738
1988-10-05,1989,0.002730
1988-10-06,1989,0.011048
1988-10-07,1989,0.090135
1988-10-08,1989,0.083230
1988-10-09,1989,0.061844
1988-10-10,1989,0.160204
1988-10-11,1989,0.112215
1988-10-12,1989,0.071487
1988-10-13,1989,0.073789
1988-10-14,1989,0.054503
1988-10-15,1989,0.039723
1988-10-16,1989,0.024788
1988-10-17,1989,0.012950
1988-10-18,1989,0.006771
1988-10-19,1989,0.004671
1988-10-20,1989,0.031238
1988-10-21,1989,0.023056
1988-10-22,1989,0.014936
1988-10-23,1989,0.012098
1988-10-24,1989,0.009351
1988-10-25,1989,0.007196
1988-10-26,1989,0.005270
1988-10-27,1989,0.004283
1988-10-28,1989,0.003782
1988-10-29,1989,0.003254
1988-10-30,1989,0.043261
1988-10-31,1989,0.042491
1988-11-01,1989,0.034441
1988-11-02,1989,0.028010
1988-11-03,1989,0.035961
1988-11-04,1989,0.619493
1988-11-05,1989,0.772214
1988-11-06,1989,0.757263
1988-11-07,1989,0.639015
1988-11-08,1989,0.613004
1988-11-09,1989,2.379963
1988-11-10,1989,2.544754
1988-11-11,1989,2.903500
1988-11-12,1989,4.057606
1988-11-13,1989,3.791633
1988-11-14,1989,3.092841
1988-11-15,1989,4.827654
1988-11-16,1989,5.925545
1988-11-17,1989,6.249952
1988-11-18,1989,6.824519
1988-11-19,1989,7.493192
1988-11-20,1989,7.370335
1988-11-21,1989,7.006628
1988-11-22,1989,6.865872
1988-11-23,1989,6.672638
1988-11-24,1989,5.857036
1988-11-25,1989,7.667267
1988-11-26,1989,8.776964
1988-11-27,1989,9.773112
1988-11-28,1989,9.511270
1988-11-29,1989,9.752272
1988-11-30,1989,10.111026
1988-12-01,1989,9.841925
1988-12-02,1989,9.219429
1988-12-03,1989,8.920163
1988-12-04,1989,8.701094
1988-12-05,1989,8.462994
1988-12-06,1989,8.243830
1988-12-07,1989,8.482320
1988-12-08,1989,9.862671
1988-12-09,1989,9.678317
1988-12-10,1989,9.278981
1988-12-11,1989,9.115552
1988-12-12,1989,8.728032
1988-12-13,1989,8.447286
1988-12-14,1989,8.050357
1988-12-15,1989,10.222064
1988-12-16,1989,9.802121
1988-12-17,1989,9.426036
1988-12-18,1989,9.160769
1988-12-19,1989,8.860765
1988-12-20,1989,10.391835
1988-12-21,1989,10.381484
1988-12-22,1989,12.380052
1988-12-23,1989,12.690212
1988-12-24,1989,13.572068
1988-12-25,1989,14.870539
1988-12-26,1989,16.576479
1988-12-27,1989,16.962324
1988-12-28,1989,16.989130
1988-12-29,1989,16.988019
1988-12-30,1989,16.880203
1988-12-31,1989,16.606273
1989-01-01,1989,16.247556
1989-01-02,1989,15.549141
1989-01-03,1989,15.240481
1989-01-04,1989,14.878605
1989-01-05,1989,16.335291
1989-01-06,1989,16.128283
1989-01-07,1989,17.388232
1989-01-08,1989,17.353879
1989-01-09,1989,17.394452
1989-01-10,1989,17.332914
1989-01-11,1989,17.437629
1989-01-12,1989,18.898687
1989-01-13,1989,18.461350
1989-01-14,1989,17.852457
1989-01-15,1989,17.807010
1989-01-16,1989,17.564350
1989-01-17,1989,17.282139
1989-01-18,1989,17.021558
1989-01-19,1989,16.727292
1989-01-20,1989,16.443385
1989-01-21,1989,16.174981
1989-01-22,1989,15.908800
1989-01-23,1989,15.619228
1989-01-24,1989,15.522753
1989-01-25,1989,17.313581
1989-01-26,1989,17.494220
1989-01-27,1989,17.137570
1989-01-28,1989,18.478761
1989-01-29,1989,19.180875
1989-01-30,1989,18.697808
1989-01-31,1989,18.202500
1989-02-01,1989,17.581461
1989-02-02,1989,17.577645
1989-02-03,1989,18.563862
1989-02-04,1989,23.407894
1989-02-05,1989,29.743353
1989-02-06,1989,29.713523
1989-02-07,1989,29.072328
1989-02-08,1989,28.391407
1989-02-09,1989,28.124138
1989-02-10,1989,27.266343
1989-02-11,1989,26.501349
1989-02-12,1989,26.208804
1989-02-13,1989,26.151296
1989-02-14,1989,26.185948
1989-02-15,1989,25.912157
1989-02-16,1989,25.443347
1989-02-17,1989,24.651182
1989-02-18,1989,24.102348
1989-02-19,1989,23.706442
1989-02-20,1989,25.031908
1989-02-21,1989,25.474987
1989-02-22,1989,25.146262
1989-02-23,1989,24.767070
1989-02-24,1989,23.786494
1989-02-25,1989,22.944063
1989-02-26,1989,21.550743
1989-02-27,1989,21.477318
1989-02-28,1989,20.905295
1989-03-01,1989,20.560199
1989-03-02,1989,19.954619
1989-03-03,1989,22.094851
1989-03-04,1989,23.943978
1989-03-05,1989,23.859910
1989-03-06,1989,23.563252
1989-03-07,1989,22.973109
1989-03-08,1989,21.987033
1989-03-09,1989,20.322454
1989-03-10,1989,18.841388
1989-03-11,1989,17.108750
1989-03-12,1989,15.700000
1989-03-13,1989,14.640232
1989-03-14,1989,13.909567
1989-03-15,1989,13.931159
1989-03-16,1989,13.540667
1989-03-17,1989,12.926161
1989-03-18,1989,13.018130
1989-03-19,1989,12.627794
1989-03-20,1989,14.102655
1989-03-21,1989,13.825211
1989-03-22,1989,13.428532
1989-03-23,1989,12.879452
1989-03-24,1989,12.191874
1989-03-25,1989,11.570216
1989-03-26,1989,11.058637
1989-03-27,1989,10.854091
1989-03-28,1989,10.514496
1989-03-29,1989,10.172727
1989-03-30,1989,10.988313
1989-03-31,1989,11.357473
1989-04-01,1989,11.174178
1989-04-02,1989,11.901698
1989-04-03,1989,12.672033
1989-04-04,1989,13.166215
1989-04-05,1989,13.834485
1989-04-06,1989,12.654046
1989-04-07,1989,12.099312
1989-04-08,1989,11.304165
1989-04-09,1989,10.557020
1989-04-10,1989,11.332470
1989-04-11,1989,10.081962
1989-04-12,1989,10.130607
1989-04-13,1989,10.221559
1989-04-14,1989,9.458938
1989-04-15,1989,8.865461
1989-04-16,1989,8.161143
1989-04-17,1989,7.623090
1989-04-18,1989,7.073749
1989-04-19,1989,6.551493
1989-04-20,1989,6.026553
1989-04-21,1989,5.407536
1989-04-22,1989,4.845191
1989-04-23,1989,4.362753
1989-04-24,1989,4.038938
1989-04-25,1989,3.760157
1989-04-26,1989,3.554954
1989-04-27,1989,3.577890
1989-04-28,1989,3.993856
1989-04-29,1989,4.502817
1989-04-30,1989,5.033013
1989-05-01,1989,5.175892
1989-05-02,1989,4.912930
1989-05-03,1989,4.537015
1989-05-04,1989,4.400338
1989-05-05,1989,3.929998
1989-05-06,1989,3.676878
1989-05-07,1989,3.318433
1989-05-08,1989,2.920604
1989-05-09,1989,2.502625
1989-05-10,1989,2.165267
1989-05-11,1989,1.876443
1989-05-12,1989,1.688015
1989-05-13,1989,1.731902
1989-05-14,1989,2.212102
1989-05-15,1989,2.392349
1989-05-16,1989,2.124738
1989-05-17,1989,2.301037
1989-05-18,1989,2.005883
1989-05-19,1989,1.612839
1989-05-20,1989,1.395843
1989-05-21,1989,1.175166
1989-05-22,1989,0.987401
1989-05-23,1989,0.823719
1989-05-24,1989,0.714552
1989-05-25,1989,0.643225
1989-05-26,1989,0.652393
1989-05-27,1989,0.592314
1989-05-28,1989,0.482501
1989-05-29,1989,0.399174
1989-05-30,1989,0.328010
1989-05-31,1989,0.322005
1989-06-01,1989,0.295281
1989-06-02,1989,0.250921
1989-06-03,1989,0.207197
1989-06-04,1989,0.310564
1989-06-05,1989,0.288896
1989-06-06,1989,0.171513
1989-06-07,1989,0.127598
1989-06-08,1989,0.115165
1989-06-09,1989,0.107217
1989-06-10,1989,0.072541
1989-06-11,1989,0.045946
1989-06-12,1989,0.029266
1989-06-13,1989,0.026015
1989-06-14,1989,0.016941
1989-06-15,1989,0.010252
1989-06-16,1989,0.005023
1989-06-17,1989,0.002426
1989-06-18,1989,0.001213
1989-06-19,1989,0.000606
1989-06-20,1989,0.000000
1989-06-21,1989,0.000000
1989-06-22,1989,0.369307
1989-06-23,1989,0.330997
1989-06-24,1989,0.126932
1989-06-25,1989,0.030704
1989-06-26,1989,0.009037
1989-06-27,1989,0.002959
1989-06-28,1989,0.000761
1989-06-29,1989,0.000000
1989-06-30,1989,0.000000
1989-07-01,1989,0.000000
1989-07-02,1989,0.000000
1989-07-03,1989,0.000000
1989-07-04,1989,0.000000
1989-07-05,1989,0.000000
1989-07-06,1989,0.000000
1989-07-07,1989,0.000000
1989-07-08,1989,0.000000
1989-07-09,1989,0.000000
1989-07-10,1989,0.000000
1989-07-11,1989,0.000000
1989-07-12,1989,0.000000
1989-07-13,1989,0.000000
1989-07-14,1989,0.000000
1989-07-15,1989,0.000000
1989-07-16,1989,0.000000
1989-07-17,1989,0.000000
1989-07-18,1989,0.000000
1989-07-19,1989,0.000000
1989-07-20,1989,0.000000
1989-07-21,1989,0.000000
1989-07-22,1989,0.000000
1989-07-23,1989,0.000000
1989-07-24,1989,0.000000
1989-07-25,1989,0.000000
1989-07-26,1989,0.000000
1989-07-27,1989,0.000000
1989-07-28,1989,0.000000
1989-07-29,1989,0.000000
1989-07-30,1989,0.000000
1989-07-31,1989,0.000000
1989-08-01,1989,0.000000
1989-08-02,1989,0.000000
1989-08-03,1989,0.000000
1989-08-04,1989,0.000000
1989-08-05,1989,0.000000
1989-08-06,1989,0.000000
1989-08-07,1989,0.000000
1989-08-08,1989,0.000000
1989-08-09,1989,0.000000
1989-08-10,1989,0.000000
1989-08-11,1989,0.000000
1989-08-12,1989,0.000000
1989-08-13,1989,0.000000
1989-08-14,1989,0.000000
1989-08-15,1989,0.000000
1989-08-16,1989,0.000000
1989-08-17,1989,0.000000
1989-08-18,1989,0.000000
1989-08-19,1989,0.000000
1989-08-20,1989,0.000000
1989-08-21,1989,0.000000
1989-08-22,1989,0.000000
1989-08-23,1989,0.000000
1989-08-24,1989,0.000000
1989-08-25,1989,0.000000
1989-08-26,1989,0.000000
1989-08-27,1989,0.000000
1989-08-28,1989,0.000000
1989-08-29,1989,0.000000
1989-08-30,1989,0.000000
1989-08-31,1989,0.000000
1989-09-01,1989,0.000000
1989-09-02,1989,0.000000
1989-09-03,1989,0.000000
1989-09-04,1989,0.000000
1989-09-05,1989,0.000000
1989-09-06,1989,0.000000
1989-09-07,1989,0.000000
1989-09-08,1989,0.002638
1989-09-09,1989,0.007764
1989-09-10,1989,0.004290
1989-09-11,1989,0.027713
1989-09-12,1989,0.293165
1989-09-13,1989,0.938923
1989-09-14,1989,0.647015
1989-09-15,1989,0.350663
1989-09-16,1989,0.155864
1989-09-17,1989,0.063404
1989-09-18,1989,0.023330
1989-09-19,1989,0.006639
1989-09-20,1989,0.006752
1989-09-21,1989,0.013541
1989-09-22,1989,0.020567
1989-09-23,1989,0.012202
1989-09-24,1989,0.003791
1989-09-25,1989,0.000514
1989-09-26,1989,0.000000
1989-09-27,1989,0.000000
1989-09-28,1989,0.000000
1989-09-29,1989,0.000000
1989-09-30,1989,0.000000
1989-10-01,1990,0.000000
1989-10-02,1990,0.000000
1989-10-03,1990,0.000000
1989-10-04,1990,0.067540
1989-10-05,1990,0.109349
1989-10-06,1990,0.154978
1989-10-07,1990,0.109996
1989-10-08,1990,0.095859
1989-10-09,1990,0.066554
1989-10-10,1990,0.041270
1989-10-11,1990,0.021705
1989-10-12,1990,0.012295
1989-10-13,1990,0.006372
1989-10-14,1990,0.003387
1989-10-15,1990,0.002100
1989-10-16,1990,1.050931
1989-10-17,1990,1.943352
1989-10-18,1990,1.022381
1989-10-19,1990,0.900453
1989-10-20,1990,0.774028
1989-10-21,1990,0.554006
1989-10-22,1990,0.418750
1989-10-23,1990,0.293430
1989-10-24,1990,0.192523
1989-10-25,1990,0.121746
1989-10-26,1990,0.570282
1989-10-27,1990,1.010870
1989-10-28,1990,0.906864
1989-10-29,1990,1.352794
1989-10-30,1990,1.876568
1989-10-31,1990,1.781834
1989-11-01,1990,2.338168
1989-11-02,1990,2.076829
1989-11-03,1990,1.890422
1989-11-04,1990,1.732694
1989-11-05,1990,1.609497
1989-11-06,1990,1.673281
1989-11-07,1990,2.095063
1989-11-08,1990,1.896948
1989-11-09,1990,1.780404
1989-11-10,1990,1.580681
1989-11-11,1990,1.256504
1989-11-12,1990,0.970878
1989-11-13,1990,0.743907
1989-11-14,1990,0.637386
1989-11-15,1990,1.186002
1989-11-16,1990,1.166093
1989-11-17,1990,1.119994
1989-11-18,1990,1.092844
1989-11-19,1990,1.047056
1989-11-20,1990,0.858001
1989-11-21,1990,0.648684
1989-11-22,1990,0.565615
1989-11-23,1990,0.539316
1989-11-24,1990,0.509561
1989-11-25,1990,1.623770
1989-11-26,1990,2.021543
1989-11-27,1990,3.538875
1989-11-28,1990,4.100339
1989-11-29,1990,3.890016
1989-11-30,1990,3.819324
1989-12-01,1990,3.783249
1989-12-02,1990,3.466355
1989-12-03,1990,3.383605
1989-12-04,1990,3.276365
1989-12-05,1990,2.999499
1989-12-06,1990,3.257815
1989-12-07,1990,4.178680
1989-12-08,1990,4.097554
1989-12-09,1990,3.896441
1989-12-10,1990,4.462514
1989-12-11,1990,5.887648
1989-12-12,1990,5.665809
1989-12-13,1990,5.541928
1989-12-14,1990,5.592025
1989-12-15,1990,5.845963
1989-12-16,1990,6.566393
1989-12-17,1990,7.042742
1989-12-18,1990,7.792213
1989-12-19,1990,7.392526
1989-12-20,1990,6.705587
1989-12-21,1990,6.555231
1989-12-22,1990,6.938391
1989-12-23,1990,6.764143
1989-12-24,1990,6.584996
1989-12-25,1990,6.453763
1989-12-26,1990,6.169873
1989-12-27,1990,6.059784
1989-12-28,1990,5.797881
1989-12-29,1990,5.796146
1989-12-30,1990,5.928842
1989-12-31,1990,6.564516
1990-01-01,1990,6.466646
1990-01-02,1990,6.295883
1990-01-03,1990,7.363212
1990-01-04,1990,8.129739
1990-01-05,1990,8.116586
1990-01-06,1990,8.042731
1990-01-07,1990,7.840011
1990-01-08,1990,7.747906
1990-01-09,1990,7.657625
1990-01-10,1990,7.363669
1990-01-11,1990,6.781708
1990-01-12,1990,6.389161
1990-01-13,1990,6.191396
1990-01-14,1990,6.648404
1990-01-15,1990,7.128054
1990-01-16,1990,7.728709
1990-01-17,1990,7.842154
1990-01-18,1990,7.916974
1990-01-19,1990,9.956004
1990-01-20,1990,11.145247
1990-01-21,1990,10.618627
1990-01-22,1990,10.177351
1990-01-23,1990,9.774204
1990-01-24,1990,10.212344
1990-01-25,1990,10.395793
1990-01-26,1990,9.737053
1990-01-27,1990,9.597211
1990-01-28,1990,9.405465
1990-01-29,1990,9.338438
1990-01-30,1990,10.149504
1990-01-31,1990,10.237161
1990-02-01,1990,10.726299
1990-02-02,1990,11.397656
1990-02-03,1990,11.609333
1990-02-04,1990,11.136375
1990-02-05,1990,10.853870
1990-02-06,1990,10.754161
1990-02-07,1990,10.545529
1990-02-08,1990,11.155541
1990-02-09,1990,11.789233
1990-02-10,1990,11.656663
1990-02-11,1990,11.053456
1990-02-12,1990,10.635517
1990-02-13,1990,10.923505
1990-02-14,1990,11.424971
1990-02-15,1990,14.048293
1990-02-16,1990,14.500116
1990-02-17,1990,14.307273
1990-02-18,1990,14.969820
1990-02-19,1990,14.861893
1990-02-20,1990,15.620537
1990-02-21,1990,15.448738
1990-02-22,1990,14.958148
1990-02-23,1990,14.456262
1990-02-24,1990,13.892011
1990-02-25,1990,13.240513
1990-02-26,1990,12.583664
1990-02-27,1990,12.083853
1990-02-28,1990,12.880306
1990-03-01,1990,12.883278
1990-03-02,1990,12.499029
1990-03-03,1990,11.577310
1990-03-04,1990,11.558962
1990-03-05,1990,11.213117
1990-03-06,1990,13.903679
1990-03-07,1990,16.256552
1990-03-08,1990,16.129246
1990-03-09,1990,14.148860
1990-03-10,1990,12.752735
1990-03-11,1990,12.019230
1990-03-12,1990,12.690731
1990-03-13,1990,14.138284
1990-03-14,1990,15.935317
1990-03-15,1990,16.175961
1990-03-16,1990,15.960014
1990-03-17,1990,15.602206
1990-03-18,1990,15.126105
1990-03-19,1990,14.623710
1990-03-20,1990,13.825928
1990-03-21,1990,12.758063
1990-03-22,1990,11.622999
1990-03-23,1990,10.778048
1990-03-24,1990,10.454198
1990-03-25,1990,9.772002
1990-03-26,1990,9.516270
1990-03-27,1990,8.744803
1990-03-28,1990,8.279811
1990-03-29,1990,8.886306
1990-03-30,1990,9.117001
1990-03-31,1990,9.553426
1990-04-01,1990,8.749543
1990-04-02,1990,8.340994
1990-04-03,1990,7.805066
1990-04-04,1990,7.189094
1990-04-05,1990,6.997861
1990-04-06,1990,7.635896
1990-04-07,1990,7.203655
1990-04-08,1990,6.853544
1990-04-09,1990,7.005359
1990-04-10,1990,7.370391
1990-04-11,1990,7.003911
1990-04-12,1990,6.615538
1990-04-13,1990,6.604882
1990-04-14,1990,6.420418
1990-04-15,1990,5.869270
1990-04-16,1990,5.330604
1990-04-17,1990,4.950816
1990-04-18,1990,5.087467
1990-04-19,1990,5.465470
1990-04-20,1990,5.798745
1990-04-21,1990,5.216949
1990-04-22,1990,4.761373
1990-04-23,1990,4.444798
1990-04-24,1990,4.440781
1990-04-25,1990,4.682413
1990-04-26,1990,5.320315
1990-04-27,1990,5.306841
1990-04-28,1990,5.679830
1990-04-29,1990,6.621167
1990-04-30,1990,8.949575
1990-05-01,1990,10.451709
1990-05-02,1990,10.736884
1990-05-03,1990,10.452320
1990-05-04,1990,9.507268
1990-05-05,1990,8.934664
1990-05-06,1990,8.078765
1990-05-07,1990,7.026972
1990-05-08,1990,6.125139
1990-05-09,1990,6.071737
1990-05-10,1990,5.901893
1990-05-11,1990,5.499874
1990-05-12,1990,5.510726
1990-05-13,1990,5.286395
1990-05-14,1990,4.990041
1990-05-15,1990,4.706471
1990-05-16,1990,5.027928
1990-05-17,1990,4.957527
1990-05-18,1990,4.604079
1990-05-19,1990,4.381757
1990-05-20,1990,4.202873
1990-05-21,1990,4.060005
1990-05-22,1990,3.826920
1990-05-23,1990,3.551653
1990-05-24,1990,3.253213
1990-05-25,1990,2.976656
1990-05-26,1990,2.829525
1990-05-27,1990,2.718178
1990-05-28,1990,2.529761
1990-05-29,1990,2.344920
1990-05-30,1990,2.455958
1990-05-31,1990,2.218970
1990-06-01,1990,2.031452
1990-06-02,1990,2.250403
1990-06-03,1990,2.047133
1990-06-04,1990,1.743432
1990-06-05,1990,1.480550
1990-06-06,1990,1.238130
1990-06-07,1990,1.030130
1990-06-08,1990,0.885291
1990-06-09,1990,0.729236
1990-06-10,1990,0.583048
1990-06-11,1990,0.488811
1990-06-12,1990,0.386898
1990-06-13,1990,0.329037
1990-06-14,1990,0.255306
1990-06-15,1990,0.200065
1990-06-16,1990,0.167545
1990-06-17,1990,0.137966
1990-06-18,1990,0.109129
1990-06-19,1990,0.073425
1990-06-20,1990,0.047953
1990-06-21,1990,0.029436
1990-06-22,1990,0.018265
1990-06-23,1990,0.009303
1990-06-24,1990,0.004028
1990-06-25,1990,0.001819
1990-06-26,1990,0.000996
1990-06-27,1990,0.000000
1990-06-28,1990,0.000000
1990-06-29,1990,0.000000
1990-06-30,1990,0.000000
1990-07-01,1990,0.000000
1990-07-02,1990,0.000000
1990-07-03,1990,0.000000
1990-07-04,1990,0.000000
1990-07-05,1990,0.000000
1990-07-06,1990,0.000000
1990-07-07,1990,0.000000
1990-07-08,1990,0.000000
1990-07-09,1990,0.000000
1990-07-10,1990,0.000000
1990-07-11,1990,0.000000
1990-07-12,1990,0.000000
1990-07-13,1990,0.000000
1990-07-14,1990,0.000000
1990-07-15,1990,0.000000
1990-07-16,1990,0.000000
1990-07-17,1990,0.000000
1990-07-18,1990,0.000000
1990-07-19,1990,0.000000
1990-07-20,1990,0.000000
1990-07-21,1990,0.000000
1990-07-22,1990,0.000000
1990-07-23,1990,0.000000
1990-07-24,1990,0.000000
1990-07-25,1990,0.000000
1990-07-26,1990,0.000000
1990-07-27,1990,0.000000
1990-07-28,1990,0.000000
1990-07-29,1990,0.000000
1990-07-30,1990,0.000000
1990-07-31,1990,0.000000
1990-08-01,1990,0.000000
1990-08-02,1990,0.000000
1990-08-03,1990,0.000000
1990-08-04,1990,0.000000
1990-08-05,1990,0.000000
1990-08-06,1990,0.000000
1990-08-07,1990,0.000000
1990-08-08,1990,0.000000
1990-08-09,1990,0.000000
1990-08-10,1990,0.000000
1990-08-11,1990,0.000000
1990-08-12,1990,0.000000
1990-08-13,1990,0.000000
1990-08-14,1990,0.000000
1990-08-15,1990,0.000000
1990-08-16,1990,0.000000
1990-08-17,1990,0.000000
1990-08-18,1990,0.000000
1990-08-19,1990,0.000000
1990-08-20,1990,0.000000
1990-08-21,1990,0.000000
1990-08-22,1990,0.000000
1990-08-23,1990,0.000000
1990-08-24,1990,0.000000
1990-08-25,1990,0.000000
1990-08-26,1990,0.000000
1990-08-27,1990,0.000000
1990-08-28,1990,0.000000
1990-08-29,1990,0.000000
1990-08-30,1990,0.000000
1990-08-31,1990,0.000000
1990-09-01,1990,0.000000
1990-09-02,1990,0.000000
1990-09-03,1990,0.000000
1990-09-04,1990,0.000000
1990-09-05,1990,0.000000
1990-09-06,1990,0.000000
1990-09-07,1990,0.000000
1990-09-08,1990,0.000000
1990-09-09,1990,0.000000
1990-09-10,1990,0.000000
1990-09-11,1990,0.000000
1990-09-12,1990,0.000000
1990-09-13,1990,0.000000
1990-09-14,1990,0.000000
1990-09-15,1990,0.000000
1990-09-16,1990,0.000000
1990-09-17,1990,0.000000
1990-09-18,1990,0.000000
1990-09-19,1990,0.061472
1990-09-20,1990,0.032902
1990-09-21,1990,0.021869
1990-09-22,1990,0.009291
1990-09-23,1990,0.003757
1990-09-24,1990,0.001253
1990-09-25,1990,0.000000
1990-09-26,1990,0.000000
1990-09-27,1990,0.000000
1990-09-28,1990,0.030236
1990-09-29,1990,0.054377
1990-09-30,1990,0.053161
1990-10-01,1991,0.026917
1990-10-02,1991,0.020687
1990-10-03,1991,0.243402
1990-10-04,1991,0.234038
1990-10-05,1991,0.141297
1990-10-06,1991,0.082421
1990-10-07,1991,0.219997
1990-10-08,1991,1.831850
1990-10-09,1991,1.977539
1990-10-10,1991,1.618639
1990-10-11,1991,1.118337
1990-10-12,1991,0.932349
1990-10-13,1991,0.741262
1990-10-14,1991,0.513192
1990-10-15,1991,0.373427
1990-10-16,1991,0.234376
1990-10-17,1991,0.532979
1990-10-18,1991,0.530021
1990-10-19,1991,0.484897
1990-10-20,1991,2.920139
1990-10-21,1991,4.718961
1990-10-22,1991,4.539157
1990-10-23,1991,2.895926
1990-10-24,1991,2.219584
1990-10-25,1991,1.744669
1990-10-26,1991,1.226130
1990-10-27,1991,0.858636
1990-10-28,1991,0.589505
1990-10-29,1991,0.400893
1990-10-30,1991,0.285662
1990-10-31,1991,0.210528
1990-11-01,1991,0.200737
1990-11-02,1991,0.723334
1990-11-03,1991,3.507233
1990-11-04,1991,3.687746
1990-11-05,1991,3.297491
1990-11-06,1991,4.946141
1990-11-07,1991,6.438614
1990-11-08,1991,6.051083
1990-11-09,1991,5.680375
1990-11-10,1991,5.378303
1990-11-11,1991,4.791542
1990-11-12,1991,4.165359
1990-11-13,1991,3.241439
1990-11-14,1991,2.622405
1990-11-15,1991,2.128533
1990-11-16,1991,1.817282
1990-11-17,1991,1.578998
1990-11-18,1991,1.399402
1990-11-19,1991,1.261643
1990-11-20,1991,1.167862
1990-11-21,1991,2.867709
1990-11-22,1991,2.732220
1990-11-23,1991,2.624002
1990-11-24,1991,2.522320
1990-11-25,1991,2.356160
1990-11-26,1991,2.208948
1990-11-27,1991,4.838219
1990-11-28,1991,5.086825
1990-11-29,1991,4.531170
1990-11-30,1991,4.363467
1990-12-01,1991,4.227498
1990-12-02,1991,4.157131
1990-12-03,1991,4.628589
1990-12-04,1991,4.339378
1990-12-05,1991,4.121704
1990-12-06,1991,4.418735
1990-12-07,1991,4.351501
1990-12-08,1991,4.251159
1990-12-09,1991,4.140555
1990-12-10,1991,3.972488
1990-12-11,1991,3.742566
1990-12-12,1991,3.616863
1990-12-13,1991,4.963387
1990-12-14,1991,6.207988
1990-12-15,1991,6.676541
1990-12-16,1991,7.059901
1990-12-17,1991,9.039511
1990-12-18,1991,9.507527
1990-12-19,1991,9.472100
1990-12-20,1991,10.102133
1990-12-21,1991,11.852894
1990-12-22,1991,11.989505
1990-12-23,1991,11.884187
1990-12-24,1991,11.540072
1990-12-25,1991,11.512524
1990-12-26,1991,11.335834
1990-12-27,1991,11.161126
1990-12-28,1991,10.972125
1990-12-29,1991,11.489075
1990-12-30,1991,12.510280
1990-12-31,1991,12.216226
1991-01-01,1991,11.662846
1991-01-02,1991,11.343043
1991-01-03,1991,11.079298
1991-01-04,1991,11.140441
1991-01-05,1991,13.634611
1991-01-06,1991,13.502532
1991-01-07,1991,12.761546
1991-01-08,1991,12.633256
1991-01-09,1991,12.615702
1991-01-10,1991,12.442020
1991-01-11,1991,12.490747
1991-01-12,1991,12.309631
1991-01-13,1991,12.136442
1991-01-14,1991,12.340834
1991-01-15,1991,12.557843
1991-01-16,1991,13.828596
1991-01-17,1991,13.631812
1991-01-18,1991,13.381471
1991-01-19,1991,13.160602
1991-01-20,1991,14.316203
1991-01-21,1991,14.538691
1991-01-22,1991,14.350834
1991-01-23,1991,14.171692
1991-01-24,1991,14.104320
1991-01-25,1991,14.328568
1991-01-26,1991,14.115907
1991-01-27,1991,13.945755
1991-01-28,1991,13.740934
1991-01-29,1991,14.593781
1991-01-30,1991,14.687414
1991-01-31,1991,14.329011
1991-02-01,1991,14.045994
1991-02-02,1991,13.718493
1991-02-03,1991,12.991498
1991-02-04,1991,12.730791
1991-02-05,1991,12.471279
1991-02-06,1991,12.202043
1991-02-07,1991,11.906418
1991-02-08,1991,11.559535
1991-02-09,1991,11.350151
1991-02-10,1991,11.119299
1991-02-11,1991,10.871060
1991-02-12,1991,10.306588
1991-02-13,1991,10.318044
1991-02-14,1991,11.194390
1991-02-15,1991,10.797202
1991-02-16,1991,10.207476
1991-02-17,1991,11.115950
1991-02-18,1991,12.266878
1991-02-19,1991,12.625202
1991-02-20,1991,12.424854
1991-02-21,1991,12.101823
1991-02-22,1991,11.616029
1991-02-23,1991,11.079800
1991-02-24,1991,10.661749
1991-02-25,1991,11.242874
1991-02-26,1991,10.795403
1991-02-27,1991,10.575644
1991-02-28,1991,10.363741
1991-03-01,1991,11.489312
1991-03-02,1991,13.495583
1991-03-03,1991,14.345288
1991-03-04,1991,13.955878
1991-03-05,1991,13.747090
1991-03-06,1991,15.471043
1991-03-07,1991,15.666748
1991-03-08,1991,15.608216
1991-03-09,1991,15.457229
1991-03-10,1991,15.126390
1991-03-11,1991,14.444153
1991-03-12,1991,14.956126
1991-03-13,1991,14.831643
1991-03-14,1991,14.715878
1991-03-15,1991,15.293227
1991-03-16,1991,15.577043
1991-03-17,1991,15.625617
1991-03-18,1991,15.307884
1991-03-19,1991,14.667202
1991-03-20,1991,15.083409
1991-03-21,1991,14.926202
1991-03-22,1991,16.979926
1991-03-23,1991,16.568742
1991-03-24,1991,16.045401
1991-03-25,1991,15.384005
1991-03-26,1991,15.282460
1991-03-27,1991,17.853876
1991-03-28,1991,17.755933
1991-03-29,1991,17.296167
1991-03-30,1991,18.702857
1991-03-31,1991,18.253326
1991-04-01,1991,17.487039
1991-04-02,1991,16.563202
1991-04-03,1991,15.912943
1991-04-04,1991,15.238683
1991-04-05,1991,13.929007
1991-04-06,1991,12.767261
1991-04-07,1991,11.519127
1991-04-08,1991,11.074326
1991-04-09,1991,11.332114
1991-04-10,1991,10.903709
1991-04-11,1991,11.815887
1991-04-12,1991,13.244522
1991-04-13,1991,13.740586
1991-04-14,1991,13.946961
1991-04-15,1991,13.548379
1991-04-16,1991,12.673238
1991-04-17,1991,11.900038
1991-04-18,1991,11.305150
1991-04-19,1991,11.131339
1991-04-20,1991,10.759700
1991-04-21,1991,10.348378
1991-04-22,1991,10.257601
1991-04-23,1991,10.272409
1991-04-24,1991,10.640658
1991-04-25,1991,10.093412
1991-04-26,1991,9.529215
1991-04-27,1991,9.451538
1991-04-28,1991,10.294295
1991-04-29,1991,10.544315
1991-04-30,1991,11.769495
1991-05-01,1991,11.530569
1991-05-02,1991,10.756433
1991-05-03,1991,10.015552
1991-05-04,1991,9.932186
1991-05-05,1991,10.549742
1991-05-06,1991,10.211809
1991-05-07,1991,9.677902
1991-05-08,1991,9.116625
1991-05-09,1991,8.181561
1991-05-10,1991,7.401986
1991-05-11,1991,6.750791
1991-05-12,1991,6.153919
1991-05-13,1991,5.987018
1991-05-14,1991,5.487042
1991-05-15,1991,4.995476
1991-05-16,1991,5.524528
1991-05-17,1991,5.355987
1991-05-18,1991,4.656548
1991-05-19,1991,4.021676
1991-05-20,1991,3.520180
1991-05-21,1991,3.148884
1991-05-22,1991,2.784388
1991-05-23,1991,2.461591
1991-05-24,1991,2.347660
1991-05-25,1991,2.222550
1991-05-26,1991,1.997201
1991-05-27,1991,1.811493
1991-05-28,1991,1.693742
1991-05-29,1991,1.576423
1991-05-30,1991,1.499893
1991-05-31,1991,1.409973
1991-06-01,1991,1.372479
1991-06-02,1991,1.438798
1991-06-03,1991,1.507629
1991-06-04,1991,1.365256
1991-06-05,1991,1.149871
1991-06-06,1991,0.976404
1991-06-07,1991,0.862703
1991-06-08,1991,0.755619
1991-06-09,1991,0.659877
1991-06-10,1991,0.550455
1991-06-11,1991,0.456501
1991-06-12,1991,0.379159
1991-06-13,1991,0.314327
1991-06-14,1991,0.258838
1991-06-15,1991,0.210221
1991-06-16,1991,0.161524
1991-06-17,1991,0.118626
1991-06-18,1991,0.087557
1991-06-19,1991,0.063488
1991-06-20,1991,0.044197
1991-06-21,1991,0.029130
1991-06-22,1991,0.018165
1991-06-23,1991,0.011996
1991-06-24,1991,0.007363
1991-06-25,1991,0.004330
1991-06-26,1991,0.002274
1991-06-27,1991,0.001213
1991-06-28,1991,0.000606
1991-06-29,1991,0.000000
1991-06-30,1991,0.000000
1991-07-01,1991,0.000000
1991-07-02,1991,0.000000
1991-07-03,1991,0.000000
1991-07-04,1991,0.000000
1991-07-05,1991,0.000000
1991-07-06,1991,0.000000
1991-07-07,1991,0.000000
1991-07-08,1991,0.000000
1991-07-09,1991,0.000000
1991-07-10,1991,0.000000
1991-07-11,1991,0.000000
1991-07-12,1991,0.000000
1991-07-13,1991,0.000000
1991-07-14,1991,0.000000
1991-07-15,1991,0.000000
1991-07-16,1991,0.000000
1991-07-17,1991,0.000000
1991-07-18,1991,0.000000
1991-07-19,1991,0.000000
1991-07-20,1991,0.000000
1991-07-21,1991,0.000000
1991-07-22,1991,0.000000
1991-07-23,1991,0.000000
1991-07-24,1991,0.000000
1991-07-25,1991,0.000000
1991-07-26,1991,0.000000
1991-07-27,1991,0.000000
1991-07-28,1991,0.000000
1991-07-29,1991,0.000000
1991-07-30,1991,0.000000
1991-07-31,1991,0.000000
1991-08-01,1991,0.000000
1991-08-02,1991,0.000000
1991-08-03,1991,0.000000
1991-08-04,1991,0.000000
1991-08-05,1991,0.000000
1991-08-06,1991,0.000000
1991-08-07,1991,0.000000
1991-08-08,1991,0.000000
1991-08-09,1991,0.000000
1991-08-10,1991,0.000000
1991-08-11,1991,0.000000
1991-08-12,1991,0.000000
1991-08-13,1991,0.000000
1991-08-14,1991,0.000000
1991-08-15,1991,0.000000
1991-08-16,1991,0.000000
1991-08-17,1991,0.000000
1991-08-18,1991,0.000000
1991-08-19,1991,0.000000
1991-08-20,1991,0.000000
1991-08-21,1991,0.000000
1991-08-22,1991,0.000000
1991-08-23,1991,0.000000
1991-08-24,1991,0.000000
1991-08-25,1991,0.000000
1991-08-26,1991,0.000000
1991-08-27,1991,0.000000
1991-08-28,1991,0.000000
1991-08-29,1991,0.000000
1991-08-30,1991,0.000000
1991-08-31,1991,0.000000
1991-09-01,1991,0.000000
1991-09-02,1991,0.000000
1991-09-03,1991,0.000000
1991-09-04,1991,0.000000
1991-09-05,1991,0.011229
1991-09-06,1991,0.005739
1991-09-07,1991,0.001934
1991-09-08,1991,0.001880
1991-09-09,1991,0.000555
1991-09-10,1991,0.000178
1991-09-11,1991,0.000000
1991-09-12,1991,0.000000
1991-09-13,1991,0.000404
1991-09-14,1991,0.001407
1991-09-15,1991,0.054432
1991-09-16,1991,0.051713
1991-09-17,1991,0.030050
1991-09-18,1991,0.015062
1991-09-19,1991,0.006468
1991-09-20,1991,0.003381
1991-09-21,1991,0.000900
1991-09-22,1991,0.000000
1991-09-23,1991,0.000000
1991-09-24,1991,0.000000
1991-09-25,1991,0.000000
1991-09-26,1991,0.000000
1991-09-27,1991,0.000000
1991-09-28,1991,0.000000
1991-09-29,1991,0.000225
1991-09-30,1991,0.001368
1991-10-01,1992,0.004848
1991-10-02,1992,0.002857
1991-10-03,1992,0.000672
1991-10-04,1992,0.039613
1991-10-05,1992,0.149488
1991-10-06,1992,0.121722
1991-10-07,1992,0.075681
1991-10-08,1992,0.035815
1991-10-09,1992,0.015765
1991-10-10,1992,0.006265
1991-10-11,1992,0.001214
1991-10-12,1992,0.000000
1991-10-13,1992,0.000000
1991-10-14,1992,0.000000
1991-10-15,1992,0.000000
1991-10-16,1992,0.000000
1991-10-17,1992,0.000000
1991-10-18,1992,0.000000
1991-10-19,1992,0.000000
1991-10-20,1992,0.001530
1991-10-21,1992,0.001517
1991-10-22,1992,0.001350
1991-10-23,1992,0.002722
1991-10-24,1992,1.399672
1991-10-25,1992,2.392637
1991-10-26,1992,2.273346
1991-10-27,1992,1.908930
1991-10-28,1992,3.036161
1991-10-29,1992,4.484800
1991-10-30,1992,6.436604
1991-10-31,1992,7.985694
1991-11-01,1992,7.543578
1991-11-02,1992,8.426617
1991-11-03,1992,8.301927
1991-11-04,1992,7.753904
1991-11-05,1992,7.315051
1991-11-06,1992,6.690239
1991-11-07,1992,6.515635
1991-11-08,1992,5.825239
1991-11-09,1992,5.212451
1991-11-10,1992,4.685018
1991-11-11,1992,4.502724
1991-11-12,1992,4.464214
1991-11-13,1992,4.118000
1991-11-14,1992,3.455107
1991-11-15,1992,4.548434
1991-11-16,1992,7.194613
1991-11-17,1992,9.086389
1991-11-18,1992,9.485750
1991-11-19,1992,9.958267
1991-11-20,1992,9.296200
1991-11-21,1992,8.827610
1991-11-22,1992,9.356704
1991-11-23,1992,9.558869
1991-11-24,1992,9.394031
1991-11-25,1992,9.610843
1991-11-26,1992,9.626565
1991-11-27,1992,9.689418
1991-11-28,1992,9.310910
1991-11-29,1992,10.193871
1991-11-30,1992,11.713009
1991-12-01,1992,13.404209
1991-12-02,1992,12.433060
1991-12-03,1992,12.546595
1991-12-04,1992,12.327104
1991-12-05,1992,11.773270
1991-12-06,1992,11.471235
1991-12-07,1992,10.929829
1991-12-08,1992,10.664672
1991-12-09,1992,10.609562
1991-12-10,1992,10.404325
1991-12-11,1992,10.527161
1991-12-12,1992,11.977735
1991-12-13,1992,12.087721
1991-12-14,1992,12.306243
1991-12-15,1992,11.989321
1991-12-16,1992,11.633169
1991-12-17,1992,11.385704
1991-12-18,1992,11.209372
1991-12-19,1992,12.818675
1991-12-20,1992,13.205859
1991-12-21,1992,13.038882
1991-12-22,1992,12.842483
1991-12-23,1992,12.900327
1991-12-24,1992,12.769535
1991-12-25,1992,12.636301
1991-12-26,1992,12.497939
1991-12-27,1992,12.384215
1991-12-28,1992,12.269414
1991-12-29,1992,12.154044
1991-12-30,1992,12.211940
1991-12-31,1992,12.696889
1992-01-01,1992,13.256153
1992-01-02,1992,13.112259
1992-01-03,1992,12.948694
1992-01-04,1992,13.140803
1992-01-05,1992,13.586335
1992-01-06,1992,13.239168
1992-01-07,1992,14.696430
1992-01-08,1992,16.643515
1992-01-09,1992,16.447487
1992-01-10,1992,16.236821
1992-01-11,1992,15.908097
1992-01-12,1992,16.229926
1992-01-13,1992,17.181277
1992-01-14,1992,17.025126
1992-01-15,1992,17.441481
1992-01-16,1992,16.860728
1992-01-17,1992,16.545841
1992-01-18,1992,16.386177
1992-01-19,1992,16.205745
1992-01-20,1992,15.993548
1992-01-21,1992,15.840319
1992-01-22,1992,15.640963
1992-01-23,1992,15.419682
1992-01-24,1992,15.265051
1992-01-25,1992,14.915151
1992-01-26,1992,14.540723
1992-01-27,1992,14.233594
1992-01-28,1992,14.090320
1992-01-29,1992,14.110884
1992-01-30,1992,13.842664
1992-01-31,1992,13.629176
1992-02-01,1992,13.373316
1992-02-02,1992,13.078306
1992-02-03,1992,12.920482
1992-02-04,1992,13.252302
1992-02-05,1992,13.479613
1992-02-06,1992,13.283844
1992-02-07,1992,13.122538
1992-02-08,1992,12.953378
1992-02-09,1992,13.186305
1992-02-10,1992,13.034555
1992-02-11,1992,13.446307
1992-02-12,1992,13.871990
1992-02-13,1992,13.776565
1992-02-14,1992,16.156677
1992-02-15,1992,16.129409
1992-02-16,1992,16.092096
1992-02-17,1992,17.591974
1992-02-18,1992,17.496812
1992-02-19,1992,17.286011
1992-02-20,1992,17.026793
1992-02-21,1992,16.859008
1992-02-22,1992,16.485892
1992-02-23,1992,17.096198
1992-02-24,1992,17.344061
1992-02-25,1992,17.020601
1992-02-26,1992,16.923164
1992-02-27,1992,16.615141
1992-02-28,1992,16.181666
1992-02-29,1992,15.553798
1992-03-01,1992,14.978254
1992-03-02,1992,14.348307
1992-03-03,1992,13.707078
1992-03-04,1992,14.978694
1992-03-05,1992,18.700914
1992-03-06,1992,18.988779
1992-03-07,1992,17.880203
1992-03-08,1992,17.395703
1992-03-09,1992,19.595258
1992-03-10,1992,17.792367
1992-03-11,1992,17.341923
1992-03-12,1992,16.816244
1992-03-13,1992,16.244352
1992-03-14,1992,15.717804
1992-03-15,1992,15.071655
1992-03-16,1992,14.365817
1992-03-17,1992,13.616208
1992-03-18,1992,13.522983
1992-03-19,1992,14.047130
1992-03-20,1992,14.233999
1992-03-21,1992,14.030356
1992-03-22,1992,15.866979
1992-03-23,1992,15.752716
1992-03-24,1992,15.876463
1992-03-25,1992,15.958170
1992-03-26,1992,15.495517
1992-03-27,1992,14.997373
1992-03-28,1992,15.736815
1992-03-29,1992,15.994974
1992-03-30,1992,15.781993
1992-03-31,1992,15.196180
1992-04-01,1992,15.712531
1992-04-02,1992,15.425165
1992-04-03,1992,14.952793
1992-04-04,1992,14.166307
1992-04-05,1992,13.324464
1992-04-06,1992,11.950744
1992-04-07,1992,11.211869
1992-04-08,1992,10.650035
1992-04-09,1992,9.599353
1992-04-10,1992,8.897487
1992-04-11,1992,8.201185
1992-04-12,1992,7.548737
1992-04-13,1992,6.821422
1992-04-14,1992,6.384939
1992-04-15,1992,6.041555
1992-04-16,1992,6.057363
1992-04-17,1992,5.936091
1992-04-18,1992,6.427235
1992-04-19,1992,7.271589
1992-04-20,1992,7.518257
1992-04-21,1992,7.390766
1992-04-22,1992,6.883315
1992-04-23,1992,6.891346
1992-04-24,1992,6.676634
1992-04-25,1992,6.295386
1992-04-26,1992,5.886523
1992-04-27,1992,5.460739
1992-04-28,1992,4.950860
1992-04-29,1992,4.482585
1992-04-30,1992,3.994091
1992-05-01,1992,3.531888
1992-05-02,1992,3.198028
1992-05-03,1992,2.935221
1992-05-04,1992,2.685964
1992-05-05,1992,2.534118
1992-05-06,1992,2.337046
1992-05-07,1992,2.183883
1992-05-08,1992,2.011605
1992-05-09,1992,1.817849
1992-05-10,1992,1.908461
1992-05-11,1992,1.927653
1992-05-12,1992,1.726456
1992-05-13,1992,1.527764
1992-05-14,1992,1.353641
1992-05-15,1992,1.212832
1992-05-16,1992,1.092048
1992-05-17,1992,0.975368
1992-05-18,1992,0.847572
1992-05-19,1992,0.721080
1992-05-20,1992,0.636862
1992-05-21,1992,0.582566
1992-05-22,1992,0.504100
1992-05-23,1992,0.442154
1992-05-24,1992,0.413002
1992-05-25,1992,0.379061
1992-05-26,1992,0.374253
1992-05-27,1992,0.320787
1992-05-28,1992,0.431250
1992-05-29,1992,0.390268
1992-05-30,1992,0.411657
1992-05-31,1992,0.319616
1992-06-01,1992,0.658957
1992-06-02,1992,0.567160
1992-06-03,1992,0.288786
1992-06-04,1992,0.161358
1992-06-05,1992,0.110106
1992-06-06,1992,0.077900
1992-06-07,1992,0.053279
1992-06-08,1992,0.037795
1992-06-09,1992,0.038334
1992-06-10,1992,0.025461
1992-06-11,1992,0.015097
1992-06-12,1992,0.009559
1992-06-13,1992,0.006087
1992-06-14,1992,0.003878
1992-06-15,1992,0.002664
1992-06-16,1992,0.001820
1992-06-17,1992,0.022742
1992-06-18,1992,0.009278
1992-06-19,1992,0.002836
1992-06-20,1992,0.000000
1992-06-21,1992,0.000000
1992-06-22,1992,0.000000
1992-06-23,1992,0.000000
1992-06-24,1992,0.000000
1992-06-25,1992,0.000000
1992-06-26,1992,0.000000
1992-06-27,1992,0.000000
1992-06-28,1992,0.000000
1992-06-29,1992,0.000000
1992-06-30,1992,0.000000
1992-07-01,1992,0.000000
1992-07-02,1992,0.004023
1992-07-03,1992,0.002490
1992-07-04,1992,0.000164
1992-07-05,1992,0.000000
1992-07-06,1992,0.000000
1992-07-07,1992,0.000000
1992-07-08,1992,0.000000
1992-07-09,1992,0.000000
1992-07-10,1992,0.000000
1992-07-11,1992,0.000000
1992-07-12,1992,0.000000
1992-07-13,1992,0.000000
1992-07-14,1992,0.000000
1992-07-15,1992,0.000000
1992-07-16,1992,0.000000
1992-07-17,1992,0.000000
1992-07-18,1992,0.000000
1992-07-19,1992,0.000000
1992-07-20,1992,0.000000
1992-07-21,1992,0.000000
1992-07-22,1992,0.000000
1992-07-23,1992,0.000000
1992-07-24,1992,0.000000
1992-07-25,1992,0.000000
1992-07-26,1992,0.000000
1992-07-27,1992,0.000000
1992-07-28,1992,0.000000
1992-07-29,1992,0.000000
1992-07-30,1992,0.000000
1992-07-31,1992,0.000000
1992-08-01,1992,0.000000
1992-08-02,1992,0.000000
1992-08-03,1992,0.000000
1992-08-04,1992,0.000000
1992-08-05,1992,0.000000
1992-08-06,1992,0.000000
1992-08-07,1992,0.000000
1992-08-08,1992,0.000000
1992-08-09,1992,0.000000
1992-08-10,1992,0.000000
1992-08-11,1992,0.000000
1992-08-12,1992,0.000000
1992-08-13,1992,0.000000
1992-08-14,1992,0.000000
1992-08-15,1992,0.000000
1992-08-16,1992,0.000000
1992-08-17,1992,0.000000
1992-08-18,1992,0.000000
1992-08-19,1992,0.000000
1992-08-20,1992,0.000000
1992-08-21,1992,0.000000
1992-08-22,1992,0.000000
1992-08-23,1992,0.000000
1992-08-24,1992,0.059275
1992-08-25,1992,0.735443
1992-08-26,1992,0.465113
1992-08-27,1992,0.285667
1992-08-28,1992,0.157257
1992-08-29,1992,0.071632
1992-08-30,1992,0.032556
1992-08-31,1992,0.015717
1992-09-01,1992,0.033491
1992-09-02,1992,0.019458
1992-09-03,1992,0.007914
1992-09-04,1992,0.002780
1992-09-05,1992,0.003696
1992-09-06,1992,0.002198
1992-09-07,1992,0.000935
1992-09-08,1992,0.000000
1992-09-09,1992,0.000000
1992-09-10,1992,0.000000
1992-09-11,1992,0.000000
1992-09-12,1992,0.000000
1992-09-13,1992,0.000000
1992-09-14,1992,0.000000
1992-09-15,1992,0.000000
1992-09-16,1992,0.000000
1992-09-17,1992,0.000000
1992-09-18,1992,0.000000
1992-09-19,1992,0.008347
1992-09-20,1992,0.006794
1992-09-21,1992,0.038774
1992-09-22,1992,0.020607
1992-09-23,1992,0.008535
1992-09-24,1992,0.002444
1992-09-25,1992,0.028625
1992-09-26,1992,0.050031
1992-09-27,1992,0.035406
1992-09-28,1992,0.020604
1992-09-29,1992,0.009929
1992-09-30,1992,0.004871
1992-10-01,1993,0.000996
1992-10-02,1993,0.000347
1992-10-03,1993,0.000000
1992-10-04,1993,0.000000
1992-10-05,1993,0.000000
1992-10-06,1993,0.002419
1992-10-07,1993,0.452383
1992-10-08,1993,0.569637
1992-10-09,1993,0.509701
1992-10-10,1993,0.387282
1992-10-11,1993,0.265374
1992-10-12,1993,0.147746
1992-10-13,1993,0.077467
1992-10-14,1993,0.038883
1992-10-15,1993,0.023774
1992-10-16,1993,0.019137
1992-10-17,1993,0.045228
1992-10-18,1993,0.035596
1992-10-19,1993,0.026850
1992-10-20,1993,0.019079
1992-10-21,1993,0.012682
1992-10-22,1993,0.027197
1992-10-23,1993,0.018022
1992-10-24,1993,0.009684
1992-10-25,1993,0.024632
1992-10-26,1993,0.173680
1992-10-27,1993,0.134610
1992-10-28,1993,0.121017
1992-10-29,1993,0.404001
1992-10-30,1993,0.630651
1992-10-31,1993,2.153987
1992-11-01,1993,3.016053
1992-11-02,1993,3.856254
1992-11-03,1993,6.103381
1992-11-04,1993,6.942313
1992-11-05,1993,6.960157
1992-11-06,1993,7.120865
1992-11-07,1993,6.934728
1992-11-08,1993,6.873781
1992-11-09,1993,7.209192
1992-11-10,1993,7.908425
1992-11-11,1993,8.888639
1992-11-12,1993,9.004572
1992-11-13,1993,8.801290
1992-11-14,1993,8.518652
1992-11-15,1993,7.951141
1992-11-16,1993,7.158619
1992-11-17,1993,6.734713
1992-11-18,1993,6.398624
1992-11-19,1993,6.316010
1992-11-20,1993,6.952348
1992-11-21,1993,9.642179
1992-11-22,1993,9.281402
1992-11-23,1993,10.043175
1992-11-24,1993,11.927172
1992-11-25,1993,11.463401
1992-11-26,1993,11.233476
1992-11-27,1993,10.909356
1992-11-28,1993,10.723553
1992-11-29,1993,11.335793
1992-11-30,1993,11.238764
1992-12-01,1993,11.109190
1992-12-02,1993,10.758142
1992-12-03,1993,10.516038
1992-12-04,1993,10.803895
1992-12-05,1993,13.142354
1992-12-06,1993,14.359074
1992-12-07,1993,13.840409
1992-12-08,1993,13.494316
1992-12-09,1993,12.665219
1992-12-10,1993,13.246565
1992-12-11,1993,12.721056
1992-12-12,1993,12.336358
1992-12-13,1993,14.547946
1992-12-14,1993,15.017340
1992-12-15,1993,15.199282
1992-12-16,1993,15.755579
1992-12-17,1993,15.535812
1992-12-18,1993,16.269600
1992-12-19,1993,17.297146
1992-12-20,1993,16.860146
1992-12-21,1993,16.490408
1992-12-22,1993,16.240796
1992-12-23,1993,15.958844
1992-12-24,1993,15.669141
1992-12-25,1993,15.221171
1992-12-26,1993,14.932291
1992-12-27,1993,14.612717
1992-12-28,1993,14.814847
1992-12-29,1993,16.605562
1992-12-30,1993,16.622587
1992-12-31,1993,16.997346
1993-01-01,1993,16.556301
1993-01-02,1993,16.184236
1993-01-03,1993,16.846162
1993-01-04,1993,16.697913
1993-01-05,1993,16.459447
1993-01-06,1993,16.236681
1993-01-07,1993,17.644394
1993-01-08,1993,19.337087
1993-01-09,1993,21.308117
1993-01-10,1993,21.221875
1993-01-11,1993,22.082263
1993-01-12,1993,22.518253
1993-01-13,1993,22.204627
1993-01-14,1993,22.551620
1993-01-15,1993,22.248247
1993-01-16,1993,21.760035
1993-01-17,1993,21.527202
1993-01-18,1993,21.636584
1993-01-19,1993,22.268820
1993-01-20,1993,23.154835
1993-01-21,1993,22.671589
1993-01-22,1993,22.211509
1993-01-23,1993,22.319617
1993-01-24,1993,22.355489
1993-01-25,1993,22.276993
1993-01-26,1993,21.866445
1993-01-27,1993,21.374278
1993-01-28,1993,20.959726
1993-01-29,1993,20.735608
1993-01-30,1993,20.555970
1993-01-31,1993,20.226369
1993-02-01,1993,20.206538
1993-02-02,1993,20.783909
1993-02-03,1993,21.031292
1993-02-04,1993,20.922823
1993-02-05,1993,20.957110
1993-02-06,1993,20.680587
1993-02-07,1993,20.242633
1993-02-08,1993,20.896417
1993-02-09,1993,21.517541
1993-02-10,1993,22.459132
1993-02-11,1993,22.979663
1993-02-12,1993,22.679156
1993-02-13,1993,22.575941
1993-02-14,1993,21.938565
1993-02-15,1993,22.889880
1993-02-16,1993,23.988882
1993-02-17,1993,25.192637
1993-02-18,1993,25.697398
1993-02-19,1993,25.768482
1993-02-20,1993,26.569547
1993-02-21,1993,27.570590
1993-02-22,1993,27.881809
1993-02-23,1993,28.155196
1993-02-24,1993,28.687017
1993-02-25,1993,29.893867
1993-02-26,1993,29.582791
1993-02-27,1993,29.223644
1993-02-28,1993,28.607036
1993-03-01,1993,28.403470
1993-03-02,1993,28.224041
1993-03-03,1993,27.685226
1993-03-04,1993,27.217537
1993-03-05,1993,25.785668
1993-03-06,1993,24.787655
1993-03-07,1993,24.235013
1993-03-08,1993,23.632352
1993-03-09,1993,22.968671
1993-03-10,1993,21.687386
1993-03-11,1993,22.156407
1993-03-12,1993,23.417578
1993-03-13,1993,23.095574
1993-03-14,1993,23.610402
1993-03-15,1993,24.055623
1993-03-16,1993,23.848329
1993-03-17,1993,23.258542
1993-03-18,1993,23.583897
1993-03-19,1993,23.127388
1993-03-20,1993,22.240860
1993-03-21,1993,21.528661
1993-03-22,1993,20.968146
1993-03-23,1993,20.316697
1993-03-24,1993,19.536883
1993-03-25,1993,18.643674
1993-03-26,1993,17.681799
1993-03-27,1993,17.342839
1993-03-28,1993,20.226678
1993-03-29,1993,20.882342
1993-03-30,1993,21.395902
1993-03-31,1993,21.951439
1993-04-01,1993,21.637125
1993-04-02,1993,21.125892
1993-04-03,1993,22.088602
1993-04-04,1993,22.313513
1993-04-05,1993,21.618081
1993-04-06,1993,22.188568
1993-04-07,1993,23.193122
1993-04-08,1993,22.632439
1993-04-09,1993,22.101704
1993-04-10,1993,21.683006
1993-04-11,1993,21.016041
1993-04-12,1993,20.546927
1993-04-13,1993,21.556113
1993-04-14,1993,21.221583
1993-04-15,1993,21.025898
1993-04-16,1993,20.790448
1993-04-17,1993,21.027837
1993-04-18,1993,20.245293
1993-04-19,1993,20.222279
1993-04-20,1993,20.762600
1993-04-21,1993,20.314494
1993-04-22,1993,19.648213
1993-04-23,1993,18.579843
1993-04-24,1993,18.405520
1993-04-25,1993,18.961212
1993-04-26,1993,17.738804
1993-04-27,1993,16.767492
1993-04-28,1993,15.991856
1993-04-29,1993,15.295538
1993-04-30,1993,14.581245
1993-05-01,1993,14.848440
1993-05-02,1993,15.222283
1993-05-03,1993,13.973173
1993-05-04,1993,13.110055
1993-05-05,1993,12.708326
1993-05-06,1993,12.939129
1993-05-07,1993,12.611435
1993-05-08,1993,12.935607
1993-05-09,1993,13.574842
1993-05-10,1993,13.065536
1993-05-11,1993,12.433609
1993-05-12,1993,11.804779
1993-05-13,1993,10.933969
1993-05-14,1993,10.123038
1993-05-15,1993,9.331518
1993-05-16,1993,8.491066
1993-05-17,1993,7.738622
1993-05-18,1993,7.180506
1993-05-19,1993,6.626895
1993-05-20,1993,6.048177
1993-05-21,1993,5.471791
1993-05-22,1993,4.826557
1993-05-23,1993,4.402439
1993-05-24,1993,4.082236
1993-05-25,1993,3.733705
1993-05-26,1993,3.268134
1993-05-27,1993,2.817353
1993-05-28,1993,2.381721
1993-05-29,1993,1.991985
1993-05-30,1993,1.653225
1993-05-31,1993,1.367139
1993-06-01,1993,1.052724
1993-06-02,1993,0.829627
1993-06-03,1993,0.716197
1993-06-04,1993,0.787141
1993-06-05,1993,0.653478
1993-06-06,1993,0.491454
1993-06-07,1993,1.135017
1993-06-08,1993,1.147280
1993-06-09,1993,0.941066
1993-06-10,1993,0.749661
1993-06-11,1993,0.493200
1993-06-12,1993,0.353328
1993-06-13,1993,0.264509
1993-06-14,1993,0.201698
1993-06-15,1993,0.174891
1993-06-16,1993,0.142871
1993-06-17,1993,0.118660
1993-06-18,1993,0.153177
1993-06-19,1993,0.134074
1993-06-20,1993,0.094055
1993-06-21,1993,0.066415
1993-06-22,1993,0.045133
1993-06-23,1993,0.027837
1993-06-24,1993,0.016479
1993-06-25,1993,0.010177
1993-06-26,1993,0.005543
1993-06-27,1993,0.002815
1993-06-28,1993,0.001213
1993-06-29,1993,0.000606
1993-06-30,1993,0.000000
1993-07-01,1993,0.000000
1993-07-02,1993,0.000000
1993-07-03,1993,0.000000
1993-07-04,1993,0.003961
1993-07-05,1993,0.069969
1993-07-06,1993,0.034869
1993-07-07,1993,0.010538
1993-07-08,1993,0.001635
1993-07-09,1993,0.000000
1993-07-10,1993,0.000000
1993-07-11,1993,0.000000
1993-07-12,1993,0.000000
1993-07-13,1993,0.000000
1993-07-14,1993,0.000000
1993-07-15,1993,0.000000
1993-07-16,1993,0.000000
1993-07-17,1993,0.000000
1993-07-18,1993,0.000000
1993-07-19,1993,0.000000
1993-07-20,1993,0.000000
1993-07-21,1993,0.000000
1993-07-22,1993,0.000000
1993-07-23,1993,0.000000
1993-07-24,1993,0.000000
1993-07-25,1993,0.000000
1993-07-26,1993,0.000000
1993-07-27,1993,0.000000
1993-07-28,1993,0.000000
1993-07-29,1993,0.000000
1993-07-30,1993,0.000000
1993-07-31,1993,0.000000
1993-08-01,1993,0.000000
1993-08-02,1993,0.000000
1993-08-03,1993,0.000000
1993-08-04,1993,0.000000
1993-08-05,1993,0.000000
1993-08-06,1993,0.000000
1993-08-07,1993,0.000000
1993-08-08,1993,0.000000
1993-08-09,1993,0.000000
1993-08-10,1993,0.000000
1993-08-11,1993,0.000000
1993-08-12,1993,0.000000
1993-08-13,1993,0.000000
1993-08-14,1993,0.000000
1993-08-15,1993,0.000000
1993-08-16,1993,0.000000
1993-08-17,1993,0.000000
1993-08-18,1993,0.000000
1993-08-19,1993,0.000000
1993-08-20,1993,0.000000
1993-08-21,1993,0.000000
1993-08-22,1993,0.000000
1993-08-23,1993,0.000000
1993-08-24,1993,0.000000
1993-08-25,1993,0.000000
1993-08-26,1993,0.000000
1993-08-27,1993,0.000000
1993-08-28,1993,0.000000
1993-08-29,1993,0.000000
1993-08-30,1993,0.000549
1993-08-31,1993,0.000515
1993-09-01,1993,0.000165
1993-09-02,1993,0.000000
1993-09-03,1993,0.000000
1993-09-04,1993,0.000000
1993-09-05,1993,0.000000
1993-09-06,1993,0.000000
1993-09-07,1993,0.000000
1993-09-08,1993,0.003047
1993-09-09,1993,0.001298
1993-09-10,1993,0.000351
1993-09-11,1993,0.000000
1993-09-12,1993,0.000000
1993-09-13,1993,0.173867
1993-09-14,1993,0.779087
1993-09-15,1993,0.541084
1993-09-16,1993,0.269019
1993-09-17,1993,0.166644
1993-09-18,1993,0.091020
1993-09-19,1993,0.183994
1993-09-20,1993,0.134056
1993-09-21,1993,0.068804
1993-09-22,1993,0.029242
1993-09-23,1993,0.009657
1993-09-24,1993,0.002972
1993-09-25,1993,0.007404
1993-09-26,1993,0.009085
1993-09-27,1993,0.006446
1993-09-28,1993,0.003280
1993-09-29,1993,0.001199
1993-09-30,1993,0.000350
1993-10-01,1994,0.000000
1993-10-02,1994,0.000000
1993-10-03,1994,0.000000
1993-10-04,1994,0.000000
1993-10-05,1994,0.000000
1993-10-06,1994,0.000000
1993-10-07,1994,0.128056
1993-10-08,1994,0.445826
1993-10-09,1994,0.937822
1993-10-10,1994,1.293681
1993-10-11,1994,1.153924
1993-10-12,1994,0.963271
1993-10-13,1994,0.783535
1993-10-14,1994,0.600128
1993-10-15,1994,0.646824
1993-10-16,1994,0.952488
1993-10-17,1994,1.270142
1993-10-18,1994,2.254254
1993-10-19,1994,2.471575
1993-10-20,1994,2.323136
1993-10-21,1994,2.199353
1993-10-22,1994,1.856502
1993-10-23,1994,1.540232
1993-10-24,1994,1.259044
1993-10-25,1994,1.021906
1993-10-26,1994,1.265168
1993-10-27,1994,2.175511
1993-10-28,1994,2.041151
1993-10-29,1994,3.753163
1993-10-30,1994,4.087690
1993-10-31,1994,3.839143
1993-11-01,1994,3.503661
1993-11-02,1994,3.831300
1993-11-03,1994,3.730250
1993-11-04,1994,3.531626
1993-11-05,1994,4.385182
1993-11-06,1994,4.555837
1993-11-07,1994,4.433321
1993-11-08,1994,4.308392
1993-11-09,1994,4.194874
1993-11-10,1994,4.065288
1993-11-11,1994,3.817999
1993-11-12,1994,6.419623
1993-11-13,1994,7.499691
1993-11-14,1994,9.891512
1993-11-15,1994,10.293614
1993-11-16,1994,10.061487
1993-11-17,1994,9.822805
1993-11-18,1994,9.521311
1993-11-19,1994,9.993744
1993-11-20,1994,9.769658
1993-11-21,1994,9.577507
1993-11-22,1994,9.333198
1993-11-23,1994,9.463251
1993-11-24,1994,10.977844
1993-11-25,1994,11.696807
1993-11-26,1994,11.795307
1993-11-27,1994,11.715289
1993-11-28,1994,11.523244
1993-11-29,1994,11.224207
1993-11-30,1994,10.882949
1993-12-01,1994,10.730376
1993-12-02,1994,10.552115
1993-12-03,1994,10.938088
1993-12-04,1994,10.842782
1993-12-05,1994,10.824085
1993-12-06,1994,10.668400
1993-12-07,1994,10.592729
1993-12-08,1994,10.410995
1993-12-09,1994,10.123096
1993-12-10,1994,9.876111
1993-12-11,1994,9.611017
1993-12-12,1994,9.636250
1993-12-13,1994,11.313826
1993-12-14,1994,11.174606
1993-12-15,1994,11.009020
1993-12-16,1994,12.113900
1993-12-17,1994,12.653174
1993-12-18,1994,12.497331
1993-12-19,1994,12.342977
1993-12-20,1994,13.209191
1993-12-21,1994,13.008419
1993-12-22,1994,13.602223
1993-12-23,1994,14.137803
1993-12-24,1994,14.438000
1993-12-25,1994,14.206309
1993-12-26,1994,13.872640
1993-12-27,1994,13.544447
1993-12-28,1994,14.213105
1993-12-29,1994,13.976173
1993-12-30,1994,13.739705
1993-12-31,1994,13.511061
1994-01-01,1994,13.291672
1994-01-02,1994,13.325341
1994-01-03,1994,13.167149
1994-01-04,1994,13.101276
1994-01-05,1994,12.886798
1994-01-06,1994,14.378074
1994-01-07,1994,14.872861
1994-01-08,1994,14.646779
1994-01-09,1994,14.421707
1994-01-10,1994,14.612313
1994-01-11,1994,14.432039
1994-01-12,1994,14.244274
1994-01-13,1994,14.110505
1994-01-14,1994,13.911604
1994-01-15,1994,13.621256
1994-01-16,1994,13.393417
1994-01-17,1994,13.741004
1994-01-18,1994,13.569635
1994-01-19,1994,13.255757
1994-01-20,1994,12.975609
1994-01-21,1994,12.724452
1994-01-22,1994,12.463202
1994-01-23,1994,12.240643
1994-01-24,1994,12.010448
1994-01-25,1994,11.808958
1994-01-26,1994,13.164138
1994-01-27,1994,14.936403
1994-01-28,1994,15.255783
1994-01-29,1994,15.277210
1994-01-30,1994,16.601211
1994-01-31,1994,16.974376
1994-02-01,1994,16.867806
1994-02-02,1994,16.673417
1994-02-03,1994,16.425889
1994-02-04,1994,16.194657
1994-02-05,1994,17.121791
1994-02-06,1994,16.924726
1994-02-07,1994,16.550823
1994-02-08,1994,18.727091
1994-02-09,1994,20.853260
1994-02-10,1994,20.367464
1994-02-11,1994,20.463998
1994-02-12,1994,22.602049
1994-02-13,1994,22.185146
1994-02-14,1994,21.754986
1994-02-15,1994,21.254446
1994-02-16,1994,20.795417
1994-02-17,1994,20.197636
1994-02-18,1994,20.463704
1994-02-19,1994,21.262049
1994-02-20,1994,21.923245
1994-02-21,1994,22.102342
1994-02-22,1994,22.867435
1994-02-23,1994,23.122707
1994-02-24,1994,22.851557
1994-02-25,1994,22.574568
1994-02-26,1994,21.792680
1994-02-27,1994,20.833181
1994-02-28,1994,20.729251
1994-03-01,1994,20.945187
1994-03-02,1994,20.371616
1994-03-03,1994,19.605155
1994-03-04,1994,18.685362
1994-03-05,1994,17.776376
1994-03-06,1994,17.082568
1994-03-07,1994,16.577359
1994-03-08,1994,16.652373
1994-03-09,1994,17.487028
1994-03-10,1994,17.166004
1994-03-11,1994,16.758706
1994-03-12,1994,16.855018
1994-03-13,1994,16.721254
1994-03-14,1994,16.143533
1994-03-15,1994,15.290531
1994-03-16,1994,14.468251
1994-03-17,1994,13.524143
1994-03-18,1994,12.991571
1994-03-19,1994,12.464097
1994-03-20,1994,12.897802
1994-03-21,1994,13.135392
1994-03-22,1994,12.726887
1994-03-23,1994,12.847921
1994-03-24,1994,12.961751
1994-03-25,1994,14.104832
1994-03-26,1994,14.488885
1994-03-27,1994,15.906347
1994-03-28,1994,15.967297
1994-03-29,1994,16.396446
1994-03-30,1994,16.312987
1994-03-31,1994,15.994741
1994-04-01,1994,15.501645
1994-04-02,1994,16.130288
1994-04-03,1994,16.051613
1994-04-04,1994,15.518023
1994-04-05,1994,16.687536
1994-04-06,1994,17.382333
1994-04-07,1994,17.143931
1994-04-08,1994,17.848194
1994-04-09,1994,18.122080
1994-04-10,1994,19.437370
1994-04-11,1994,20.637063
1994-04-12,1994,20.358838
1994-04-13,1994,19.556946
1994-04-14,1994,18.461235
1994-04-15,1994,17.744154
1994-04-16,1994,16.965006
1994-04-17,1994,15.920424
1994-04-18,1994,14.784951
1994-04-19,1994,13.545545
1994-04-20,1994,12.311393
1994-04-21,1994,11.104457
1994-04-22,1994,9.976407
1994-04-23,1994,8.903796
1994-04-24,1994,8.040395
1994-04-25,1994,8.184248
1994-04-26,1994,9.572039
1994-04-27,1994,10.949591
1994-04-28,1994,12.596691
1994-04-29,1994,12.898677
1994-04-30,1994,13.996867
1994-05-01,1994,13.213966
1994-05-02,1994,12.803162
1994-05-03,1994,12.119704
1994-05-04,1994,11.567470
1994-05-05,1994,10.577278
1994-05-06,1994,9.453930
1994-05-07,1994,8.573154
1994-05-08,1994,7.945965
1994-05-09,1994,7.475591
1994-05-10,1994,7.507138
1994-05-11,1994,6.970157
1994-05-12,1994,6.340756
1994-05-13,1994,5.809115
1994-05-14,1994,5.280001
1994-05-15,1994,4.814645
1994-05-16,1994,4.347972
1994-05-17,1994,3.843239
1994-05-18,1994,3.437571
1994-05-19,1994,3.084247
1994-05-20,1994,2.792763
1994-05-21,1994,2.592143
1994-05-22,1994,2.424023
1994-05-23,1994,2.151023
1994-05-24,1994,1.902498
1994-05-25,1994,1.721235
1994-05-26,1994,2.136029
1994-05-27,1994,1.890643
1994-05-28,1994,1.577668
1994-05-29,1994,1.370376
1994-05-30,1994,1.173341
1994-05-31,1994,0.981003
1994-06-01,1994,0.809464
1994-06-02,1994,0.690323
1994-06-03,1994,0.582192
1994-06-04,1994,0.471722
1994-06-05,1994,0.401598
1994-06-06,1994,0.333395
1994-06-07,1994,0.262522
1994-06-08,1994,0.208864
1994-06-09,1994,0.162503
1994-06-10,1994,0.121531
1994-06-11,1994,0.082880
1994-06-12,1994,0.050822
1994-06-13,1994,0.027413
1994-06-14,1994,0.014033
1994-06-15,1994,0.007741
1994-06-16,1994,0.003756
1994-06-17,1994,0.001061
1994-06-18,1994,0.000455
1994-06-19,1994,0.000000
1994-06-20,1994,0.000000
1994-06-21,1994,0.000000
1994-06-22,1994,0.000000
1994-06-23,1994,0.000000
1994-06-24,1994,0.000000
1994-06-25,1994,0.000000
1994-06-26,1994,0.000000
1994-06-27,1994,0.000000
1994-06-28,1994,0.000000
1994-06-29,1994,0.000000
1994-06-30,1994,0.000000
1994-07-01,1994,0.000000
1994-07-02,1994,0.000000
1994-07-03,1994,0.000000
1994-07-04,1994,0.000000
1994-07-05,1994,0.000000
1994-07-06,1994,0.000000
1994-07-07,1994,0.000000
1994-07-08,1994,0.000951
1994-07-09,1994,0.000000
1994-07-10,1994,0.000000
1994-07-11,1994,0.000000
1994-07-12,1994,0.000000
1994-07-13,1994,0.000000
1994-07-14,1994,0.000000
1994-07-15,1994,0.000000
1994-07-16,1994,0.000000
1994-07-17,1994,0.000000
1994-07-18,1994,0.000000
1994-07-19,1994,0.000000
1994-07-20,1994,0.000000
1994-07-21,1994,0.000000
1994-07-22,1994,0.000000
1994-07-23,1994,0.000000
1994-07-24,1994,0.000000
1994-07-25,1994,0.000000
1994-07-26,1994,0.000000
1994-07-27,1994,0.000000
1994-07-28,1994,0.000000
1994-07-29,1994,0.000000
1994-07-30,1994,0.000000
1994-07-31,1994,0.000000
1994-08-01,1994,0.000000
1994-08-02,1994,0.000000
1994-08-03,1994,0.000000
1994-08-04,1994,0.000000
1994-08-05,1994,0.000000
1994-08-06,1994,0.000000
1994-08-07,1994,0.000000
1994-08-08,1994,0.000000
1994-08-09,1994,0.000000
1994-08-10,1994,0.000000
1994-08-11,1994,0.000000
1994-08-12,1994,0.000000
1994-08-13,1994,0.000000
1994-08-14,1994,0.000000
1994-08-15,1994,0.000000
1994-08-16,1994,0.000000
1994-08-17,1994,0.000000
1994-08-18,1994,0.000000
1994-08-19,1994,0.000000
1994-08-20,1994,0.000000
1994-08-21,1994,0.000000
1994-08-22,1994,0.000000
1994-08-23,1994,0.000000
1994-08-24,1994,0.000000
1994-08-25,1994,0.000000
1994-08-26,1994,0.000000
1994-08-27,1994,0.000000
1994-08-28,1994,0.000000
1994-08-29,1994,0.000000
1994-08-30,1994,0.000000
1994-08-31,1994,0.000000
1994-09-01,1994,0.000000
1994-09-02,1994,0.000000
1994-09-03,1994,0.000000
1994-09-04,1994,0.000000
1994-09-05,1994,0.000000
1994-09-06,1994,0.000000
1994-09-07,1994,0.000000
1994-09-08,1994,0.000000
1994-09-09,1994,0.000000
1994-09-10,1994,0.000000
1994-09-11,1994,0.000000
1994-09-12,1994,0.000000
1994-09-13,1994,0.000000
1994-09-14,1994,0.003268
1994-09-15,1994,0.015002
1994-09-16,1994,0.009521
1994-09-17,1994,0.004960
1994-09-18,1994,0.002054
1994-09-19,1994,0.001352
1994-09-20,1994,0.003213
1994-09-21,1994,0.009682
1994-09-22,1994,0.083104
1994-09-23,1994,0.057985
1994-09-24,1994,0.026441
1994-09-25,1994,0.011278
1994-09-26,1994,0.004547
1994-09-27,1994,0.000788
1994-09-28,1994,0.000335
1994-09-29,1994,0.000000
1994-09-30,1994,0.000615
1994-10-01,1995,0.054242
1994-10-02,1995,0.086625
1994-10-03,1995,0.087150
1994-10-04,1995,0.097659
1994-10-05,1995,0.050556
1994-10-06,1995,0.559248
1994-10-07,1995,0.832651
1994-10-08,1995,1.240898
1994-10-09,1995,1.092471
1994-10-10,1995,0.748504
1994-10-11,1995,0.468202
1994-10-12,1995,0.286315
1994-10-13,1995,0.198904
1994-10-14,1995,0.131092
1994-10-15,1995,1.435144
1994-10-16,1995,3.030474
1994-10-17,1995,3.534415
1994-10-18,1995,4.134314
1994-10-19,1995,3.890875
1994-10-20,1995,3.427767
1994-10-21,1995,2.943320
1994-10-22,1995,2.452122
1994-10-23,1995,2.037020
1994-10-24,1995,1.674556
1994-10-25,1995,1.429596
1994-10-26,1995,1.225104
1994-10-27,1995,1.071159
1994-10-28,1995,0.884872
1994-10-29,1995,0.713789
1994-10-30,1995,0.728926
1994-10-31,1995,1.078950
1994-11-01,1995,1.014290
1994-11-02,1995,0.876384
1994-11-03,1995,1.747841
1994-11-04,1995,3.860502
1994-11-05,1995,3.722936
1994-11-06,1995,3.468722
1994-11-07,1995,2.741691
1994-11-08,1995,2.244081
1994-11-09,1995,3.253606
1994-11-10,1995,3.060103
1994-11-11,1995,2.678246
1994-11-12,1995,2.775508
1994-11-13,1995,4.173170
1994-11-14,1995,5.209917
1994-11-15,1995,5.071096
1994-11-16,1995,4.891961
1994-11-17,1995,6.352793
1994-11-18,1995,6.665192
1994-11-19,1995,7.360156
1994-11-20,1995,9.147157
1994-11-21,1995,9.294535
1994-11-22,1995,9.492661
1994-11-23,1995,9.286489
1994-11-24,1995,9.113404
1994-11-25,1995,8.909854
1994-11-26,1995,8.708476
1994-11-27,1995,10.035576
1994-11-28,1995,10.496157
1994-11-29,1995,10.607032
1994-11-30,1995,10.485245
1994-12-01,1995,10.207639
1994-12-02,1995,9.838352
1994-12-03,1995,9.618774
1994-12-04,1995,9.346292
1994-12-05,1995,9.131965
1994-12-06,1995,10.125665
1994-12-07,1995,11.446504
1994-12-08,1995,12.216779
1994-12-09,1995,12.402956
1994-12-10,1995,12.302659
1994-12-11,1995,12.146037
1994-12-12,1995,11.940841
1994-12-13,1995,11.798702
1994-12-14,1995,12.924699
1994-12-15,1995,12.936095
1994-12-16,1995,12.962465
1994-12-17,1995,12.747796
1994-12-18,1995,12.498074
1994-12-19,1995,12.271104
1994-12-20,1995,12.100574
1994-12-21,1995,11.923761
1994-12-22,1995,11.684490
1994-12-23,1995,11.416374
1994-12-24,1995,11.397074
1994-12-25,1995,11.082645
1994-12-26,1995,10.825316
1994-12-27,1995,10.619672
1994-12-28,1995,10.443246
1994-12-29,1995,10.265173
1994-12-30,1995,10.578015
1994-12-31,1995,11.506204
1995-01-01,1995,11.662857
1995-01-02,1995,11.484071
1995-01-03,1995,11.510077
1995-01-04,1995,11.498708
1995-01-05,1995,12.378117
1995-01-06,1995,14.115002
1995-01-07,1995,14.460557
1995-01-08,1995,15.269355
1995-01-09,1995,14.931157
1995-01-10,1995,14.428074
1995-01-11,1995,13.987276
1995-01-12,1995,14.471829
1995-01-13,1995,14.397217
1995-01-14,1995,14.194002
1995-01-15,1995,13.823433
1995-01-16,1995,14.547815
1995-01-17,1995,15.663717
1995-01-18,1995,15.775156
1995-01-19,1995,15.811833
1995-01-20,1995,15.597722
1995-01-21,1995,15.424097
1995-01-22,1995,15.536409
1995-01-23,1995,15.362519
1995-01-24,1995,15.188375
1995-01-25,1995,15.012461
1995-01-26,1995,14.978232
1995-01-27,1995,15.436644
1995-01-28,1995,15.833131
1995-01-29,1995,16.523691
1995-01-30,1995,16.606515
1995-01-31,1995,16.358724
1995-02-01,1995,16.169006
1995-02-02,1995,15.570419
1995-02-03,1995,15.156161
1995-02-04,1995,14.841913
1995-02-05,1995,14.475609
1995-02-06,1995,14.161786
1995-02-07,1995,13.799412
1995-02-08,1995,13.437351
1995-02-09,1995,13.962728
1995-02-10,1995,14.165009
1995-02-11,1995,15.642107
1995-02-12,1995,18.702780
1995-02-13,1995,20.013340
1995-02-14,1995,20.765703
1995-02-15,1995,22.408106
1995-02-16,1995,21.794487
1995-02-17,1995,21.290562
1995-02-18,1995,20.759422
1995-02-19,1995,20.276232
1995-02-20,1995,19.681470
1995-02-21,1995,18.871404
1995-02-22,1995,18.063366
1995-02-23,1995,17.329509
1995-02-24,1995,16.738140
1995-02-25,1995,16.114833
1995-02-26,1995,15.607243
1995-02-27,1995,15.216652
1995-02-28,1995,15.401428
1995-03-01,1995,16.407396
1995-03-02,1995,19.264606
1995-03-03,1995,19.695969
1995-03-04,1995,20.077653
1995-03-05,1995,20.112910
1995-03-06,1995,22.751276
1995-03-07,1995,23.219718
1995-03-08,1995,22.812698
1995-03-09,1995,22.358018
1995-03-10,1995,21.622910
1995-03-11,1995,20.560044
1995-03-12,1995,20.331283
1995-03-13,1995,20.516005
1995-03-14,1995,19.901779
1995-03-15,1995,19.113054
1995-03-16,1995,18.198656
1995-03-17,1995,17.326068
1995-03-18,1995,16.579219
1995-03-19,1995,16.021708
1995-03-20,1995,16.118267
1995-03-21,1995,15.549657
1995-03-22,1995,15.110987
1995-03-23,1995,15.243274
1995-03-24,1995,15.124373
1995-03-25,1995,15.337524
1995-03-26,1995,17.344472
1995-03-27,1995,17.594301
1995-03-28,1995,17.930191
1995-03-29,1995,19.457393
1995-03-30,1995,20.252893
1995-03-31,1995,19.953239
1995-04-01,1995,19.638874
1995-04-02,1995,19.100026
1995-04-03,1995,18.543910
1995-04-04,1995,17.943189
1995-04-05,1995,17.161552
1995-04-06,1995,16.396832
1995-04-07,1995,15.633186
1995-04-08,1995,14.958835
1995-04-09,1995,15.049498
1995-04-10,1995,18.126773
1995-04-11,1995,18.630794
1995-04-12,1995,18.301970
1995-04-13,1995,17.518954
1995-04-14,1995,16.358329
1995-04-15,1995,16.139162
1995-04-16,1995,16.416539
1995-04-17,1995,16.356849
1995-04-18,1995,18.009681
1995-04-19,1995,19.579922
1995-04-20,1995,20.597108
1995-04-21,1995,20.982639
1995-04-22,1995,21.905620
1995-04-23,1995,22.183164
1995-04-24,1995,22.712906
1995-04-25,1995,22.006986
1995-04-26,1995,23.022591
1995-04-27,1995,22.338148
1995-04-28,1995,21.171254
1995-04-29,1995,20.172552
1995-04-30,1995,19.827260
1995-05-01,1995,19.400805
1995-05-02,1995,18.739780
1995-05-03,1995,18.534000
1995-05-04,1995,18.286387
1995-05-05,1995,17.441446
1995-05-06,1995,16.735105
1995-05-07,1995,16.612522
1995-05-08,1995,18.142241
1995-05-09,1995,18.780515
1995-05-10,1995,18.043697
1995-05-11,1995,17.226480
1995-05-12,1995,16.838973
1995-05-13,1995,17.016045
1995-05-14,1995,16.882109
1995-05-15,1995,16.003653
1995-05-16,1995,15.034656
1995-05-17,1995,14.997311
1995-05-18,1995,16.143626
1995-05-19,1995,14.957818
1995-05-20,1995,13.844510
1995-05-21,1995,12.876971
1995-05-22,1995,11.978902
1995-05-23,1995,11.160566
1995-05-24,1995,11.037193
1995-05-25,1995,10.790721
1995-05-26,1995,10.544904
1995-05-27,1995,10.490215
1995-05-28,1995,10.569054
1995-05-29,1995,10.984391
1995-05-30,1995,11.250950
1995-05-31,1995,11.027354
1995-06-01,1995,10.322843
1995-06-02,1995,9.669961
1995-06-03,1995,8.982919
1995-06-04,1995,8.412312
1995-06-05,1995,7.863522
1995-06-06,1995,7.211273
1995-06-07,1995,6.697643
1995-06-08,1995,6.337025
1995-06-09,1995,6.542930
1995-06-10,1995,6.319617
1995-06-11,1995,6.044916
1995-06-12,1995,5.590983
1995-06-13,1995,5.026353
1995-06-14,1995,4.482983
1995-06-15,1995,3.983419
1995-06-16,1995,3.461856
1995-06-17,1995,3.022038
1995-06-18,1995,2.796722
1995-06-19,1995,2.542264
1995-06-20,1995,2.179338
1995-06-21,1995,1.868280
1995-06-22,1995,1.616837
1995-06-23,1995,1.429177
1995-06-24,1995,1.271542
1995-06-25,1995,1.125145
1995-06-26,1995,1.014159
1995-06-27,1995,0.893310
1995-06-28,1995,0.742850
1995-06-29,1995,0.615176
1995-06-30,1995,0.557082
1995-07-01,1995,0.500433
1995-07-02,1995,0.439602
1995-07-03,1995,0.409578
1995-07-04,1995,0.511060
1995-07-05,1995,0.441360
1995-07-06,1995,0.346247
1995-07-07,1995,0.262449
1995-07-08,1995,0.186745
1995-07-09,1995,0.112718
1995-07-10,1995,0.058616
1995-07-11,1995,0.027781
1995-07-12,1995,0.012252
1995-07-13,1995,0.005434
1995-07-14,1995,0.002063
1995-07-15,1995,0.000791
1995-07-16,1995,0.000000
1995-07-17,1995,0.000000
1995-07-18,1995,0.000000
1995-07-19,1995,0.000000
1995-07-20,1995,0.000000
1995-07-21,1995,0.000000
1995-07-22,1995,0.000000
1995-07-23,1995,0.000000
1995-07-24,1995,0.000000
1995-07-25,1995,0.000000
1995-07-26,1995,0.000000
1995-07-27,1995,0.000000
1995-07-28,1995,0.000000
1995-07-29,1995,0.000000
1995-07-30,1995,0.000000
1995-07-31,1995,0.000000
1995-08-01,1995,0.000000
1995-08-02,1995,0.000000
1995-08-03,1995,0.000000
1995-08-04,1995,0.000000
1995-08-05,1995,0.000000
1995-08-06,1995,0.000000
1995-08-07,1995,0.000000
1995-08-08,1995,0.000000
1995-08-09,1995,0.000000
1995-08-10,1995,0.000000
1995-08-11,1995,0.000000
1995-08-12,1995,0.000000
1995-08-13,1995,0.000000
1995-08-14,1995,0.000000
1995-08-15,1995,0.000000
1995-08-16,1995,0.000000
1995-08-17,1995,0.000000
1995-08-18,1995,0.000000
1995-08-19,1995,0.000000
1995-08-20,1995,0.000000
1995-08-21,1995,0.000000
1995-08-22,1995,0.000000
1995-08-23,1995,0.000000
1995-08-24,1995,0.000000
1995-08-25,1995,0.000000
1995-08-26,1995,0.000000
1995-08-27,1995,0.000000
1995-08-28,1995,0.000000
1995-08-29,1995,0.000000
1995-08-30,1995,0.000000
1995-08-31,1995,0.000000
1995-09-01,1995,0.000000
1995-09-02,1995,0.000000
1995-09-03,1995,0.000000
1995-09-04,1995,0.000000
1995-09-05,1995,0.000000
1995-09-06,1995,0.000000
1995-09-07,1995,0.000000
1995-09-08,1995,0.000000
1995-09-09,1995,0.000000
1995-09-10,1995,0.000000
1995-09-11,1995,0.000000
1995-09-12,1995,0.000000
1995-09-13,1995,0.000000
1995-09-14,1995,0.000000
1995-09-15,1995,0.000448
1995-09-16,1995,0.000000
1995-09-17,1995,0.000000
1995-09-18,1995,0.000000
1995-09-19,1995,0.015549
1995-09-20,1995,0.011882
1995-09-21,1995,0.885944
1995-09-22,1995,1.002071
1995-09-23,1995,0.794571
1995-09-24,1995,0.653833
1995-09-25,1995,0.729567
1995-09-26,1995,0.495608
1995-09-27,1995,0.334669
1995-09-28,1995,0.154832
1995-09-29,1995,0.090645
1995-09-30,1995,0.570067
1995-10-01,1996,0.456901
1995-10-02,1996,0.336365
1995-10-03,1996,0.258426
1995-10-04,1996,0.379066
1995-10-05,1996,1.427407
1995-10-06,1996,1.419434
1995-10-07,1996,1.222624
1995-10-08,1996,0.919572
1995-10-09,1996,0.783361
1995-10-10,1996,0.598438
1995-10-11,1996,0.384994
1995-10-12,1996,0.199378
1995-10-13,1996,0.158954
1995-10-14,1996,0.160665
1995-10-15,1996,0.126426
1995-10-16,1996,0.080549
1995-10-17,1996,0.052565
1995-10-18,1996,0.036302
1995-10-19,1996,0.024634
1995-10-20,1996,0.024412
1995-10-21,1996,0.022128
1995-10-22,1996,0.219645
1995-10-23,1996,2.100906
1995-10-24,1996,1.792243
1995-10-25,1996,1.647978
1995-10-26,1996,1.509896
1995-10-27,1996,1.344381
1995-10-28,1996,1.204132
1995-10-29,1996,0.954729
1995-10-30,1996,0.687885
1995-10-31,1996,0.506142
1995-11-01,1996,1.032991
1995-11-02,1996,1.887319
1995-11-03,1996,1.804095
1995-11-04,1996,1.739608
1995-11-05,1996,1.756763
1995-11-06,1996,1.632369
1995-11-07,1996,1.576703
1995-11-08,1996,1.489172
1995-11-09,1996,1.282533
1995-11-10,1996,3.271898
1995-11-11,1996,4.043935
1995-11-12,1996,3.818599
1995-11-13,1996,3.994257
1995-11-14,1996,3.629285
1995-11-15,1996,3.088263
1995-11-16,1996,2.739415
1995-11-17,1996,2.457998
1995-11-18,1996,2.272874
1995-11-19,1996,2.066254
1995-11-20,1996,1.896057
1995-11-21,1996,1.776759
1995-11-22,1996,1.674932
1995-11-23,1996,1.672067
1995-11-24,1996,1.659687
1995-11-25,1996,1.576164
1995-11-26,1996,1.477904
1995-11-27,1996,3.045301
1995-11-28,1996,3.941849
1995-11-29,1996,4.273657
1995-11-30,1996,4.093217
1995-12-01,1996,3.788579
1995-12-02,1996,3.450465
1995-12-03,1996,3.298449
1995-12-04,1996,3.223878
1995-12-05,1996,3.446137
1995-12-06,1996,3.706568
1995-12-07,1996,3.786163
1995-12-08,1996,4.491053
1995-12-09,1996,4.502897
1995-12-10,1996,4.496490
1995-12-11,1996,4.356859
1995-12-12,1996,4.200525
1995-12-13,1996,4.210683
1995-12-14,1996,5.243949
1995-12-15,1996,5.408360
1995-12-16,1996,5.314077
1995-12-17,1996,5.391984
1995-12-18,1996,5.550917
1995-12-19,1996,5.482129
1995-12-20,1996,5.431285
1995-12-21,1996,5.404933
1995-12-22,1996,5.608228
1995-12-23,1996,5.647989
1995-12-24,1996,5.570749
1995-12-25,1996,5.492145
1995-12-26,1996,5.423345
1995-12-27,1996,5.353677
1995-12-28,1996,5.285160
1995-12-29,1996,5.264439
1995-12-30,1996,5.469101
1995-12-31,1996,7.172911
1996-01-01,1996,9.073293
1996-01-02,1996,9.890286
1996-01-03,1996,9.933384
1996-01-04,1996,10.475707
1996-01-05,1996,11.252297
1996-01-06,1996,11.424917
1996-01-07,1996,11.258331
1996-01-08,1996,10.938638
1996-01-09,1996,10.559195
1996-01-10,1996,10.143360
1996-01-11,1996,10.325198
1996-01-12,1996,10.051478
1996-01-13,1996,9.628400
1996-01-14,1996,9.246181
1996-01-15,1996,8.956675
1996-01-16,1996,8.689135
1996-01-17,1996,10.135176
1996-01-18,1996,12.235861
1996-01-19,1996,12.705565
1996-01-20,1996,13.742609
1996-01-21,1996,13.495932
1996-01-22,1996,13.306193
1996-01-23,1996,14.451774
1996-01-24,1996,14.470594
1996-01-25,1996,15.151983
1996-01-26,1996,16.993017
1996-01-27,1996,16.799820
1996-01-28,1996,17.144554
1996-01-29,1996,17.476589
1996-01-30,1996,17.397530
1996-01-31,1996,19.196296
1996-02-01,1996,21.307093
1996-02-02,1996,21.508713
1996-02-03,1996,21.490775
1996-02-04,1996,21.001103
1996-02-05,1996,20.959880
1996-02-06,1996,20.138819
1996-02-07,1996,19.183483
1996-02-08,1996,18.278229
1996-02-09,1996,17.359980
1996-02-10,1996,16.474169
1996-02-11,1996,15.815486
1996-02-12,1996,15.385723
1996-02-13,1996,14.951870
1996-02-14,1996,14.513685
1996-02-15,1996,13.985791
1996-02-16,1996,13.604524
1996-02-17,1996,13.208918
1996-02-18,1996,13.045997
1996-02-19,1996,13.266211
1996-02-20,1996,13.670020
1996-02-21,1996,16.351806
1996-02-22,1996,17.140238
1996-02-23,1996,17.971039
1996-02-24,1996,17.644957
1996-02-25,1996,17.302202
1996-02-26,1996,17.400299
1996-02-27,1996,18.989874
1996-02-28,1996,19.265731
1996-02-29,1996,19.471771
1996-03-01,1996,19.333421
1996-03-02,1996,19.170070
1996-03-03,1996,18.840176
1996-03-04,1996,18.402242
1996-03-05,1996,18.484388
1996-03-06,1996,20.578870
1996-03-07,1996,21.141939
1996-03-08,1996,20.635762
1996-03-09,1996,20.093412
1996-03-10,1996,19.323171
1996-03-11,1996,18.289311
1996-03-12,1996,17.441334
1996-03-13,1996,17.064484
1996-03-14,1996,17.799798
1996-03-15,1996,18.218105
1996-03-16,1996,17.736994
1996-03-17,1996,17.609676
1996-03-18,1996,18.655678
1996-03-19,1996,18.607907
1996-03-20,1996,18.344050
1996-03-21,1996,17.848241
1996-03-22,1996,17.181463
1996-03-23,1996,16.455523
1996-03-24,1996,17.762092
1996-03-25,1996,18.368080
1996-03-26,1996,18.439066
1996-03-27,1996,18.109675
1996-03-28,1996,17.626369
1996-03-29,1996,17.065180
1996-03-30,1996,17.070222
1996-03-31,1996,16.691446
1996-04-01,1996,16.213136
1996-04-02,1996,15.550015
1996-04-03,1996,15.102127
1996-04-04,1996,15.453730
1996-04-05,1996,16.740107
1996-04-06,1996,16.409396
1996-04-07,1996,15.806325
1996-04-08,1996,14.890422
1996-04-09,1996,13.789791
1996-04-10,1996,12.701071
1996-04-11,1996,11.979659
1996-04-12,1996,12.404778
1996-04-13,1996,12.834213
1996-04-14,1996,15.464794
1996-04-15,1996,15.303298
1996-04-16,1996,14.751504
1996-04-17,1996,13.926805
1996-04-18,1996,13.941785
1996-04-19,1996,14.559104
1996-04-20,1996,14.595856
1996-04-21,1996,14.844053
1996-04-22,1996,14.863369
1996-04-23,1996,14.640912
1996-04-24,1996,14.017075
1996-04-25,1996,13.124706
1996-04-26,1996,12.747178
1996-04-27,1996,12.222490
1996-04-28,1996,12.224280
1996-04-29,1996,12.967852
1996-04-30,1996,12.732303
1996-05-01,1996,12.302805
1996-05-02,1996,11.847778
1996-05-03,1996,11.284306
1996-05-04,1996,10.688866
1996-05-05,1996,10.129506
1996-05-06,1996,9.576228
1996-05-07,1996,8.980332
1996-05-08,1996,8.392053
1996-05-09,1996,7.795934
1996-05-10,1996,7.258729
1996-05-11,1996,6.873517
1996-05-12,1996,6.340743
1996-05-13,1996,5.765984
1996-05-14,1996,5.161207
1996-05-15,1996,4.734047
1996-05-16,1996,4.264092
1996-05-17,1996,3.828774
1996-05-18,1996,3.527865
1996-05-19,1996,3.213105
1996-05-20,1996,2.948642
1996-05-21,1996,2.780276
1996-05-22,1996,2.523425
1996-05-23,1996,2.294621
1996-05-24,1996,2.162776
1996-05-25,1996,2.067300
1996-05-26,1996,2.795234
1996-05-27,1996,3.282331
1996-05-28,1996,2.793972
1996-05-29,1996,2.488462
1996-05-30,1996,2.118639
1996-05-31,1996,1.890816
1996-06-01,1996,1.748049
1996-06-02,1996,1.601043
1996-06-03,1996,1.454065
1996-06-04,1996,1.225269
1996-06-05,1996,0.993648
1996-06-06,1996,0.810180
1996-06-07,1996,0.704852
1996-06-08,1996,0.637222
1996-06-09,1996,0.542343
1996-06-10,1996,0.455113
1996-06-11,1996,0.382950
1996-06-12,1996,0.336904
1996-06-13,1996,0.293179
1996-06-14,1996,0.242414
1996-06-15,1996,0.197131
1996-06-16,1996,0.169394
1996-06-17,1996,0.134687
1996-06-18,1996,0.102467
1996-06-19,1996,0.070510
1996-06-20,1996,0.043215
1996-06-21,1996,0.023279
1996-06-22,1996,0.014865
1996-06-23,1996,0.009470
1996-06-24,1996,0.004477
1996-06-25,1996,0.002604
1996-06-26,1996,0.000856
1996-06-27,1996,0.000000
1996-06-28,1996,0.000000
1996-06-29,1996,0.000000
1996-06-30,1996,0.000000
1996-07-01,1996,0.000000
1996-07-02,1996,0.000000
1996-07-03,1996,0.000000
1996-07-04,1996,0.000000
1996-07-05,1996,0.000000
1996-07-06,1996,0.000000
1996-07-07,1996,0.000000
1996-07-08,1996,0.000000
1996-07-09,1996,0.000000
1996-07-10,1996,0.000000
1996-07-11,1996,0.000000
1996-07-12,1996,0.000000
1996-07-13,1996,0.000000
1996-07-14,1996,0.000000
1996-07-15,1996,0.000000
1996-07-16,1996,0.000000
1996-07-17,1996,0.000000
1996-07-18,1996,0.000000
1996-07-19,1996,0.000000
1996-07-20,1996,0.000000
1996-07-21,1996,0.000000
1996-07-22,1996,0.000000
1996-07-23,1996,0.000000
1996-07-24,1996,0.000000
1996-07-25,1996,0.000000
1996-07-26,1996,0.000000
1996-07-27,1996,0.000000
1996-07-28,1996,0.000000
1996-07-29,1996,0.000000
1996-07-30,1996,0.000000
1996-07-31,1996,0.000000
1996-08-01,1996,0.000000
1996-08-02,1996,0.000000
1996-08-03,1996,0.000000
1996-08-04,1996,0.000000
1996-08-05,1996,0.000000
1996-08-06,1996,0.000000
1996-08-07,1996,0.000000
1996-08-08,1996,0.000000
1996-08-09,1996,0.000000
1996-08-10,1996,0.000000
1996-08-11,1996,0.000000
1996-08-12,1996,0.000000
1996-08-13,1996,0.000000
1996-08-14,1996,0.000000
1996-08-15,1996,0.000000
1996-08-16,1996,0.000000
1996-08-17,1996,0.000000
1996-08-18,1996,0.000000
1996-08-19,1996,0.000000
1996-08-20,1996,0.000000
1996-08-21,1996,0.000000
1996-08-22,1996,0.000000
1996-08-23,1996,0.000000
1996-08-24,1996,0.000000
1996-08-25,1996,0.000000
1996-08-26,1996,0.000000
1996-08-27,1996,0.000000
1996-08-28,1996,0.000000
1996-08-29,1996,0.000000
1996-08-30,1996,0.000000
1996-08-31,1996,0.000000
1996-09-01,1996,0.000000
1996-09-02,1996,0.000000
1996-09-03,1996,0.000000
1996-09-04,1996,0.000000
1996-09-05,1996,0.000000
1996-09-06,1996,0.000000
1996-09-07,1996,0.000000
1996-09-08,1996,0.000000
1996-09-09,1996,0.000000
1996-09-10,1996,0.000000
1996-09-11,1996,0.000000
1996-09-12,1996,0.001867
1996-09-13,1996,0.002574
1996-09-14,1996,0.004584
1996-09-15,1996,0.069270
1996-09-16,1996,0.037673
1996-09-17,1996,0.138372
1996-09-18,1996,0.418635
1996-09-19,1996,1.058174
1996-09-20,1996,1.077971
1996-09-21,1996,0.837178
1996-09-22,1996,0.396075
1996-09-23,1996,0.166355
1996-09-24,1996,0.092770
1996-09-25,1996,0.041568
1996-09-26,1996,0.627372
1996-09-27,1996,1.750056
1996-09-28,1996,1.609539
1996-09-29,1996,0.970643
1996-09-30,1996,0.456684
1996-10-01,1997,0.207869
1996-10-02,1997,0.094112
1996-10-03,1997,0.082402
1996-10-04,1997,0.238517
1996-10-05,1997,0.162434
1996-10-06,1997,0.098812
1996-10-07,1997,0.056564
1996-10-08,1997,0.031816
1996-10-09,1997,0.016311
1996-10-10,1997,0.007199
1996-10-11,1997,0.003713
1996-10-12,1997,0.001929
1996-10-13,1997,0.000767
1996-10-14,1997,0.000346
1996-10-15,1997,0.000602
1996-10-16,1997,0.000178
1996-10-17,1997,0.580890
1996-10-18,1997,0.571555
1996-10-19,1997,0.479225
1996-10-20,1997,1.579542
1996-10-21,1997,2.058441
1996-10-22,1997,2.402460
1996-10-23,1997,2.263310
1996-10-24,1997,2.096235
1996-10-25,1997,2.334941
1996-10-26,1997,4.709421
1996-10-27,1997,5.834213
1996-10-28,1997,6.283695
1996-10-29,1997,7.592698
1996-10-30,1997,7.706412
1996-10-31,1997,7.300772
1996-11-01,1997,7.248611
1996-11-02,1997,7.020509
1996-11-03,1997,6.527080
1996-11-04,1997,6.977394
1996-11-05,1997,6.407583
1996-11-06,1997,7.167396
1996-11-07,1997,7.256103
1996-11-08,1997,7.191852
1996-11-09,1997,6.952357
1996-11-10,1997,6.486542
1996-11-11,1997,6.011390
1996-11-12,1997,5.586631
1996-11-13,1997,5.132628
1996-11-14,1997,4.645852
1996-11-15,1997,5.320333
1996-11-16,1997,9.586750
1996-11-17,1997,10.276153
1996-11-18,1997,11.177106
1996-11-19,1997,10.581127
1996-11-20,1997,9.531987
1996-11-21,1997,8.752056
1996-11-22,1997,8.290559
1996-11-23,1997,8.683335
1996-11-24,1997,9.071147
1996-11-25,1997,8.954973
1996-11-26,1997,8.879946
1996-11-27,1997,10.412495
1996-11-28,1997,10.203035
1996-11-29,1997,10.188996
1996-11-30,1997,12.298633
1996-12-01,1997,12.270914
1996-12-02,1997,13.264434
1996-12-03,1997,13.300801
1996-12-04,1997,13.228897
1996-12-05,1997,13.251209
1996-12-06,1997,15.180363
1996-12-07,1997,16.444293
1996-12-08,1997,16.038881
1996-12-09,1997,15.456789
1996-12-10,1997,14.846054
1996-12-11,1997,15.504185
1996-12-12,1997,15.869125
1996-12-13,1997,15.376584
1996-12-14,1997,15.239608
1996-12-15,1997,15.458009
1996-12-16,1997,15.727959
1996-12-17,1997,17.735740
1996-12-18,1997,17.568167
1996-12-19,1997,17.545854
1996-12-20,1997,17.841001
1996-12-21,1997,18.118735
1996-12-22,1997,18.312429
1996-12-23,1997,19.706143
1996-12-24,1997,19.902217
1996-12-25,1997,19.528364
1996-12-26,1997,19.434611
1996-12-27,1997,19.300296
1996-12-28,1997,19.549367
1996-12-29,1997,19.097997
1996-12-30,1997,18.540782
1996-12-31,1997,17.969735
1997-01-01,1997,17.294928
1997-01-02,1997,16.646241
1997-01-03,1997,15.907368
1997-01-04,1997,17.327067
1997-01-05,1997,17.160687
1997-01-06,1997,18.716956
1997-01-07,1997,18.868152
1997-01-08,1997,19.255543
1997-01-09,1997,19.315298
1997-01-10,1997,20.051791
1997-01-11,1997,21.451244
1997-01-12,1997,24.698763
1997-01-13,1997,26.783176
1997-01-14,1997,27.268863
1997-01-15,1997,27.598234
1997-01-16,1997,26.872843
1997-01-17,1997,26.380199
1997-01-18,1997,25.897352
1997-01-19,1997,25.195918
1997-01-20,1997,24.432178
1997-01-21,1997,24.051054
1997-01-22,1997,24.325351
1997-01-23,1997,24.114503
1997-01-24,1997,25.171585
1997-01-25,1997,24.794189
1997-01-26,1997,26.482237
1997-01-27,1997,26.813058
1997-01-28,1997,26.443412
1997-01-29,1997,26.180817
1997-01-30,1997,25.798266
1997-01-31,1997,25.222798
1997-02-01,1997,24.459744
1997-02-02,1997,23.829917
1997-02-03,1997,24.472365
1997-02-04,1997,24.229075
1997-02-05,1997,24.366243
1997-02-06,1997,25.096855
1997-02-07,1997,26.024522
1997-02-08,1997,25.702300
1997-02-09,1997,25.388580
1997-02-10,1997,25.085158
1997-02-11,1997,24.789276
1997-02-12,1997,24.584120
1997-02-13,1997,25.201609
1997-02-14,1997,25.204775
1997-02-15,1997,25.103333
1997-02-16,1997,24.792163
1997-02-17,1997,24.250378
1997-02-18,1997,23.750087
1997-02-19,1997,23.576790
1997-02-20,1997,23.172056
1997-02-21,1997,25.292215
1997-02-22,1997,25.136070
1997-02-23,1997,25.372694
1997-02-24,1997,26.831875
1997-02-25,1997,27.174693
1997-02-26,1997,27.078611
1997-02-27,1997,27.021200
1997-02-28,1997,28.305291
1997-03-01,1997,29.591576
1997-03-02,1997,29.182922
1997-03-03,1997,28.769233
1997-03-04,1997,29.321169
1997-03-05,1997,29.619846
1997-03-06,1997,29.201319
1997-03-07,1997,28.633082
1997-03-08,1997,28.054569
1997-03-09,1997,27.547894
1997-03-10,1997,26.936502
1997-03-11,1997,26.224661
1997-03-12,1997,25.330639
1997-03-13,1997,24.354351
1997-03-14,1997,24.016296
1997-03-15,1997,24.115622
1997-03-16,1997,23.381170
1997-03-17,1997,22.349902
1997-03-18,1997,21.594480
1997-03-19,1997,20.877691
1997-03-20,1997,19.875465
1997-03-21,1997,18.617080
1997-03-22,1997,17.473417
1997-03-23,1997,16.502226
1997-03-24,1997,15.639193
1997-03-25,1997,17.149948
1997-03-26,1997,16.895985
1997-03-27,1997,16.374499
1997-03-28,1997,16.036426
1997-03-29,1997,16.422657
1997-03-30,1997,16.438201
1997-03-31,1997,16.089946
1997-04-01,1997,16.379656
1997-04-02,1997,18.111870
1997-04-03,1997,18.524291
1997-04-04,1997,18.411483
1997-04-05,1997,20.680012
1997-04-06,1997,21.421528
1997-04-07,1997,21.247283
1997-04-08,1997,20.943626
1997-04-09,1997,21.598786
1997-04-10,1997,22.303813
1997-04-11,1997,23.971614
1997-04-12,1997,24.244705
1997-04-13,1997,24.158181
1997-04-14,1997,23.775867
1997-04-15,1997,23.191345
1997-04-16,1997,22.308054
1997-04-17,1997,21.314883
1997-04-18,1997,20.306127
1997-04-19,1997,19.306685
1997-04-20,1997,18.382372
1997-04-21,1997,17.659088
1997-04-22,1997,17.217994
1997-04-23,1997,17.251156
1997-04-24,1997,18.439149
1997-04-25,1997,20.342211
1997-04-26,1997,20.041037
1997-04-27,1997,19.554108
1997-04-28,1997,18.717087
1997-04-29,1997,17.834307
1997-04-30,1997,17.874885
1997-05-01,1997,17.781981
1997-05-02,1997,18.813387
1997-05-03,1997,18.740108
1997-05-04,1997,18.216144
1997-05-05,1997,17.200003
1997-05-06,1997,16.176386
1997-05-07,1997,15.039958
1997-05-08,1997,14.073945
1997-05-09,1997,13.385974
1997-05-10,1997,12.724676
1997-05-11,1997,12.010089
1997-05-12,1997,11.434637
1997-05-13,1997,10.897561
1997-05-14,1997,10.231646
1997-05-15,1997,9.463129
1997-05-16,1997,8.756230
1997-05-17,1997,7.975265
1997-05-18,1997,7.224371
1997-05-19,1997,6.644292
1997-05-20,1997,6.145162
1997-05-21,1997,5.775689
1997-05-22,1997,5.547727
1997-05-23,1997,5.417365
1997-05-24,1997,4.947520
1997-05-25,1997,4.742243
1997-05-26,1997,5.461726
1997-05-27,1997,5.465783
1997-05-28,1997,5.091513
1997-05-29,1997,4.705957
1997-05-30,1997,4.308626
1997-05-31,1997,3.781394
1997-06-01,1997,3.125026
1997-06-02,1997,2.523464
1997-06-03,1997,2.072251
1997-06-04,1997,1.702504
1997-06-05,1997,1.385950
1997-06-06,1997,1.191577
1997-06-07,1997,1.012834
1997-06-08,1997,0.866154
1997-06-09,1997,0.863970
1997-06-10,1997,0.733820
1997-06-11,1997,0.601655
1997-06-12,1997,0.520020
1997-06-13,1997,0.454472
1997-06-14,1997,0.408709
1997-06-15,1997,0.345947
1997-06-16,1997,0.323480
1997-06-17,1997,0.285235
1997-06-18,1997,0.217654
1997-06-19,1997,0.142955
1997-06-20,1997,0.087600
1997-06-21,1997,0.048766
1997-06-22,1997,0.025568
1997-06-23,1997,0.012345
1997-06-24,1997,0.006275
1997-06-25,1997,0.003823
1997-06-26,1997,0.000793
1997-06-27,1997,0.000000
1997-06-28,1997,0.000000
1997-06-29,1997,0.000000
1997-06-30,1997,0.000000
1997-07-01,1997,0.000000
1997-07-02,1997,0.000000
1997-07-03,1997,0.000000
1997-07-04,1997,0.000000
1997-07-05,1997,0.000000
1997-07-06,1997,0.000000
1997-07-07,1997,0.000000
1997-07-08,1997,0.000000
1997-07-09,1997,0.000000
1997-07-10,1997,0.000000
1997-07-11,1997,0.000000
1997-07-12,1997,0.000000
1997-07-13,1997,0.000000
1997-07-14,1997,0.000000
1997-07-15,1997,0.000000
1997-07-16,1997,0.000000
1997-07-17,1997,0.000000
1997-07-18,1997,0.000000
1997-07-19,1997,0.000000
1997-07-20,1997,0.000000
1997-07-21,1997,0.000000
1997-07-22,1997,0.000000
1997-07-23,1997,0.000000
1997-07-24,1997,0.000000
1997-07-25,1997,0.000000
1997-07-26,1997,0.000000
1997-07-27,1997,0.000000
1997-07-28,1997,0.000000
1997-07-29,1997,0.000000
1997-07-30,1997,0.000000
1997-07-31,1997,0.000000
1997-08-01,1997,0.000000
1997-08-02,1997,0.000000
1997-08-03,1997,0.000000
1997-08-04,1997,0.000000
1997-08-05,1997,0.000000
1997-08-06,1997,0.000000
1997-08-07,1997,0.000000
1997-08-08,1997,0.000000
1997-08-09,1997,0.000000
1997-08-10,1997,0.000000
1997-08-11,1997,0.000000
1997-08-12,1997,0.000000
1997-08-13,1997,0.000000
1997-08-14,1997,0.000000
1997-08-15,1997,0.000000
1997-08-16,1997,0.000000
1997-08-17,1997,0.000000
1997-08-18,1997,0.000000
1997-08-19,1997,0.000000
1997-08-20,1997,0.000000
1997-08-21,1997,0.000000
1997-08-22,1997,0.000000
1997-08-23,1997,0.000000
1997-08-24,1997,0.000000
1997-08-25,1997,0.000000
1997-08-26,1997,0.000000
1997-08-27,1997,0.000000
1997-08-28,1997,0.000000
1997-08-29,1997,0.000000
1997-08-30,1997,0.000000
1997-08-31,1997,0.000000
1997-09-01,1997,0.000000
1997-09-02,1997,0.000000
1997-09-03,1997,0.000000
1997-09-04,1997,0.000000
1997-09-05,1997,0.000000
1997-09-06,1997,0.000000
1997-09-07,1997,0.000000
1997-09-08,1997,0.000000
1997-09-09,1997,0.000000
1997-09-10,1997,0.000000
1997-09-11,1997,0.000000
1997-09-12,1997,0.000000
1997-09-13,1997,0.000000
1997-09-14,1997,0.000000
1997-09-15,1997,0.000000
1997-09-16,1997,0.000000
1997-09-17,1997,0.000000
1997-09-18,1997,0.000000
1997-09-19,1997,0.000000
1997-09-20,1997,0.004814
1997-09-21,1997,0.001527
1997-09-22,1997,0.032966
1997-09-23,1997,0.048487
1997-09-24,1997,0.040246
1997-09-25,1997,0.018617
1997-09-26,1997,0.004787
1997-09-27,1997,0.000526
1997-09-28,1997,0.000000
1997-09-29,1997,0.000000
1997-09-30,1997,0.000000
1997-10-01,1998,0.000000
1997-10-02,1998,0.000000
1997-10-03,1998,0.003743
1997-10-04,1998,0.001026
1997-10-05,1998,0.000000
1997-10-06,1998,0.000000
1997-10-07,1998,0.000000
1997-10-08,1998,0.455965
1997-10-09,1998,0.705513
1997-10-10,1998,0.501521
1997-10-11,1998,0.384848
1997-10-12,1998,1.500746
1997-10-13,1998,2.141933
1997-10-14,1998,1.968802
1997-10-15,1998,1.515769
1997-10-16,1998,1.102682
1997-10-17,1998,0.768839
1997-10-18,1998,0.497768
1997-10-19,1998,0.341025
1997-10-20,1998,0.249398
1997-10-21,1998,0.306396
1997-10-22,1998,0.256905
1997-10-23,1998,0.214946
1997-10-24,1998,1.143312
1997-10-25,1998,5.461073
1997-10-26,1998,6.520291
1997-10-27,1998,5.833676
1997-10-28,1998,5.199398
1997-10-29,1998,4.811406
1997-10-30,1998,4.433621
1997-10-31,1998,3.854452
1997-11-01,1998,3.594994
1997-11-02,1998,3.530148
1997-11-03,1998,3.402019
1997-11-04,1998,3.100546
1997-11-05,1998,2.763429
1997-11-06,1998,2.446570
1997-11-07,1998,2.083717
1997-11-08,1998,1.782828
1997-11-09,1998,2.146283
1997-11-10,1998,3.476798
1997-11-11,1998,4.041679
1997-11-12,1998,6.048257
1997-11-13,1998,5.889613
1997-11-14,1998,6.435598
1997-11-15,1998,6.907303
1997-11-16,1998,6.715934
1997-11-17,1998,6.585467
1997-11-18,1998,6.519731
1997-11-19,1998,6.452467
1997-11-20,1998,6.770003
1997-11-21,1998,7.258442
1997-11-22,1998,7.735048
1997-11-23,1998,7.608893
1997-11-24,1998,7.395341
1997-11-25,1998,7.089005
1997-11-26,1998,6.669067
1997-11-27,1998,7.294700
1997-11-28,1998,8.800405
1997-11-29,1998,9.286604
1997-11-30,1998,9.070410
1997-12-01,1998,8.899383
1997-12-02,1998,9.474196
1997-12-03,1998,11.005024
1997-12-04,1998,10.975252
1997-12-05,1998,10.815394
1997-12-06,1998,10.650039
1997-12-07,1998,10.601730
1997-12-08,1998,11.085189
1997-12-09,1998,12.499600
1997-12-10,1998,13.673472
1997-12-11,1998,14.261704
1997-12-12,1998,14.063973
1997-12-13,1998,13.854211
1997-12-14,1998,13.612125
1997-12-15,1998,13.317539
1997-12-16,1998,13.095430
1997-12-17,1998,12.879525
1997-12-18,1998,12.602900
1997-12-19,1998,12.311128
1997-12-20,1998,12.186652
1997-12-21,1998,12.036259
1997-12-22,1998,11.933337
1997-12-23,1998,12.112379
1997-12-24,1998,12.054605
1997-12-25,1998,13.147176
1997-12-26,1998,13.157886
1997-12-27,1998,13.019020
1997-12-28,1998,13.502231
1997-12-29,1998,13.531139
1997-12-30,1998,13.309376
1997-12-31,1998,13.007574
1998-01-01,1998,12.703559
1998-01-02,1998,12.345378
1998-01-03,1998,12.541426
1998-01-04,1998,12.527880
1998-01-05,1998,12.772852
1998-01-06,1998,14.139572
1998-01-07,1998,14.109472
1998-01-08,1998,13.961788
1998-01-09,1998,13.809357
1998-01-10,1998,13.684199
1998-01-11,1998,14.068341
1998-01-12,1998,14.343392
1998-01-13,1998,14.333841
1998-01-14,1998,15.177337
1998-01-15,1998,15.014872
1998-01-16,1998,15.799030
1998-01-17,1998,15.846815
1998-01-18,1998,16.551311
1998-01-19,1998,16.097217
1998-01-20,1998,16.977177
1998-01-21,1998,16.924140
1998-01-22,1998,16.746010
1998-01-23,1998,16.912233
1998-01-24,1998,16.670650
1998-01-25,1998,16.472135
1998-01-26,1998,16.403748
1998-01-27,1998,16.055816
1998-01-28,1998,15.668896
1998-01-29,1998,15.342671
1998-01-30,1998,15.031268
1998-01-31,1998,15.163606
1998-02-01,1998,15.634429
1998-02-02,1998,15.436447
1998-02-03,1998,15.479447
1998-02-04,1998,15.021509
1998-02-05,1998,15.337781
1998-02-06,1998,15.523437
1998-02-07,1998,15.258700
1998-02-08,1998,15.676175
1998-02-09,1998,16.787241
1998-02-10,1998,16.675647
1998-02-11,1998,16.503183
1998-02-12,1998,16.832455
1998-02-13,1998,16.625353
1998-02-14,1998,16.604429
1998-02-15,1998,16.876591
1998-02-16,1998,17.843353
1998-02-17,1998,18.197231
1998-02-18,1998,17.988746
1998-02-19,1998,18.178307
1998-02-20,1998,17.968283
1998-02-21,1998,17.762837
1998-02-22,1998,17.471419
1998-02-23,1998,18.166604
1998-02-24,1998,18.231692
1998-02-25,1998,19.464277
1998-02-26,1998,20.351375
1998-02-27,1998,20.584291
1998-02-28,1998,20.652972
1998-03-01,1998,20.491553
1998-03-02,1998,20.310930
1998-03-03,1998,20.065092
1998-03-04,1998,20.327789
1998-03-05,1998,20.572660
1998-03-06,1998,20.864570
1998-03-07,1998,22.691758
1998-03-08,1998,23.486619
1998-03-09,1998,23.147577
1998-03-10,1998,22.878337
1998-03-11,1998,22.539419
1998-03-12,1998,22.070767
1998-03-13,1998,21.490694
1998-03-14,1998,20.819356
1998-03-15,1998,20.149980
1998-03-16,1998,19.528557
1998-03-17,1998,18.941659
1998-03-18,1998,20.258373
1998-03-19,1998,22.657933
1998-03-20,1998,22.223861
1998-03-21,1998,21.771070
1998-03-22,1998,21.191016
1998-03-23,1998,20.165358
1998-03-24,1998,18.633086
1998-03-25,1998,17.029080
1998-03-26,1998,15.735826
1998-03-27,1998,16.388568
1998-03-28,1998,16.683204
1998-03-29,1998,18.476087
1998-03-30,1998,19.032580
1998-03-31,1998,20.048743
1998-04-01,1998,19.838775
1998-04-02,1998,19.877239
1998-04-03,1998,21.898713
1998-04-04,1998,21.005039
1998-04-05,1998,20.185636
1998-04-06,1998,19.611376
1998-04-07,1998,20.253559
1998-04-08,1998,21.122312
1998-04-09,1998,21.040540
1998-04-10,1998,20.561906
1998-04-11,1998,19.718649
1998-04-12,1998,18.437621
1998-04-13,1998,18.954464
1998-04-14,1998,19.158635
1998-04-15,1998,19.611651
1998-04-16,1998,21.161111
1998-04-17,1998,22.308628
1998-04-18,1998,22.907949
1998-04-19,1998,22.869961
1998-04-20,1998,22.460419
1998-04-21,1998,21.897401
1998-04-22,1998,20.975130
1998-04-23,1998,19.858998
1998-04-24,1998,18.347169
1998-04-25,1998,17.561153
1998-04-26,1998,18.127435
1998-04-27,1998,18.666775
1998-04-28,1998,17.991835
1998-04-29,1998,17.305528
1998-04-30,1998,16.518042
1998-05-01,1998,15.473616
1998-05-02,1998,14.506817
1998-05-03,1998,13.384336
1998-05-04,1998,12.522165
1998-05-05,1998,11.686361
1998-05-06,1998,11.013478
1998-05-07,1998,11.125196
1998-05-08,1998,10.651932
1998-05-09,1998,10.477251
1998-05-10,1998,9.844635
1998-05-11,1998,9.298821
1998-05-12,1998,8.982691
1998-05-13,1998,8.508444
1998-05-14,1998,8.038904
1998-05-15,1998,8.141878
1998-05-16,1998,7.896267
1998-05-17,1998,7.515102
1998-05-18,1998,7.107170
1998-05-19,1998,6.671063
1998-05-20,1998,6.122025
1998-05-21,1998,5.670250
1998-05-22,1998,5.266896
1998-05-23,1998,5.100459
1998-05-24,1998,5.007219
1998-05-25,1998,4.817607
1998-05-26,1998,4.544396
1998-05-27,1998,4.233110
1998-05-28,1998,3.923071
1998-05-29,1998,3.530989
1998-05-30,1998,3.144471
1998-05-31,1998,2.928807
1998-06-01,1998,2.654065
1998-06-02,1998,2.327898
1998-06-03,1998,2.057458
1998-06-04,1998,1.834517
1998-06-05,1998,2.220739
1998-06-06,1998,2.221256
1998-06-07,1998,1.932583
1998-06-08,1998,1.671217
1998-06-09,1998,1.564309
1998-06-10,1998,1.445764
1998-06-11,1998,1.389144
1998-06-12,1998,1.302710
1998-06-13,1998,1.207487
1998-06-14,1998,1.193027
1998-06-15,1998,1.230756
1998-06-16,1998,1.151689
1998-06-17,1998,1.096436
1998-06-18,1998,1.415950
1998-06-19,1998,1.125234
1998-06-20,1998,0.899840
1998-06-21,1998,0.792350
1998-06-22,1998,0.702806
1998-06-23,1998,0.614436
1998-06-24,1998,0.544157
1998-06-25,1998,0.485130
1998-06-26,1998,0.405348
1998-06-27,1998,0.325130
1998-06-28,1998,0.250506
1998-06-29,1998,0.176162
1998-06-30,1998,0.106248
1998-07-01,1998,0.051574
1998-07-02,1998,0.025452
1998-07-03,1998,0.011728
1998-07-04,1998,0.004300
1998-07-05,1998,0.002083
1998-07-06,1998,0.000722
1998-07-07,1998,0.000000
1998-07-08,1998,0.000000
1998-07-09,1998,0.000000
1998-07-10,1998,0.000000
1998-07-11,1998,0.000000
1998-07-12,1998,0.000000
1998-07-13,1998,0.000000
1998-07-14,1998,0.000000
1998-07-15,1998,0.000000
1998-07-16,1998,0.000000
1998-07-17,1998,0.000000
1998-07-18,1998,0.000000
1998-07-19,1998,0.000000
1998-07-20,1998,0.000000
1998-07-21,1998,0.000000
1998-07-22,1998,0.000000
1998-07-23,1998,0.000000
1998-07-24,1998,0.000000
1998-07-25,1998,0.000000
1998-07-26,1998,0.000000
1998-07-27,1998,0.000000
1998-07-28,1998,0.000000
1998-07-29,1998,0.000000
1998-07-30,1998,0.000000
1998-07-31,1998,0.000000
1998-08-01,1998,0.000000
1998-08-02,1998,0.000000
1998-08-03,1998,0.000000
1998-08-04,1998,0.000000
1998-08-05,1998,0.000000
1998-08-06,1998,0.000000
1998-08-07,1998,0.000000
1998-08-08,1998,0.000000
1998-08-09,1998,0.000000
1998-08-10,1998,0.000000
1998-08-11,1998,0.000000
1998-08-12,1998,0.000000
1998-08-13,1998,0.000000
1998-08-14,1998,0.000000
1998-08-15,1998,0.000000
1998-08-16,1998,0.000000
1998-08-17,1998,0.000000
1998-08-18,1998,0.000000
1998-08-19,1998,0.000000
1998-08-20,1998,0.000000
1998-08-21,1998,0.000000
1998-08-22,1998,0.000000
1998-08-23,1998,0.000000
1998-08-24,1998,0.000000
1998-08-25,1998,0.000000
1998-08-26,1998,0.000000
1998-08-27,1998,0.000000
1998-08-28,1998,0.000000
1998-08-29,1998,0.000000
1998-08-30,1998,0.000000
1998-08-31,1998,0.000000
1998-09-01,1998,0.002452
1998-09-02,1998,0.001517
1998-09-03,1998,0.000000
1998-09-04,1998,0.000000
1998-09-05,1998,0.000000
1998-09-06,1998,0.000000
1998-09-07,1998,0.000000
1998-09-08,1998,0.000000
1998-09-09,1998,0.000000
1998-09-10,1998,0.000000
1998-09-11,1998,0.000000
1998-09-12,1998,0.000000
1998-09-13,1998,0.000000
1998-09-14,1998,0.000000
1998-09-15,1998,0.000000
1998-09-16,1998,0.000000
1998-09-17,1998,0.000000
1998-09-18,1998,0.000000
1998-09-19,1998,0.000000
1998-09-20,1998,0.000000
1998-09-21,1998,0.000000
1998-09-22,1998,0.000000
1998-09-23,1998,0.000000
1998-09-24,1998,0.000000
1998-09-25,1998,0.000000
1998-09-26,1998,0.000000
1998-09-27,1998,0.000000
1998-09-28,1998,0.000000
1998-09-29,1998,0.000000
1998-09-30,1998,0.000000
1998-10-01,1999,0.021657
1998-10-02,1999,0.322963
1998-10-03,1999,0.199520
1998-10-04,1999,1.152015
1998-10-05,1999,2.068720
1998-10-06,1999,2.088441
1998-10-07,1999,1.768454
1998-10-08,1999,1.122116
1998-10-09,1999,0.644228
1998-10-10,1999,0.378835
1998-10-11,1999,0.241730
1998-10-12,1999,0.170561
1998-10-13,1999,0.108898
1998-10-14,1999,0.069183
1998-10-15,1999,0.040781
1998-10-16,1999,0.051843
1998-10-17,1999,1.464318
1998-10-18,1999,1.485848
1998-10-19,1999,1.248903
1998-10-20,1999,0.941974
1998-10-21,1999,0.797652
1998-10-22,1999,0.608683
1998-10-23,1999,0.459078
1998-10-24,1999,0.380848
1998-10-25,1999,0.309840
1998-10-26,1999,0.894685
1998-10-27,1999,1.140852
1998-10-28,1999,2.022204
1998-10-29,1999,2.172446
1998-10-30,1999,2.113208
1998-10-31,1999,2.298615
1998-11-01,1999,2.677711
1998-11-02,1999,2.556562
1998-11-03,1999,3.250607
1998-11-04,1999,3.392492
1998-11-05,1999,3.340022
1998-11-06,1999,3.684541
1998-11-07,1999,4.434689
1998-11-08,1999,4.460886
1998-11-09,1999,8.353682
1998-11-10,1999,9.523648
1998-11-11,1999,9.329456
1998-11-12,1999,9.606331
1998-11-13,1999,9.222263
1998-11-14,1999,8.766964
1998-11-15,1999,8.043214
1998-11-16,1999,7.235716
1998-11-17,1999,6.708885
1998-11-18,1999,6.460248
1998-11-19,1999,6.482133
1998-11-20,1999,6.472866
1998-11-21,1999,6.372989
1998-11-22,1999,6.125911
1998-11-23,1999,5.687817
1998-11-24,1999,5.288687
1998-11-25,1999,5.072670
1998-11-26,1999,4.850291
1998-11-27,1999,4.406189
1998-11-28,1999,4.020089
1998-11-29,1999,4.486249
1998-11-30,1999,4.618349
1998-12-01,1999,4.411030
1998-12-02,1999,4.155701
1998-12-03,1999,3.946339
1998-12-04,1999,3.763575
1998-12-05,1999,3.923084
1998-12-06,1999,5.040802
1998-12-07,1999,5.355344
1998-12-08,1999,5.340024
1998-12-09,1999,5.622182
1998-12-10,1999,6.264926
1998-12-11,1999,6.150416
1998-12-12,1999,6.041296
1998-12-13,1999,5.947643
1998-12-14,1999,5.821433
1998-12-15,1999,5.683730
1998-12-16,1999,5.568591
1998-12-17,1999,5.427439
1998-12-18,1999,5.216561
1998-12-19,1999,5.663832
1998-12-20,1999,7.354666
1998-12-21,1999,10.387842
1998-12-22,1999,10.199351
1998-12-23,1999,9.713201
1998-12-24,1999,9.378058
1998-12-25,1999,9.076488
1998-12-26,1999,9.024477
1998-12-27,1999,8.961566
1998-12-28,1999,8.964869
1998-12-29,1999,8.921339
1998-12-30,1999,8.665413
1998-12-31,1999,8.394552
1999-01-01,1999,9.234526
1999-01-02,1999,9.694982
1999-01-03,1999,9.945680
1999-01-04,1999,10.072474
1999-01-05,1999,10.411837
1999-01-06,1999,10.361572
1999-01-07,1999,10.070353
1999-01-08,1999,9.947859
1999-01-09,1999,10.023209
1999-01-10,1999,10.098905
1999-01-11,1999,9.886289
1999-01-12,1999,9.535089
1999-01-13,1999,9.415024
1999-01-14,1999,9.449159
1999-01-15,1999,9.249394
1999-01-16,1999,9.134419
1999-01-17,1999,9.932756
1999-01-18,1999,10.153305
1999-01-19,1999,10.714544
1999-01-20,1999,11.069190
1999-01-21,1999,12.446433
1999-01-22,1999,14.906394
1999-01-23,1999,14.600660
1999-01-24,1999,14.348072
1999-01-25,1999,14.476492
1999-01-26,1999,13.857762
1999-01-27,1999,14.418874
1999-01-28,1999,14.532749
1999-01-29,1999,14.366424
1999-01-30,1999,14.235988
1999-01-31,1999,14.013099
1999-02-01,1999,13.756348
1999-02-02,1999,14.102089
1999-02-03,1999,13.843354
1999-02-04,1999,13.539959
1999-02-05,1999,14.313203
1999-02-06,1999,14.775874
1999-02-07,1999,14.601258
1999-02-08,1999,14.125203
1999-02-09,1999,13.579772
1999-02-10,1999,12.876152
1999-02-11,1999,15.203489
1999-02-12,1999,15.135045
1999-02-13,1999,14.897502
1999-02-14,1999,14.500855
1999-02-15,1999,14.179865
1999-02-16,1999,14.432098
1999-02-17,1999,14.211329
1999-02-18,1999,14.686880
1999-02-19,1999,14.852002
1999-02-20,1999,14.901124
1999-02-21,1999,14.700609
1999-02-22,1999,15.610965
1999-02-23,1999,15.634038
1999-02-24,1999,15.340913
1999-02-25,1999,14.940068
1999-02-26,1999,14.483832
1999-02-27,1999,14.343420
1999-02-28,1999,14.120864
1999-03-01,1999,13.781506
1999-03-02,1999,13.549510
1999-03-03,1999,13.352848
1999-03-04,1999,12.985002
1999-03-05,1999,13.695031
1999-03-06,1999,13.774195
1999-03-07,1999,13.711913
1999-03-08,1999,14.991236
1999-03-09,1999,14.859309
1999-03-10,1999,14.745985
1999-03-11,1999,14.455378
1999-03-12,1999,15.095388
1999-03-13,1999,15.901291
1999-03-14,1999,15.463601
1999-03-15,1999,14.682001
1999-03-16,1999,13.859378
1999-03-17,1999,13.215144
1999-03-18,1999,12.799115
1999-03-19,1999,12.647517
1999-03-20,1999,12.009750
1999-03-21,1999,11.281033
1999-03-22,1999,10.729187
1999-03-23,1999,10.507973
1999-03-24,1999,10.196998
1999-03-25,1999,9.807211
1999-03-26,1999,9.309212
1999-03-27,1999,9.415935
1999-03-28,1999,9.444630
1999-03-29,1999,9.319793
1999-03-30,1999,9.086130
1999-03-31,1999,8.752115
1999-04-01,1999,9.344805
1999-04-02,1999,12.587767
1999-04-03,1999,15.746861
1999-04-04,1999,15.787032
1999-04-05,1999,16.523408
1999-04-06,1999,16.116967
1999-04-07,1999,15.297240
1999-04-08,1999,14.971662
1999-04-09,1999,14.613065
1999-04-10,1999,15.141365
1999-04-11,1999,15.003925
1999-04-12,1999,14.417696
1999-04-13,1999,13.380160
1999-04-14,1999,12.879743
1999-04-15,1999,13.601992
1999-04-16,1999,13.691763
1999-04-17,1999,14.199643
1999-04-18,1999,13.780645
1999-04-19,1999,12.980734
1999-04-20,1999,12.064733
1999-04-21,1999,11.514519
1999-04-22,1999,13.195966
1999-04-23,1999,15.912407
1999-04-24,1999,16.197710
1999-04-25,1999,16.946403
1999-04-26,1999,17.427637
1999-04-27,1999,16.701647
1999-04-28,1999,15.016163
1999-04-29,1999,14.402754
1999-04-30,1999,15.052190
1999-05-01,1999,17.094979
1999-05-02,1999,19.534562
1999-05-03,1999,18.172720
1999-05-04,1999,18.544394
1999-05-05,1999,18.577178
1999-05-06,1999,18.587110
1999-05-07,1999,18.027860
1999-05-08,1999,16.861101
1999-05-09,1999,15.384353
1999-05-10,1999,14.787387
1999-05-11,1999,14.837719
1999-05-12,1999,14.637805
1999-05-13,1999,13.956819
1999-05-14,1999,13.046527
1999-05-15,1999,12.380091
1999-05-16,1999,11.728911
1999-05-17,1999,11.662085
1999-05-18,1999,11.318072
1999-05-19,1999,10.638744
1999-05-20,1999,9.873115
1999-05-21,1999,9.236110
1999-05-22,1999,8.650316
1999-05-23,1999,8.020208
1999-05-24,1999,7.351339
1999-05-25,1999,6.874744
1999-05-26,1999,6.855098
1999-05-27,1999,6.317401
1999-05-28,1999,5.774839
1999-05-29,1999,5.311020
1999-05-30,1999,4.805503
1999-05-31,1999,4.372337
1999-06-01,1999,4.119556
1999-06-02,1999,3.787986
1999-06-03,1999,3.478890
1999-06-04,1999,3.245997
1999-06-05,1999,2.994777
1999-06-06,1999,3.410045
1999-06-07,1999,3.098453
1999-06-08,1999,2.706441
1999-06-09,1999,2.445239
1999-06-10,1999,2.204300
1999-06-11,1999,1.970837
1999-06-12,1999,1.794712
1999-06-13,1999,1.621651
1999-06-14,1999,1.383975
1999-06-15,1999,1.147637
1999-06-16,1999,0.946561
1999-06-17,1999,0.740284
1999-06-18,1999,0.582867
1999-06-19,1999,0.467011
1999-06-20,1999,0.368394
1999-06-21,1999,0.308873
1999-06-22,1999,0.257823
1999-06-23,1999,0.197257
1999-06-24,1999,0.136680
1999-06-25,1999,0.080688
1999-06-26,1999,0.042628
1999-06-27,1999,0.022026
1999-06-28,1999,0.011658
1999-06-29,1999,0.005557
1999-06-30,1999,0.002298
1999-07-01,1999,0.000648
1999-07-02,1999,0.000000
1999-07-03,1999,0.000000
1999-07-04,1999,0.000000
1999-07-05,1999,0.000000
1999-07-06,1999,0.000000
1999-07-07,1999,0.000000
1999-07-08,1999,0.000000
1999-07-09,1999,0.000000
1999-07-10,1999,0.000000
1999-07-11,1999,0.000000
1999-07-12,1999,0.000000
1999-07-13,1999,0.000000
1999-07-14,1999,0.000000
1999-07-15,1999,0.000000
1999-07-16,1999,0.000000
1999-07-17,1999,0.000000
1999-07-18,1999,0.000000
1999-07-19,1999,0.000000
1999-07-20,1999,0.000000
1999-07-21,1999,0.000000
1999-07-22,1999,0.000000
1999-07-23,1999,0.000000
1999-07-24,1999,0.000000
1999-07-25,1999,0.000000
1999-07-26,1999,0.000000
1999-07-27,1999,0.000000
1999-07-28,1999,0.000000
1999-07-29,1999,0.000000
1999-07-30,1999,0.000000
1999-07-31,1999,0.000000
1999-08-01,1999,0.000000
1999-08-02,1999,0.000000
1999-08-03,1999,0.000000
1999-08-04,1999,0.000000
1999-08-05,1999,0.000000
1999-08-06,1999,0.000000
1999-08-07,1999,0.000000
1999-08-08,1999,0.000000
1999-08-09,1999,0.000000
1999-08-10,1999,0.000000
1999-08-11,1999,0.000000
1999-08-12,1999,0.000000
1999-08-13,1999,0.000000
1999-08-14,1999,0.000000
1999-08-15,1999,0.000000
1999-08-16,1999,0.000000
1999-08-17,1999,0.000000
1999-08-18,1999,0.000000
1999-08-19,1999,0.000000
1999-08-20,1999,0.000000
1999-08-21,1999,0.000000
1999-08-22,1999,0.000000
1999-08-23,1999,0.000000
1999-08-24,1999,0.000000
1999-08-25,1999,0.000000
1999-08-26,1999,0.000000
1999-08-27,1999,0.000000
1999-08-28,1999,0.000000
1999-08-29,1999,0.000000
1999-08-30,1999,0.000000
1999-08-31,1999,0.000000
1999-09-01,1999,0.000000
1999-09-02,1999,0.000000
1999-09-03,1999,0.002077
1999-09-04,1999,0.000564
1999-09-05,1999,0.000379
1999-09-06,1999,0.000000
1999-09-07,1999,0.000000
1999-09-08,1999,0.000000
1999-09-09,1999,0.000000
1999-09-10,1999,0.000000
1999-09-11,1999,0.000000
1999-09-12,1999,0.000000
1999-09-13,1999,0.000000
1999-09-14,1999,0.000000
1999-09-15,1999,0.014982
1999-09-16,1999,0.012020
1999-09-17,1999,0.006396
1999-09-18,1999,0.003068
1999-09-19,1999,0.002000
1999-09-20,1999,0.284982
1999-09-21,1999,0.178155
1999-09-22,1999,0.106811
1999-09-23,1999,0.063602
1999-09-24,1999,0.036533
1999-09-25,1999,0.020058
1999-09-26,1999,0.005640
1999-09-27,1999,0.042789
1999-09-28,1999,0.374019
1999-09-29,1999,0.578176
1999-09-30,1999,0.397202
1999-10-01,2000,0.232276
1999-10-02,2000,0.124460
1999-10-03,2000,0.074961
1999-10-04,2000,0.048791
1999-10-05,2000,0.026278
1999-10-06,2000,0.012082
1999-10-07,2000,0.022097
1999-10-08,2000,0.262541
1999-10-09,2000,0.171849
1999-10-10,2000,0.097083
1999-10-11,2000,0.050058
1999-10-12,2000,0.025352
1999-10-13,2000,0.014537
1999-10-14,2000,0.007700
1999-10-15,2000,0.004839
1999-10-16,2000,0.103915
1999-10-17,2000,1.107440
1999-10-18,2000,1.006354
1999-10-19,2000,1.477472
1999-10-20,2000,1.345977
1999-10-21,2000,1.071831
1999-10-22,2000,0.770996
1999-10-23,2000,0.528364
1999-10-24,2000,0.363331
1999-10-25,2000,0.242533
1999-10-26,2000,0.163264
1999-10-27,2000,0.102592
1999-10-28,2000,0.068869
1999-10-29,2000,0.558765
1999-10-30,2000,0.895238
1999-10-31,2000,0.812481
1999-11-01,2000,0.572109
1999-11-02,2000,0.489784
1999-11-03,2000,0.423390
1999-11-04,2000,0.354196
1999-11-05,2000,0.276198
1999-11-06,2000,0.206530
1999-11-07,2000,0.150736
1999-11-08,2000,0.108554
1999-11-09,2000,0.082717
1999-11-10,2000,0.074180
1999-11-11,2000,0.056844
1999-11-12,2000,0.045880
1999-11-13,2000,0.033450
1999-11-14,2000,0.026906
1999-11-15,2000,0.018328
1999-11-16,2000,0.012146
1999-11-17,2000,0.009813
1999-11-18,2000,0.205915
1999-11-19,2000,0.261943
1999-11-20,2000,0.252097
1999-11-21,2000,0.415187
1999-11-22,2000,1.913875
1999-11-23,2000,2.789109
1999-11-24,2000,2.552083
1999-11-25,2000,2.432560
1999-11-26,2000,2.575038
1999-11-27,2000,2.310608
1999-11-28,2000,2.124363
1999-11-29,2000,1.943919
1999-11-30,2000,1.715011
1999-12-01,2000,1.478615
1999-12-02,2000,1.986347
1999-12-03,2000,2.465732
1999-12-04,2000,4.208927
1999-12-05,2000,4.018520
1999-12-06,2000,3.899253
1999-12-07,2000,3.802467
1999-12-08,2000,4.317972
1999-12-09,2000,4.719534
1999-12-10,2000,4.590761
1999-12-11,2000,4.861956
1999-12-12,2000,4.842260
1999-12-13,2000,4.774249
1999-12-14,2000,5.673301
1999-12-15,2000,5.508852
1999-12-16,2000,5.452728
1999-12-17,2000,5.705388
1999-12-18,2000,5.788010
1999-12-19,2000,6.161528
1999-12-20,2000,6.512624
1999-12-21,2000,6.812122
1999-12-22,2000,7.240470
1999-12-23,2000,7.351657
1999-12-24,2000,7.218316
1999-12-25,2000,7.037351
1999-12-26,2000,6.861851
1999-12-27,2000,6.690752
1999-12-28,2000,6.530845
1999-12-29,2000,6.252779
1999-12-30,2000,6.058862
1999-12-31,2000,5.932501
2000-01-01,2000,5.988074
2000-01-02,2000,7.127581
2000-01-03,2000,8.223256
2000-01-04,2000,8.239259
2000-01-05,2000,8.483834
2000-01-06,2000,8.647367
2000-01-07,2000,8.553912
2000-01-08,2000,8.414523
2000-01-09,2000,8.857958
2000-01-10,2000,9.033899
2000-01-11,2000,9.341188
2000-01-12,2000,8.935174
2000-01-13,2000,8.756007
2000-01-14,2000,8.491113
2000-01-15,2000,8.140206
2000-01-16,2000,7.731857
2000-01-17,2000,7.484683
2000-01-18,2000,7.055776
2000-01-19,2000,7.039280
2000-01-20,2000,6.831239
2000-01-21,2000,6.571270
2000-01-22,2000,7.426742
2000-01-23,2000,7.889753
2000-01-24,2000,7.830009
2000-01-25,2000,8.282338
2000-01-26,2000,10.031364
2000-01-27,2000,11.692685
2000-01-28,2000,11.818513
2000-01-29,2000,11.910104
2000-01-30,2000,11.753461
2000-01-31,2000,11.571107
2000-02-01,2000,11.962768
2000-02-02,2000,11.755288
2000-02-03,2000,11.306543
2000-02-04,2000,10.915405
2000-02-05,2000,10.638529
2000-02-06,2000,10.265847
2000-02-07,2000,9.930711
2000-02-08,2000,9.615054
2000-02-09,2000,9.213495
2000-02-10,2000,9.244390
2000-02-11,2000,10.728633
2000-02-12,2000,10.992432
2000-02-13,2000,12.932232
2000-02-14,2000,13.314419
2000-02-15,2000,13.070602
2000-02-16,2000,12.793076
2000-02-17,2000,13.007655
2000-02-18,2000,14.817059
2000-02-19,2000,14.806062
2000-02-20,2000,14.458493
2000-02-21,2000,14.005538
2000-02-22,2000,13.503515
2000-02-23,2000,13.694427
2000-02-24,2000,13.310717
2000-02-25,2000,14.137832
2000-02-26,2000,14.608379
2000-02-27,2000,14.354235
2000-02-28,2000,13.838825
2000-02-29,2000,14.161221
2000-03-01,2000,13.771757
2000-03-02,2000,13.983635
2000-03-03,2000,14.049732
2000-03-04,2000,13.505956
2000-03-05,2000,12.816604
2000-03-06,2000,13.065874
2000-03-07,2000,13.401045
2000-03-08,2000,14.459809
2000-03-09,2000,14.505354
2000-03-10,2000,15.474783
2000-03-11,2000,15.514669
2000-03-12,2000,15.638500
2000-03-13,2000,15.524761
2000-03-14,2000,15.018525
2000-03-15,2000,14.536507
2000-03-16,2000,16.939117
2000-03-17,2000,16.468477
2000-03-18,2000,16.440921
2000-03-19,2000,16.592111
2000-03-20,2000,16.746646
2000-03-21,2000,19.412819
2000-03-22,2000,19.280531
2000-03-23,2000,19.183558
2000-03-24,2000,18.227056
2000-03-25,2000,17.298409
2000-03-26,2000,16.294707
2000-03-27,2000,15.388830
2000-03-28,2000,14.476843
2000-03-29,2000,15.096228
2000-03-30,2000,14.810864
2000-03-31,2000,17.466561
2000-04-01,2000,18.738524
2000-04-02,2000,18.530055
2000-04-03,2000,18.827417
2000-04-04,2000,18.348142
2000-04-05,2000,16.984148
2000-04-06,2000,15.505735
2000-04-07,2000,14.438874
2000-04-08,2000,13.917983
2000-04-09,2000,13.202255
2000-04-10,2000,12.266629
2000-04-11,2000,12.197070
2000-04-12,2000,11.978755
2000-04-13,2000,11.151564
2000-04-14,2000,10.301372
2000-04-15,2000,10.188164
2000-04-16,2000,10.752747
2000-04-17,2000,10.238015
2000-04-18,2000,9.564536
2000-04-19,2000,9.279376
2000-04-20,2000,9.772027
2000-04-21,2000,9.293813
2000-04-22,2000,8.717776
2000-04-23,2000,9.506554
2000-04-24,2000,9.110133
2000-04-25,2000,8.968923
2000-04-26,2000,8.587738
2000-04-27,2000,8.116237
2000-04-28,2000,7.456078
2000-04-29,2000,6.853483
2000-04-30,2000,6.931188
2000-05-01,2000,7.158450
2000-05-02,2000,6.585186
2000-05-03,2000,5.824101
2000-05-04,2000,5.301933
2000-05-05,2000,4.767190
2000-05-06,2000,4.276933
2000-05-07,2000,3.983244
2000-05-08,2000,3.840663
2000-05-09,2000,4.529653
2000-05-10,2000,4.139644
2000-05-11,2000,3.538358
2000-05-12,2000,3.699717
2000-05-13,2000,3.716080
2000-05-14,2000,3.542680
2000-05-15,2000,3.238850
2000-05-16,2000,2.925287
2000-05-17,2000,2.661413
2000-05-18,2000,3.579811
2000-05-19,2000,3.536674
2000-05-20,2000,3.124394
2000-05-21,2000,2.769690
2000-05-22,2000,2.480278
2000-05-23,2000,2.151960
2000-05-24,2000,1.772659
2000-05-25,2000,1.483859
2000-05-26,2000,1.239382
2000-05-27,2000,1.121172
2000-05-28,2000,0.968526
2000-05-29,2000,0.778909
2000-05-30,2000,0.587126
2000-05-31,2000,0.460228
2000-06-01,2000,0.352235
2000-06-02,2000,0.275561
2000-06-03,2000,0.205593
2000-06-04,2000,0.181713
2000-06-05,2000,0.136208
2000-06-06,2000,0.096075
2000-06-07,2000,0.058040
2000-06-08,2000,0.031180
2000-06-09,2000,0.017319
2000-06-10,2000,0.010684
2000-06-11,2000,0.006666
2000-06-12,2000,0.004513
2000-06-13,2000,0.002478
2000-06-14,2000,0.001521
2000-06-15,2000,0.000683
2000-06-16,2000,0.002082
2000-06-17,2000,0.248178
2000-06-18,2000,0.142250
2000-06-19,2000,0.033372
2000-06-20,2000,0.013541
2000-06-21,2000,0.004976
2000-06-22,2000,0.000571
2000-06-23,2000,0.000000
2000-06-24,2000,0.000000
2000-06-25,2000,0.000000
2000-06-26,2000,0.000000
2000-06-27,2000,0.000000
2000-06-28,2000,0.000000
2000-06-29,2000,0.000000
2000-06-30,2000,0.000000
2000-07-01,2000,0.000000
2000-07-02,2000,0.000000
2000-07-03,2000,0.000000
2000-07-04,2000,0.000000
2000-07-05,2000,0.000000
2000-07-06,2000,0.000000
2000-07-07,2000,0.000000
2000-07-08,2000,0.000000
2000-07-09,2000,0.000000
2000-07-10,2000,0.000000
2000-07-11,2000,0.000000
2000-07-12,2000,0.000000
2000-07-13,2000,0.000000
2000-07-14,2000,0.000000
2000-07-15,2000,0.000000
2000-07-16,2000,0.000000
2000-07-17,2000,0.000000
2000-07-18,2000,0.000000
2000-07-19,2000,0.000000
2000-07-20,2000,0.000000
2000-07-21,2000,0.000000
2000-07-22,2000,0.000000
2000-07-23,2000,0.000000
2000-07-24,2000,0.000000
2000-07-25,2000,0.000000
2000-07-26,2000,0.000000
2000-07-27,2000,0.000000
2000-07-28,2000,0.000000
2000-07-29,2000,0.000000
2000-07-30,2000,0.000000
2000-07-31,2000,0.000000
2000-08-01,2000,0.000000
2000-08-02,2000,0.000000
2000-08-03,2000,0.000000
2000-08-04,2000,0.000000
2000-08-05,2000,0.000000
2000-08-06,2000,0.000000
2000-08-07,2000,0.000000
2000-08-08,2000,0.000000
2000-08-09,2000,0.000000
2000-08-10,2000,0.000000
2000-08-11,2000,0.000000
2000-08-12,2000,0.000000
2000-08-13,2000,0.000000
2000-08-14,2000,0.000000
2000-08-15,2000,0.000000
2000-08-16,2000,0.000000
2000-08-17,2000,0.000000
2000-08-18,2000,0.000000
2000-08-19,2000,0.000000
2000-08-20,2000,0.000000
2000-08-21,2000,0.000000
2000-08-22,2000,0.000000
2000-08-23,2000,0.000000
2000-08-24,2000,0.000000
2000-08-25,2000,0.000000
2000-08-26,2000,0.000000
2000-08-27,2000,0.000000
2000-08-28,2000,0.000000
2000-08-29,2000,0.000000
2000-08-30,2000,0.000000
2000-08-31,2000,0.000000
2000-09-01,2000,0.000000
2000-09-02,2000,0.000524
2000-09-03,2000,0.000180
2000-09-04,2000,0.000000
2000-09-05,2000,0.000000
2000-09-06,2000,0.000000
2000-09-07,2000,0.000000
2000-09-08,2000,0.000000
2000-09-09,2000,0.000000
2000-09-10,2000,0.000000
2000-09-11,2000,0.000000
2000-09-12,2000,0.000000
2000-09-13,2000,0.000000
2000-09-14,2000,0.000000
2000-09-15,2000,0.000000
2000-09-16,2000,0.000000
2000-09-17,2000,0.000000
2000-09-18,2000,0.006631
2000-09-19,2000,0.003748
2000-09-20,2000,0.037872
2000-09-21,2000,0.024919
2000-09-22,2000,0.073419
2000-09-23,2000,0.258468
2000-09-24,2000,1.595311
2000-09-25,2000,1.542410
2000-09-26,2000,1.091785
2000-09-27,2000,0.662040
2000-09-28,2000,0.351840
2000-09-29,2000,0.147192
2000-09-30,2000,0.051787
2000-10-01,2001,0.015133
2000-10-02,2001,0.004974
2000-10-03,2001,0.000645
2000-10-04,2001,0.000000
2000-10-05,2001,0.031406
2000-10-06,2001,0.040882
2000-10-07,2001,0.055727
2000-10-08,2001,0.136215
2000-10-09,2001,0.128344
2000-10-10,2001,0.096681
2000-10-11,2001,0.134365
2000-10-12,2001,0.315381
2000-10-13,2001,0.328723
2000-10-14,2001,0.380735
2000-10-15,2001,0.373842
2000-10-16,2001,0.311665
2000-10-17,2001,0.252377
2000-10-18,2001,0.181737
2000-10-19,2001,0.120398
2000-10-20,2001,0.087143
2000-10-21,2001,0.061563
2000-10-22,2001,0.079221
2000-10-23,2001,0.320780
2000-10-24,2001,1.131742
2000-10-25,2001,1.173003
2000-10-26,2001,1.104690
2000-10-27,2001,0.948871
2000-10-28,2001,1.288631
2000-10-29,2001,2.016391
2000-10-30,2001,1.884345
2000-10-31,2001,1.965442
2000-11-01,2001,3.653537
2000-11-02,2001,4.154754
2000-11-03,2001,4.213004
2000-11-04,2001,4.160179
2000-11-05,2001,4.461488
2000-11-06,2001,5.452387
2000-11-07,2001,5.680585
2000-11-08,2001,5.619189
2000-11-09,2001,5.658552
2000-11-10,2001,5.837126
2000-11-11,2001,7.858093
2000-11-12,2001,8.343191
2000-11-13,2001,8.315437
2000-11-14,2001,8.172043
2000-11-15,2001,8.612584
2000-11-16,2001,8.929317
2000-11-17,2001,8.826011
2000-11-18,2001,9.081550
2000-11-19,2001,8.886877
2000-11-20,2001,8.728540
2000-11-21,2001,8.561539
2000-11-22,2001,8.317004
2000-11-23,2001,8.299636
2000-11-24,2001,8.210333
2000-11-25,2001,8.142716
2000-11-26,2001,8.040657
2000-11-27,2001,7.939689
2000-11-28,2001,8.108003
2000-11-29,2001,7.976378
2000-11-30,2001,7.759952
2000-12-01,2001,7.628171
2000-12-02,2001,7.504444
2000-12-03,2001,7.337146
2000-12-04,2001,7.147014
2000-12-05,2001,6.997304
2000-12-06,2001,7.181285
2000-12-07,2001,7.021019
2000-12-08,2001,6.851931
2000-12-09,2001,7.317738
2000-12-10,2001,7.370821
2000-12-11,2001,9.632291
2000-12-12,2001,9.681961
2000-12-13,2001,10.609935
2000-12-14,2001,10.880099
2000-12-15,2001,11.066283
2000-12-16,2001,12.296616
2000-12-17,2001,12.060460
2000-12-18,2001,12.357396
2000-12-19,2001,12.251471
2000-12-20,2001,12.261409
2000-12-21,2001,12.178184
2000-12-22,2001,12.013707
2000-12-23,2001,11.977335
2000-12-24,2001,11.749051
2000-12-25,2001,12.200498
2000-12-26,2001,12.832952
2000-12-27,2001,12.609554
2000-12-28,2001,12.364944
2000-12-29,2001,12.150562
2000-12-30,2001,11.977446
2000-12-31,2001,12.143003
2001-01-01,2001,11.940809
2001-01-02,2001,11.784150
2001-01-03,2001,11.627482
2001-01-04,2001,11.397472
2001-01-05,2001,11.081939
2001-01-06,2001,10.747477
2001-01-07,2001,10.521663
2001-01-08,2001,10.413063
2001-01-09,2001,10.281868
2001-01-10,2001,10.371763
2001-01-11,2001,10.417950
2001-01-12,2001,10.255626
2001-01-13,2001,11.569326
2001-01-14,2001,12.266298
2001-01-15,2001,12.228879
2001-01-16,2001,13.298872
2001-01-17,2001,14.114040
2001-01-18,2001,13.874108
2001-01-19,2001,13.607442
2001-01-20,2001,13.500961
2001-01-21,2001,13.675515
2001-01-22,2001,13.476577
2001-01-23,2001,13.211804
2001-01-24,2001,12.998005
2001-01-25,2001,12.931127
2001-01-26,2001,14.061987
2001-01-27,2001,14.075175
2001-01-28,2001,15.944172
2001-01-29,2001,17.450298
2001-01-30,2001,17.365351
2001-01-31,2001,17.319005
2001-02-01,2001,17.179061
2001-02-02,2001,16.947367
2001-02-03,2001,16.576109
2001-02-04,2001,16.448108
2001-02-05,2001,15.941141
2001-02-06,2001,15.445351
2001-02-07,2001,15.226215
2001-02-08,2001,16.215039
2001-02-09,2001,18.276908
2001-02-10,2001,17.879992
2001-02-11,2001,17.601798
2001-02-12,2001,17.575141
2001-02-13,2001,17.295982
2001-02-14,2001,18.473057
2001-02-15,2001,18.872953
2001-02-16,2001,18.601321
2001-02-17,2001,18.271979
2001-02-18,2001,17.862076
2001-02-19,2001,17.591788
2001-02-20,2001,17.288696
2001-02-21,2001,17.280036
2001-02-22,2001,17.334700
2001-02-23,2001,16.955106
2001-02-24,2001,17.658737
2001-02-25,2001,17.892464
2001-02-26,2001,17.672465
2001-02-27,2001,19.422868
2001-02-28,2001,19.998188
2001-03-01,2001,20.704370
2001-03-02,2001,20.444892
2001-03-03,2001,20.080094
2001-03-04,2001,19.996980
2001-03-05,2001,19.535835
2001-03-06,2001,18.858136
2001-03-07,2001,18.264472
2001-03-08,2001,18.456752
2001-03-09,2001,17.859853
2001-03-10,2001,17.490190
2001-03-11,2001,19.129924
2001-03-12,2001,20.341451
2001-03-13,2001,20.112931
2001-03-14,2001,19.558269
2001-03-15,2001,19.908746
2001-03-16,2001,19.692431
2001-03-17,2001,21.774707
2001-03-18,2001,22.108213
2001-03-19,2001,21.785481
2001-03-20,2001,21.094119
2001-03-21,2001,19.878363
2001-03-22,2001,18.503886
2001-03-23,2001,17.411749
2001-03-24,2001,16.912089
2001-03-25,2001,16.019973
2001-03-26,2001,15.251272
2001-03-27,2001,14.673033
2001-03-28,2001,14.523715
2001-03-29,2001,14.843067
2001-03-30,2001,15.322953
2001-03-31,2001,15.308505
2001-04-01,2001,14.882232
2001-04-02,2001,14.272233
2001-04-03,2001,13.478057
2001-04-04,2001,12.698826
2001-04-05,2001,11.999022
2001-04-06,2001,12.877369
2001-04-07,2001,14.500263
2001-04-08,2001,14.599771
2001-04-09,2001,14.905876
2001-04-10,2001,14.832755
2001-04-11,2001,17.365174
2001-04-12,2001,17.461781
2001-04-13,2001,17.924001
2001-04-14,2001,17.457937
2001-04-15,2001,17.036257
2001-04-16,2001,16.256295
2001-04-17,2001,15.424112
2001-04-18,2001,14.393089
2001-04-19,2001,13.248822
2001-04-20,2001,12.568420
2001-04-21,2001,12.381733
2001-04-22,2001,13.872651
2001-04-23,2001,15.507800
2001-04-24,2001,15.048027
2001-04-25,2001,14.283103
2001-04-26,2001,13.374859
2001-04-27,2001,12.469092
2001-04-28,2001,11.633331
2001-04-29,2001,10.815297
2001-04-30,2001,10.157487
2001-05-01,2001,9.499609
2001-05-02,2001,8.712994
2001-05-03,2001,10.388689
2001-05-04,2001,12.836648
2001-05-05,2001,14.617550
2001-05-06,2001,14.369248
2001-05-07,2001,13.056365
2001-05-08,2001,11.788940
2001-05-09,2001,10.468659
2001-05-10,2001,9.311573
2001-05-11,2001,8.468169
2001-05-12,2001,7.759195
2001-05-13,2001,7.069351
2001-05-14,2001,6.335357
2001-05-15,2001,5.740056
2001-05-16,2001,5.111931
2001-05-17,2001,4.623517
2001-05-18,2001,4.265515
2001-05-19,2001,3.846047
2001-05-20,2001,3.479380
2001-05-21,2001,3.529428
2001-05-22,2001,3.449554
2001-05-23,2001,3.177019
2001-05-24,2001,2.851314
2001-05-25,2001,2.561500
2001-05-26,2001,2.279343
2001-05-27,2001,1.962807
2001-05-28,2001,1.696661
2001-05-29,2001,1.430848
2001-05-30,2001,1.239930
2001-05-31,2001,1.054655
2001-06-01,2001,0.915706
2001-06-02,2001,0.766394
2001-06-03,2001,0.632865
2001-06-04,2001,0.542328
2001-06-05,2001,0.495191
2001-06-06,2001,0.466307
2001-06-07,2001,0.402050
2001-06-08,2001,0.327195
2001-06-09,2001,0.265877
2001-06-10,2001,0.200902
2001-06-11,2001,0.144777
2001-06-12,2001,0.097479
2001-06-13,2001,0.087524
2001-06-14,2001,0.593036
2001-06-15,2001,0.493859
2001-06-16,2001,0.208588
2001-06-17,2001,0.071090
2001-06-18,2001,0.023555
2001-06-19,2001,0.009939
2001-06-20,2001,0.004823
2001-06-21,2001,0.001775
2001-06-22,2001,0.000000
2001-06-23,2001,0.000000
2001-06-24,2001,0.000000
2001-06-25,2001,0.000000
2001-06-26,2001,0.000000
2001-06-27,2001,0.000000
2001-06-28,2001,0.000000
2001-06-29,2001,0.000000
2001-06-30,2001,0.000000
2001-07-01,2001,0.000000
2001-07-02,2001,0.000000
2001-07-03,2001,0.000000
2001-07-04,2001,0.000000
2001-07-05,2001,0.000000
2001-07-06,2001,0.000000
2001-07-07,2001,0.000000
2001-07-08,2001,0.000000
2001-07-09,2001,0.000000
2001-07-10,2001,0.000000
2001-07-11,2001,0.000000
2001-07-12,2001,0.000000
2001-07-13,2001,0.000000
2001-07-14,2001,0.000000
2001-07-15,2001,0.000000
2001-07-16,2001,0.000000
2001-07-17,2001,0.000000
2001-07-18,2001,0.000000
2001-07-19,2001,0.000000
2001-07-20,2001,0.000000
2001-07-21,2001,0.000000
2001-07-22,2001,0.000000
2001-07-23,2001,0.000000
2001-07-24,2001,0.000000
2001-07-25,2001,0.000000
2001-07-26,2001,0.000000
2001-07-27,2001,0.000000
2001-07-28,2001,0.000000
2001-07-29,2001,0.000000
2001-07-30,2001,0.000000
2001-07-31,2001,0.000000
2001-08-01,2001,0.000000
2001-08-02,2001,0.000000
2001-08-03,2001,0.000000
2001-08-04,2001,0.000000
2001-08-05,2001,0.000000
2001-08-06,2001,0.000000
2001-08-07,2001,0.000000
2001-08-08,2001,0.000000
2001-08-09,2001,0.000000
2001-08-10,2001,0.000000
2001-08-11,2001,0.000000
2001-08-12,2001,0.000000
2001-08-13,2001,0.000000
2001-08-14,2001,0.000000
2001-08-15,2001,0.000000
2001-08-16,2001,0.000000
2001-08-17,2001,0.000000
2001-08-18,2001,0.000000
2001-08-19,2001,0.000000
2001-08-20,2001,0.000000
2001-08-21,2001,0.000000
2001-08-22,2001,0.000000
2001-08-23,2001,0.000000
2001-08-24,2001,0.000000
2001-08-25,2001,0.000000
2001-08-26,2001,0.000000
2001-08-27,2001,0.000000
2001-08-28,2001,0.000000
2001-08-29,2001,0.000000
2001-08-30,2001,0.000000
2001-08-31,2001,0.011549
2001-09-01,2001,0.004429
2001-09-02,2001,0.001140
2001-09-03,2001,0.000387
2001-09-04,2001,0.000000
2001-09-05,2001,0.000000
2001-09-06,2001,0.000000
2001-09-07,2001,0.057241
2001-09-08,2001,0.617283
2001-09-09,2001,0.994018
2001-09-10,2001,0.589170
2001-09-11,2001,0.242560
2001-09-12,2001,0.087526
2001-09-13,2001,0.025719
2001-09-14,2001,0.006997
2001-09-15,2001,0.001807
2001-09-16,2001,0.000329
2001-09-17,2001,0.004038
2001-09-18,2001,0.018880
2001-09-19,2001,0.009959
2001-09-20,2001,0.005085
2001-09-21,2001,0.002181
2001-09-22,2001,0.000361
2001-09-23,2001,0.000000
2001-09-24,2001,0.000000
2001-09-25,2001,0.000000
2001-09-26,2001,0.000000
2001-09-27,2001,0.000000
2001-09-28,2001,0.000000
2001-09-29,2001,0.000000
2001-09-30,2001,0.000000
2001-10-01,2002,0.000000
2001-10-02,2002,0.000000
2001-10-03,2002,0.000000
2001-10-04,2002,0.000000
2001-10-05,2002,0.074413
2001-10-06,2002,0.064465
2001-10-07,2002,0.037270
2001-10-08,2002,0.020843
2001-10-09,2002,0.147696
2001-10-10,2002,0.684912
2001-10-11,2002,0.664276
2001-10-12,2002,1.261687
2001-10-13,2002,1.559885
2001-10-14,2002,1.392521
2001-10-15,2002,1.165620
2001-10-16,2002,1.026965
2001-10-17,2002,0.754663
2001-10-18,2002,0.492431
2001-10-19,2002,0.380391
2001-10-20,2002,0.291528
2001-10-21,2002,0.208740
2001-10-22,2002,0.318401
2001-10-23,2002,0.333852
2001-10-24,2002,0.420256
2001-10-25,2002,0.410135
2001-10-26,2002,0.385714
2001-10-27,2002,0.329302
2001-10-28,2002,0.252350
2001-10-29,2002,0.169228
2001-10-30,2002,0.114647
2001-10-31,2002,0.088049
2001-11-01,2002,0.266878
2001-11-02,2002,0.263117
2001-11-03,2002,0.221707
2001-11-04,2002,0.177944
2001-11-05,2002,0.134419
2001-11-06,2002,0.104053
2001-11-07,2002,0.092873
2001-11-08,2002,0.918593
2001-11-09,2002,1.012456
2001-11-10,2002,0.910433
2001-11-11,2002,0.815328
2001-11-12,2002,0.688216
2001-11-13,2002,0.563479
2001-11-14,2002,0.597115
2001-11-15,2002,0.529437
2001-11-16,2002,0.421589
2001-11-17,2002,0.331090
2001-11-18,2002,0.279793
2001-11-19,2002,0.639439
2001-11-20,2002,0.604814
2001-11-21,2002,0.548977
2001-11-22,2002,0.517488
2001-11-23,2002,2.425857
2001-11-24,2002,3.061594
2001-11-25,2002,3.501680
2001-11-26,2002,5.749202
2001-11-27,2002,6.137792
2001-11-28,2002,6.229717
2001-11-29,2002,6.100819
2001-11-30,2002,6.914758
2001-12-01,2002,7.202594
2001-12-02,2002,7.324788
2001-12-03,2002,7.330532
2001-12-04,2002,7.011417
2001-12-05,2002,8.360829
2001-12-06,2002,8.266565
2001-12-07,2002,8.784442
2001-12-08,2002,8.972262
2001-12-09,2002,8.835296
2001-12-10,2002,8.673067
2001-12-11,2002,9.147260
2001-12-12,2002,9.356811
2001-12-13,2002,9.589499
2001-12-14,2002,9.496056
2001-12-15,2002,9.416849
2001-12-16,2002,10.309765
2001-12-17,2002,10.149541
2001-12-18,2002,9.969907
2001-12-19,2002,9.884943
2001-12-20,2002,9.707946
2001-12-21,2002,9.448967
2001-12-22,2002,10.282041
2001-12-23,2002,10.320362
2001-12-24,2002,10.195594
2001-12-25,2002,10.072896
2001-12-26,2002,9.938285
2001-12-27,2002,9.821622
2001-12-28,2002,9.702396
2001-12-29,2002,9.953327
2001-12-30,2002,10.564210
2001-12-31,2002,10.751927
2002-01-01,2002,11.011927
2002-01-02,2002,11.211581
2002-01-03,2002,11.051290
2002-01-04,2002,11.060207
2002-01-05,2002,11.495922
2002-01-06,2002,11.418849
2002-01-07,2002,11.355527
2002-01-08,2002,10.911523
2002-01-09,2002,10.294308
2002-01-10,2002,10.580965
2002-01-11,2002,10.675875
2002-01-12,2002,10.493576
2002-01-13,2002,10.322700
2002-01-14,2002,10.535787
2002-01-15,2002,10.397244
2002-01-16,2002,10.683243
2002-01-17,2002,11.575853
2002-01-18,2002,11.621251
2002-01-19,2002,12.301651
2002-01-20,2002,12.365867
2002-01-21,2002,12.428321
2002-01-22,2002,12.174787
2002-01-23,2002,13.426573
2002-01-24,2002,13.630971
2002-01-25,2002,13.357479
2002-01-26,2002,13.002191
2002-01-27,2002,12.566216
2002-01-28,2002,12.156753
2002-01-29,2002,12.434855
2002-01-30,2002,14.214156
2002-01-31,2002,15.702265
2002-02-01,2002,15.366954
2002-02-02,2002,15.028799
2002-02-03,2002,14.738606
2002-02-04,2002,14.500515
2002-02-05,2002,14.453635
2002-02-06,2002,14.275123
2002-02-07,2002,14.035035
2002-02-08,2002,13.739471
2002-02-09,2002,14.196361
2002-02-10,2002,14.327233
2002-02-11,2002,14.086698
2002-02-12,2002,13.646227
2002-02-13,2002,13.421426
2002-02-14,2002,13.189217
2002-02-15,2002,14.234948
2002-02-16,2002,13.949859
2002-02-17,2002,13.609873
2002-02-18,2002,13.296172
2002-02-19,2002,13.760012
2002-02-20,2002,13.849784
2002-02-21,2002,15.058393
2002-02-22,2002,14.720394
2002-02-23,2002,14.157879
2002-02-24,2002,13.501098
2002-02-25,2002,14.033081
2002-02-26,2002,14.392174
2002-02-27,2002,14.177491
2002-02-28,2002,13.995323
2002-03-01,2002,15.008319
2002-03-02,2002,16.700907
2002-03-03,2002,16.331579
2002-03-04,2002,15.912975
2002-03-05,2002,15.555093
2002-03-06,2002,15.140792
2002-03-07,2002,14.615231
2002-03-08,2002,15.596212
2002-03-09,2002,17.045966
2002-03-10,2002,16.684018
2002-03-11,2002,16.351698
2002-03-12,2002,15.859461
2002-03-13,2002,15.026878
2002-03-14,2002,15.739656
2002-03-15,2002,16.319315
2002-03-16,2002,16.485267
2002-03-17,2002,16.853632
2002-03-18,2002,17.296955
2002-03-19,2002,17.404840
2002-03-20,2002,17.007362
2002-03-21,2002,16.423226
2002-03-22,2002,15.724848
2002-03-23,2002,14.775961
2002-03-24,2002,13.978830
2002-03-25,2002,14.461315
2002-03-26,2002,14.613667
2002-03-27,2002,14.111248
2002-03-28,2002,13.385656
2002-03-29,2002,12.632815
2002-03-30,2002,11.900683
2002-03-31,2002,11.175744
2002-04-01,2002,10.328148
2002-04-02,2002,9.457954
2002-04-03,2002,8.880485
2002-04-04,2002,8.333262
2002-04-05,2002,7.752625
2002-04-06,2002,7.078155
2002-04-07,2002,6.556269
2002-04-08,2002,6.189857
2002-04-09,2002,5.886716
2002-04-10,2002,5.462440
2002-04-11,2002,5.502239
2002-04-12,2002,5.271301
2002-04-13,2002,5.111779
2002-04-14,2002,4.689140
2002-04-15,2002,4.172916
2002-04-16,2002,4.057522
2002-04-17,2002,4.365147
2002-04-18,2002,4.259635
2002-04-19,2002,4.189403
2002-04-20,2002,4.094225
2002-04-21,2002,4.562930
2002-04-22,2002,4.558121
2002-04-23,2002,4.332172
2002-04-24,2002,3.976693
2002-04-25,2002,3.781843
2002-04-26,2002,3.631272
2002-04-27,2002,3.655878
2002-04-28,2002,3.859881
2002-04-29,2002,3.660710
2002-04-30,2002,3.330252
2002-05-01,2002,3.115295
2002-05-02,2002,3.198524
2002-05-03,2002,3.163961
2002-05-04,2002,3.033569
2002-05-05,2002,2.887018
2002-05-06,2002,2.710529
2002-05-07,2002,2.527848
2002-05-08,2002,2.402193
2002-05-09,2002,2.394380
2002-05-10,2002,2.323458
2002-05-11,2002,2.242761
2002-05-12,2002,2.534220
2002-05-13,2002,2.724529
2002-05-14,2002,2.374660
2002-05-15,2002,2.109737
2002-05-16,2002,1.914127
2002-05-17,2002,1.843011
2002-05-18,2002,1.653733
2002-05-19,2002,1.465739
2002-05-20,2002,1.255528
2002-05-21,2002,1.043650
2002-05-22,2002,0.907059
2002-05-23,2002,0.908033
2002-05-24,2002,1.313216
2002-05-25,2002,1.326015
2002-05-26,2002,1.058914
2002-05-27,2002,0.842129
2002-05-28,2002,0.682950
2002-05-29,2002,0.555896
2002-05-30,2002,0.439968
2002-05-31,2002,0.312937
2002-06-01,2002,0.210417
2002-06-02,2002,0.136378
2002-06-03,2002,0.092296
2002-06-04,2002,0.089745
2002-06-05,2002,0.201518
2002-06-06,2002,0.102076
2002-06-07,2002,0.042402
2002-06-08,2002,0.017158
2002-06-09,2002,0.007424
2002-06-10,2002,0.002892
2002-06-11,2002,0.001324
2002-06-12,2002,0.000788
2002-06-13,2002,0.000000
2002-06-14,2002,0.000000
2002-06-15,2002,0.000000
2002-06-16,2002,0.000000
2002-06-17,2002,0.000000
2002-06-18,2002,0.000000
2002-06-19,2002,0.000000
2002-06-20,2002,0.000000
2002-06-21,2002,0.000000
2002-06-22,2002,0.000000
2002-06-23,2002,0.000000
2002-06-24,2002,0.000000
2002-06-25,2002,0.000000
2002-06-26,2002,0.000000
2002-06-27,2002,0.000000
2002-06-28,2002,0.000000
2002-06-29,2002,0.000000
2002-06-30,2002,0.000000
2002-07-01,2002,0.000000
2002-07-02,2002,0.000000
2002-07-03,2002,0.000000
2002-07-04,2002,0.000000
2002-07-05,2002,0.000000
2002-07-06,2002,0.000000
2002-07-07,2002,0.000000
2002-07-08,2002,0.000000
2002-07-09,2002,0.000000
2002-07-10,2002,0.000000
2002-07-11,2002,0.000000
2002-07-12,2002,0.000000
2002-07-13,2002,0.000000
2002-07-14,2002,0.000000
2002-07-15,2002,0.000000
2002-07-16,2002,0.000000
2002-07-17,2002,0.000000
2002-07-18,2002,0.000000
2002-07-19,2002,0.000000
2002-07-20,2002,0.000000
2002-07-21,2002,0.000000
2002-07-22,2002,0.000000
2002-07-23,2002,0.000000
2002-07-24,2002,0.000000
2002-07-25,2002,0.000000
2002-07-26,2002,0.000000
2002-07-27,2002,0.000000
2002-07-28,2002,0.000000
2002-07-29,2002,0.000000
2002-07-30,2002,0.000000
2002-07-31,2002,0.000000
2002-08-01,2002,0.000000
2002-08-02,2002,0.000000
2002-08-03,2002,0.000000
2002-08-04,2002,0.000000
2002-08-05,2002,0.000000
2002-08-06,2002,0.000000
2002-08-07,2002,0.000000
2002-08-08,2002,0.000000
2002-08-09,2002,0.000000
2002-08-10,2002,0.000000
2002-08-11,2002,0.000000
2002-08-12,2002,0.000000
2002-08-13,2002,0.000000
2002-08-14,2002,0.000000
2002-08-15,2002,0.000000
2002-08-16,2002,0.000000
2002-08-17,2002,0.000000
2002-08-18,2002,0.000000
2002-08-19,2002,0.000000
2002-08-20,2002,0.000000
2002-08-21,2002,0.000000
2002-08-22,2002,0.000000
2002-08-23,2002,0.000000
2002-08-24,2002,0.000000
2002-08-25,2002,0.000000
2002-08-26,2002,0.000000
2002-08-27,2002,0.000000
2002-08-28,2002,0.000000
2002-08-29,2002,0.000000
2002-08-30,2002,0.000000
2002-08-31,2002,0.000000
2002-09-01,2002,0.000000
2002-09-02,2002,0.000000
2002-09-03,2002,0.000000
2002-09-04,2002,0.000000
2002-09-05,2002,0.000000
2002-09-06,2002,0.000000
2002-09-07,2002,0.000000
2002-09-08,2002,0.000000
2002-09-09,2002,0.000000
2002-09-10,2002,0.003657
2002-09-11,2002,0.003587
2002-09-12,2002,0.002666
2002-09-13,2002,0.002446
2002-09-14,2002,0.003705
2002-09-15,2002,0.001763
2002-09-16,2002,0.000338
2002-09-17,2002,0.011314
2002-09-18,2002,0.104531
2002-09-19,2002,0.640306
2002-09-20,2002,0.432004
2002-09-21,2002,0.200710
2002-09-22,2002,0.083810
2002-09-23,2002,0.033487
2002-09-24,2002,0.011300
2002-09-25,2002,0.005344
2002-09-26,2002,0.065582
2002-09-27,2002,0.064416
2002-09-28,2002,0.055904
2002-09-29,2002,0.047500
2002-09-30,2002,0.084613
2002-10-01,2003,0.058595
2002-10-02,2003,0.572997
2002-10-03,2003,1.204881
2002-10-04,2003,1.801274
2002-10-05,2003,1.574578
2002-10-06,2003,1.201539
2002-10-07,2003,0.837498
2002-10-08,2003,0.517602
2002-10-09,2003,0.339075
2002-10-10,2003,0.231076
2002-10-11,2003,0.158663
2002-10-12,2003,0.112878
2002-10-13,2003,0.097671
2002-10-14,2003,0.086190
2002-10-15,2003,0.071880
2002-10-16,2003,0.062294
2002-10-17,2003,0.055347
2002-10-18,2003,0.047434
2002-10-19,2003,0.042007
2002-10-20,2003,0.035544
2002-10-21,2003,0.032570
2002-10-22,2003,0.032371
2002-10-23,2003,0.565784
2002-10-24,2003,1.083204
2002-10-25,2003,1.240052
2002-10-26,2003,1.161332
2002-10-27,2003,1.955873
2002-10-28,2003,2.081726
2002-10-29,2003,3.110717
2002-10-30,2003,4.141264
2002-10-31,2003,4.600978
2002-11-01,2003,5.111241
2002-11-02,2003,5.133171
2002-11-03,2003,5.704946
2002-11-04,2003,5.642398
2002-11-05,2003,5.647274
2002-11-06,2003,5.493876
2002-11-07,2003,5.146871
2002-11-08,2003,4.738605
2002-11-09,2003,6.734091
2002-11-10,2003,8.209044
2002-11-11,2003,8.689419
2002-11-12,2003,8.743253
2002-11-13,2003,8.555036
2002-11-14,2003,8.527723
2002-11-15,2003,9.035583
2002-11-16,2003,9.217321
2002-11-17,2003,9.000140
2002-11-18,2003,8.825251
2002-11-19,2003,8.631653
2002-11-20,2003,8.419224
2002-11-21,2003,8.052199
2002-11-22,2003,7.592288
2002-11-23,2003,7.122394
2002-11-24,2003,7.116218
2002-11-25,2003,8.136591
2002-11-26,2003,8.126700
2002-11-27,2003,8.034989
2002-11-28,2003,7.933649
2002-11-29,2003,7.750410
2002-11-30,2003,7.527191
2002-12-01,2003,7.470380
2002-12-02,2003,7.520446
2002-12-03,2003,7.399744
2002-12-04,2003,7.949568
2002-12-05,2003,7.953690
2002-12-06,2003,7.884159
2002-12-07,2003,7.779782
2002-12-08,2003,7.683165
2002-12-09,2003,7.602109
2002-12-10,2003,7.495205
2002-12-11,2003,7.389842
2002-12-12,2003,7.601418
2002-12-13,2003,7.861267
2002-12-14,2003,7.714044
2002-12-15,2003,7.556601
2002-12-16,2003,7.450915
2002-12-17,2003,8.265991
2002-12-18,2003,9.776591
2002-12-19,2003,10.292580
2002-12-20,2003,10.223563
2002-12-21,2003,10.564377
2002-12-22,2003,10.629901
2002-12-23,2003,10.708030
2002-12-24,2003,11.032022
2002-12-25,2003,11.234363
2002-12-26,2003,11.272321
2002-12-27,2003,11.198493
2002-12-28,2003,11.015608
2002-12-29,2003,10.741100
2002-12-30,2003,10.936429
2002-12-31,2003,10.774321
2003-01-01,2003,11.952692
2003-01-02,2003,12.014453
2003-01-03,2003,11.796045
2003-01-04,2003,11.448194
2003-01-05,2003,11.106826
2003-01-06,2003,11.860207
2003-01-07,2003,11.556814
2003-01-08,2003,11.240383
2003-01-09,2003,10.921257
2003-01-10,2003,10.853381
2003-01-11,2003,11.202051
2003-01-12,2003,11.713988
2003-01-13,2003,11.543393
2003-01-14,2003,11.260593
2003-01-15,2003,10.956074
2003-01-16,2003,11.277561
2003-01-17,2003,11.327875
2003-01-18,2003,11.182553
2003-01-19,2003,11.012730
2003-01-20,2003,10.765293
2003-01-21,2003,10.522593
2003-01-22,2003,10.323640
2003-01-23,2003,10.228154
2003-01-24,2003,10.117604
2003-01-25,2003,10.031769
2003-01-26,2003,9.900081
2003-01-27,2003,9.703067
2003-01-28,2003,9.394980
2003-01-29,2003,9.547513
2003-01-30,2003,9.400231
2003-01-31,2003,9.400435
2003-02-01,2003,9.026393
2003-02-02,2003,8.615312
2003-02-03,2003,10.733768
2003-02-04,2003,10.819407
2003-02-05,2003,11.154279
2003-02-06,2003,12.152654
2003-02-07,2003,12.542206
2003-02-08,2003,12.274784
2003-02-09,2003,12.254409
2003-02-10,2003,12.249928
2003-02-11,2003,12.140776
2003-02-12,2003,11.944825
2003-02-13,2003,11.746106
2003-02-14,2003,12.295567
2003-02-15,2003,12.505696
2003-02-16,2003,12.522266
2003-02-17,2003,13.002113
2003-02-18,2003,13.216110
2003-02-19,2003,14.231867
2003-02-20,2003,14.034359
2003-02-21,2003,13.906212
2003-02-22,2003,14.322069
2003-02-23,2003,15.271863
2003-02-24,2003,15.707675
2003-02-25,2003,16.771465
2003-02-26,2003,18.323509
2003-02-27,2003,19.057274
2003-02-28,2003,19.943002
2003-03-01,2003,20.294080
2003-03-02,2003,20.687005
2003-03-03,2003,20.234888
2003-03-04,2003,19.852639
2003-03-05,2003,22.158812
2003-03-06,2003,21.824346
2003-03-07,2003,21.375324
2003-03-08,2003,20.638781
2003-03-09,2003,19.744710
2003-03-10,2003,18.844383
2003-03-11,2003,17.941670
2003-03-12,2003,17.022399
2003-03-13,2003,16.013733
2003-03-14,2003,14.872991
2003-03-15,2003,13.886072
2003-03-16,2003,13.211261
2003-03-17,2003,13.889110
2003-03-18,2003,17.658000
2003-03-19,2003,21.315385
2003-03-20,2003,21.916122
2003-03-21,2003,22.117113
2003-03-22,2003,21.673113
2003-03-23,2003,20.707700
2003-03-24,2003,19.717618
2003-03-25,2003,19.783504
2003-03-26,2003,19.045518
2003-03-27,2003,19.465090
2003-03-28,2003,20.139690
2003-03-29,2003,20.205424
2003-03-30,2003,20.017554
2003-03-31,2003,19.425347
2003-04-01,2003,18.426610
2003-04-02,2003,17.232980
2003-04-03,2003,16.469969
2003-04-04,2003,16.897944
2003-04-05,2003,16.816500
2003-04-06,2003,17.656227
2003-04-07,2003,17.963520
2003-04-08,2003,18.260289
2003-04-09,2003,17.784900
2003-04-10,2003,16.990144
2003-04-11,2003,16.072106
2003-04-12,2003,15.146848
2003-04-13,2003,14.247690
2003-04-14,2003,13.313058
2003-04-15,2003,12.496863
2003-04-16,2003,12.929489
2003-04-17,2003,12.564530
2003-04-18,2003,12.434641
2003-04-19,2003,12.651806
2003-04-20,2003,13.389459
2003-04-21,2003,12.946983
2003-04-22,2003,12.753107
2003-04-23,2003,13.297253
2003-04-24,2003,15.522126
2003-04-25,2003,15.137888
2003-04-26,2003,14.184982
2003-04-27,2003,13.414108
2003-04-28,2003,12.764312
2003-04-29,2003,12.143662
2003-04-30,2003,11.717556
2003-05-01,2003,11.585831
2003-05-02,2003,11.422938
2003-05-03,2003,11.178494
2003-05-04,2003,11.129335
2003-05-05,2003,11.684841
2003-05-06,2003,11.536703
2003-05-07,2003,11.366911
2003-05-08,2003,11.190900
2003-05-09,2003,11.483248
2003-05-10,2003,12.556565
2003-05-11,2003,12.605610
2003-05-12,2003,12.198160
2003-05-13,2003,11.487043
2003-05-14,2003,10.887569
2003-05-15,2003,10.191345
2003-05-16,2003,9.780793
2003-05-17,2003,9.013459
2003-05-18,2003,8.257000
2003-05-19,2003,7.587139
2003-05-20,2003,7.154969
2003-05-21,2003,6.805718
2003-05-22,2003,6.278710
2003-05-23,2003,5.709800
2003-05-24,2003,5.236293
2003-05-25,2003,4.708311
2003-05-26,2003,4.179430
2003-05-27,2003,3.591806
2003-05-28,2003,2.959192
2003-05-29,2003,2.354800
2003-05-30,2003,1.861847
2003-05-31,2003,1.391072
2003-06-01,2003,1.041776
2003-06-02,2003,0.809846
2003-06-03,2003,0.637394
2003-06-04,2003,0.559344
2003-06-05,2003,0.517459
2003-06-06,2003,0.483215
2003-06-07,2003,0.460582
2003-06-08,2003,0.408969
2003-06-09,2003,0.332535
2003-06-10,2003,0.267807
2003-06-11,2003,0.221456
2003-06-12,2003,0.182074
2003-06-13,2003,0.159550
2003-06-14,2003,0.129157
2003-06-15,2003,0.100883
2003-06-16,2003,0.067158
2003-06-17,2003,0.041397
2003-06-18,2003,0.028537
2003-06-19,2003,0.017230
2003-06-20,2003,0.030702
2003-06-21,2003,0.016224
2003-06-22,2003,0.008290
2003-06-23,2003,0.003843
2003-06-24,2003,0.001405
2003-06-25,2003,0.013945
2003-06-26,2003,0.005522
2003-06-27,2003,0.001178
2003-06-28,2003,0.000000
2003-06-29,2003,0.000000
2003-06-30,2003,0.000000
2003-07-01,2003,0.000000
2003-07-02,2003,0.000000
2003-07-03,2003,0.000000
2003-07-04,2003,0.000000
2003-07-05,2003,0.000000
2003-07-06,2003,0.000000
2003-07-07,2003,0.000000
2003-07-08,2003,0.000000
2003-07-09,2003,0.000000
2003-07-10,2003,0.000000
2003-07-11,2003,0.000000
2003-07-12,2003,0.000000
2003-07-13,2003,0.000000
2003-07-14,2003,0.000000
2003-07-15,2003,0.000000
2003-07-16,2003,0.000000
2003-07-17,2003,0.000000
2003-07-18,2003,0.000000
2003-07-19,2003,0.000000
2003-07-20,2003,0.000000
2003-07-21,2003,0.000000
2003-07-22,2003,0.000000
2003-07-23,2003,0.000000
2003-07-24,2003,0.000000
2003-07-25,2003,0.000000
2003-07-26,2003,0.000000
2003-07-27,2003,0.000000
2003-07-28,2003,0.000000
2003-07-29,2003,0.000000
2003-07-30,2003,0.000000
2003-07-31,2003,0.000000
2003-08-01,2003,0.000000
2003-08-02,2003,0.000000
2003-08-03,2003,0.000000
2003-08-04,2003,0.000000
2003-08-05,2003,0.000000
2003-08-06,2003,0.000000
2003-08-07,2003,0.000000
2003-08-08,2003,0.000000
2003-08-09,2003,0.000000
2003-08-10,2003,0.000000
2003-08-11,2003,0.000000
2003-08-12,2003,0.000000
2003-08-13,2003,0.000000
2003-08-14,2003,0.000000
2003-08-15,2003,0.000000
2003-08-16,2003,0.000000
2003-08-17,2003,0.008345
2003-08-18,2003,0.002620
2003-08-19,2003,0.000948
2003-08-20,2003,0.000000
2003-08-21,2003,0.000000
2003-08-22,2003,0.000000
2003-08-23,2003,0.000000
2003-08-24,2003,0.000000
2003-08-25,2003,0.000000
2003-08-26,2003,0.000000
2003-08-27,2003,0.000000
2003-08-28,2003,0.000000
2003-08-29,2003,0.000000
2003-08-30,2003,0.000000
2003-08-31,2003,0.000000
2003-09-01,2003,0.000000
2003-09-02,2003,0.000000
2003-09-03,2003,0.000000
2003-09-04,2003,0.000000
2003-09-05,2003,0.000000
2003-09-06,2003,0.000000
2003-09-07,2003,0.000000
2003-09-08,2003,0.001737
2003-09-09,2003,0.000988
2003-09-10,2003,0.071507
2003-09-11,2003,0.181070
2003-09-12,2003,0.138229
2003-09-13,2003,0.098317
2003-09-14,2003,0.305554
2003-09-15,2003,0.188755
2003-09-16,2003,0.084237
2003-09-17,2003,0.029491
2003-09-18,2003,0.070325
2003-09-19,2003,0.053224
2003-09-20,2003,0.026152
2003-09-21,2003,0.010227
2003-09-22,2003,0.004067
2003-09-23,2003,0.000351
2003-09-24,2003,0.000000
2003-09-25,2003,0.000000
2003-09-26,2003,0.000000
2003-09-27,2003,0.000000
2003-09-28,2003,0.000000
2003-09-29,2003,0.000000
2003-09-30,2003,0.000000
2003-10-01,2004,0.000000
2003-10-02,2004,0.001521
2003-10-03,2004,0.025930
2003-10-04,2004,0.084373
2003-10-05,2004,0.063872
2003-10-06,2004,0.041602
2003-10-07,2004,0.024396
2003-10-08,2004,0.012620
2003-10-09,2004,0.005903
2003-10-10,2004,0.002460
2003-10-11,2004,0.021512
2003-10-12,2004,0.022025
2003-10-13,2004,0.025225
2003-10-14,2004,0.083707
2003-10-15,2004,0.074086
2003-10-16,2004,0.058839
2003-10-17,2004,0.039778
2003-10-18,2004,0.019211
2003-10-19,2004,0.008956
2003-10-20,2004,0.003934
2003-10-21,2004,0.002009
2003-10-22,2004,0.000000
2003-10-23,2004,0.000000
2003-10-24,2004,0.000000
2003-10-25,2004,0.095307
2003-10-26,2004,0.211018
2003-10-27,2004,0.174264
2003-10-28,2004,0.108663
2003-10-29,2004,0.065803
2003-10-30,2004,0.040702
2003-10-31,2004,0.405024
2003-11-01,2004,0.564789
2003-11-02,2004,1.665497
2003-11-03,2004,3.041481
2003-11-04,2004,4.197910
2003-11-05,2004,4.204519
2003-11-06,2004,4.373480
2003-11-07,2004,4.384966
2003-11-08,2004,4.437117
2003-11-09,2004,4.326154
2003-11-10,2004,4.472172
2003-11-11,2004,5.362753
2003-11-12,2004,5.353122
2003-11-13,2004,6.381778
2003-11-14,2004,6.874236
2003-11-15,2004,6.888215
2003-11-16,2004,6.738923
2003-11-17,2004,6.899398
2003-11-18,2004,8.030802
2003-11-19,2004,7.855346
2003-11-20,2004,7.497822
2003-11-21,2004,7.111274
2003-11-22,2004,7.773456
2003-11-23,2004,9.770170
2003-11-24,2004,9.534596
2003-11-25,2004,9.300643
2003-11-26,2004,9.621517
2003-11-27,2004,10.287931
2003-11-28,2004,10.155902
2003-11-29,2004,9.956757
2003-11-30,2004,9.594305
2003-12-01,2004,9.013381
2003-12-02,2004,8.550802
2003-12-03,2004,8.336611
2003-12-04,2004,8.173778
2003-12-05,2004,8.038028
2003-12-06,2004,7.873114
2003-12-07,2004,7.590128
2003-12-08,2004,8.343320
2003-12-09,2004,10.933831
2003-12-10,2004,10.708699
2003-12-11,2004,10.594763
2003-12-12,2004,10.557872
2003-12-13,2004,10.516516
2003-12-14,2004,10.536250
2003-12-15,2004,11.785305
2003-12-16,2004,12.469681
2003-12-17,2004,12.292851
2003-12-18,2004,12.050678
2003-12-19,2004,11.790794
2003-12-20,2004,11.467721
2003-12-21,2004,11.127577
2003-12-22,2004,11.996020
2003-12-23,2004,11.981404
2003-12-24,2004,11.801449
2003-12-25,2004,11.595574
2003-12-26,2004,11.912408
2003-12-27,2004,13.177285
2003-12-28,2004,13.867865
2003-12-29,2004,13.894148
2003-12-30,2004,14.191266
2003-12-31,2004,14.730895
2004-01-01,2004,14.392975
2004-01-02,2004,15.357688
2004-01-03,2004,18.169312
2004-01-04,2004,20.184507
2004-01-05,2004,19.865883
2004-01-06,2004,19.683953
2004-01-07,2004,19.387624
2004-01-08,2004,19.165577
2004-01-09,2004,18.658958
2004-01-10,2004,18.193782
2004-01-11,2004,17.726386
2004-01-12,2004,17.340610
2004-01-13,2004,17.020622
2004-01-14,2004,16.737525
2004-01-15,2004,16.431970
2004-01-16,2004,16.299499
2004-01-17,2004,16.158103
2004-01-18,2004,15.939262
2004-01-19,2004,15.742459
2004-01-20,2004,15.900691
2004-01-21,2004,17.021018
2004-01-22,2004,16.788729
2004-01-23,2004,16.599267
2004-01-24,2004,16.360090
2004-01-25,2004,16.217741
2004-01-26,2004,17.740658
2004-01-27,2004,17.630596
2004-01-28,2004,17.485996
2004-01-29,2004,17.367614
2004-01-30,2004,17.220107
2004-01-31,2004,17.186885
2004-02-01,2004,19.253860
2004-02-02,2004,19.569664
2004-02-03,2004,19.390511
2004-02-04,2004,21.236019
2004-02-05,2004,22.811355
2004-02-06,2004,22.755148
2004-02-07,2004,22.444829
2004-02-08,2004,22.565180
2004-02-09,2004,22.775722
2004-02-10,2004,22.478898
2004-02-11,2004,22.446200
2004-02-12,2004,23.955553
2004-02-13,2004,23.635195
2004-02-14,2004,23.308540
2004-02-15,2004,22.920811
2004-02-16,2004,22.584648
2004-02-17,2004,22.189981
2004-02-18,2004,21.475063
2004-02-19,2004,20.459767
2004-02-20,2004,21.601063
2004-02-21,2004,21.248207
2004-02-22,2004,21.637337
2004-02-23,2004,21.420062
2004-02-24,2004,21.436306
2004-02-25,2004,21.497841
2004-02-26,2004,20.977350
2004-02-27,2004,20.626898
2004-02-28,2004,21.267456
2004-02-29,2004,22.285130
2004-03-01,2004,22.925631
2004-03-02,2004,22.746431
2004-03-03,2004,23.254896
2004-03-04,2004,22.771243
2004-03-05,2004,23.242311
2004-03-06,2004,23.267980
2004-03-07,2004,22.969485
2004-03-08,2004,22.201521
2004-03-09,2004,21.197936
2004-03-10,2004,20.075106
2004-03-11,2004,19.222032
2004-03-12,2004,18.461233
2004-03-13,2004,17.660842
2004-03-14,2004,16.949185
2004-03-15,2004,16.830789
2004-03-16,2004,16.431782
2004-03-17,2004,15.900056
2004-03-18,2004,15.207194
2004-03-19,2004,14.424847
2004-03-20,2004,13.366493
2004-03-21,2004,12.292247
2004-03-22,2004,11.313615
2004-03-23,2004,10.447163
2004-03-24,2004,9.726007
2004-03-25,2004,9.152570
2004-03-26,2004,8.616365
2004-03-27,2004,8.645709
2004-03-28,2004,9.353868
2004-03-29,2004,9.612755
2004-03-30,2004,9.384585
2004-03-31,2004,9.027716
2004-04-01,2004,8.572483
2004-04-02,2004,8.110282
2004-04-03,2004,8.960304
2004-04-04,2004,9.191012
2004-04-05,2004,9.660941
2004-04-06,2004,9.615313
2004-04-07,2004,9.110180
2004-04-08,2004,8.893361
2004-04-09,2004,9.440203
2004-04-10,2004,11.369430
2004-04-11,2004,12.785481
2004-04-12,2004,13.085685
2004-04-13,2004,12.629198
2004-04-14,2004,11.644724
2004-04-15,2004,10.749755
2004-04-16,2004,10.068531
2004-04-17,2004,9.479242
2004-04-18,2004,9.057495
2004-04-19,2004,9.377471
2004-04-20,2004,9.069833
2004-04-21,2004,9.264418
2004-04-22,2004,10.076391
2004-04-23,2004,13.358009
2004-04-24,2004,13.924323
2004-04-25,2004,13.835719
2004-04-26,2004,13.285798
2004-04-27,2004,12.134100
2004-04-28,2004,10.950254
2004-04-29,2004,10.258413
2004-04-30,2004,11.205878
2004-05-01,2004,11.698852
2004-05-02,2004,11.032331
2004-05-03,2004,10.215202
2004-05-04,2004,9.407805
2004-05-05,2004,8.673498
2004-05-06,2004,8.017499
2004-05-07,2004,7.426123
2004-05-08,2004,6.918389
2004-05-09,2004,6.399353
2004-05-10,2004,5.920372
2004-05-11,2004,5.446215
2004-05-12,2004,5.303329
2004-05-13,2004,5.772346
2004-05-14,2004,5.938281
2004-05-15,2004,5.673307
2004-05-16,2004,5.288098
2004-05-17,2004,4.890298
2004-05-18,2004,4.611707
2004-05-19,2004,4.245839
2004-05-20,2004,3.924687
2004-05-21,2004,3.548624
2004-05-22,2004,3.283823
2004-05-23,2004,3.157613
2004-05-24,2004,3.008707
2004-05-25,2004,2.956149
2004-05-26,2004,2.821522
2004-05-27,2004,2.677924
2004-05-28,2004,2.510373
2004-05-29,2004,2.299575
2004-05-30,2004,2.602948
2004-05-31,2004,2.643997
2004-06-01,2004,2.506723
2004-06-02,2004,2.278242
2004-06-03,2004,2.070001
2004-06-04,2004,1.829936
2004-06-05,2004,1.571283
2004-06-06,2004,1.368096
2004-06-07,2004,1.120120
2004-06-08,2004,0.922748
2004-06-09,2004,0.756974
2004-06-10,2004,0.617806
2004-06-11,2004,0.571237
2004-06-12,2004,0.546061
2004-06-13,2004,0.488420
2004-06-14,2004,0.391955
2004-06-15,2004,0.296841
2004-06-16,2004,0.229366
2004-06-17,2004,0.164830
2004-06-18,2004,0.127563
2004-06-19,2004,0.098447
2004-06-20,2004,0.063641
2004-06-21,2004,0.037959
2004-06-22,2004,0.073757
2004-06-23,2004,0.038729
2004-06-24,2004,0.017454
2004-06-25,2004,0.008102
2004-06-26,2004,0.003823
2004-06-27,2004,0.002252
2004-06-28,2004,0.001311
2004-06-29,2004,0.001186
2004-06-30,2004,0.000184
2004-07-01,2004,0.000000
2004-07-02,2004,0.000000
2004-07-03,2004,0.000000
2004-07-04,2004,0.000000
2004-07-05,2004,0.000000
2004-07-06,2004,0.000000
2004-07-07,2004,0.000000
2004-07-08,2004,0.000000
2004-07-09,2004,0.000000
2004-07-10,2004,0.000000
2004-07-11,2004,0.000000
2004-07-12,2004,0.000000
2004-07-13,2004,0.000000
2004-07-14,2004,0.000000
2004-07-15,2004,0.000000
2004-07-16,2004,0.000000
2004-07-17,2004,0.000000
2004-07-18,2004,0.000000
2004-07-19,2004,0.000000
2004-07-20,2004,0.000000
2004-07-21,2004,0.000000
2004-07-22,2004,0.000000
2004-07-23,2004,0.000000
2004-07-24,2004,0.000000
2004-07-25,2004,0.000000
2004-07-26,2004,0.000000
2004-07-27,2004,0.000000
2004-07-28,2004,0.000000
2004-07-29,2004,0.000000
2004-07-30,2004,0.000000
2004-07-31,2004,0.000000
2004-08-01,2004,0.000000
2004-08-02,2004,0.000000
2004-08-03,2004,0.000000
2004-08-04,2004,0.000000
2004-08-05,2004,0.000000
2004-08-06,2004,0.000000
2004-08-07,2004,0.000000
2004-08-08,2004,0.000000
2004-08-09,2004,0.000000
2004-08-10,2004,0.000000
2004-08-11,2004,0.000000
2004-08-12,2004,0.000000
2004-08-13,2004,0.000000
2004-08-14,2004,0.000000
2004-08-15,2004,0.000000
2004-08-16,2004,0.000000
2004-08-17,2004,0.000000
2004-08-18,2004,0.000000
2004-08-19,2004,0.000000
2004-08-20,2004,0.000000
2004-08-21,2004,0.000000
2004-08-22,2004,0.000000
2004-08-23,2004,0.000000
2004-08-24,2004,0.000000
2004-08-25,2004,0.000000
2004-08-26,2004,0.000000
2004-08-27,2004,0.014643
2004-08-28,2004,0.016446
2004-08-29,2004,0.008647
2004-08-30,2004,0.002678
2004-08-31,2004,0.000349
2004-09-01,2004,0.000000
2004-09-02,2004,0.000000
2004-09-03,2004,0.000000
2004-09-04,2004,0.000000
2004-09-05,2004,0.107629
2004-09-06,2004,0.080691
2004-09-07,2004,0.032328
2004-09-08,2004,0.009335
2004-09-09,2004,0.002825
2004-09-10,2004,0.000508
2004-09-11,2004,0.000000
2004-09-12,2004,0.000000
2004-09-13,2004,0.000000
2004-09-14,2004,0.000000
2004-09-15,2004,0.000000
2004-09-16,2004,0.000000
2004-09-17,2004,0.000000
2004-09-18,2004,0.000000
2004-09-19,2004,0.000930
2004-09-20,2004,0.003017
2004-09-21,2004,0.432291
2004-09-22,2004,1.545518
2004-09-23,2004,1.551936
2004-09-24,2004,1.049199
2004-09-25,2004,0.651179
2004-09-26,2004,0.363524
2004-09-27,2004,0.186794
2004-09-28,2004,0.094586
2004-09-29,2004,0.074403
2004-09-30,2004,0.245273
2004-10-01,2005,0.415235
2004-10-02,2005,0.400774
2004-10-03,2005,0.273805
2004-10-04,2005,0.193531
2004-10-05,2005,0.184015
2004-10-06,2005,0.305326
2004-10-07,2005,0.276098
2004-10-08,2005,0.193994
2004-10-09,2005,0.123941
2004-10-10,2005,0.077459
2004-10-11,2005,0.053748
2004-10-12,2005,0.079953
2004-10-13,2005,0.530365
2004-10-14,2005,1.108602
2004-10-15,2005,0.790078
2004-10-16,2005,0.530083
2004-10-17,2005,0.319486
2004-10-18,2005,0.366127
2004-10-19,2005,0.590702
2004-10-20,2005,0.530824
2004-10-21,2005,0.380551
2004-10-22,2005,0.921996
2004-10-23,2005,1.771091
2004-10-24,2005,1.601105
2004-10-25,2005,1.788377
2004-10-26,2005,1.782958
2004-10-27,2005,1.534736
2004-10-28,2005,1.290533
2004-10-29,2005,2.834905
2004-10-30,2005,3.142608
2004-10-31,2005,3.100416
2004-11-01,2005,4.463718
2004-11-02,2005,4.562831
2004-11-03,2005,4.435590
2004-11-04,2005,4.117761
2004-11-05,2005,3.738498
2004-11-06,2005,3.291869
2004-11-07,2005,2.840867
2004-11-08,2005,2.383372
2004-11-09,2005,2.004039
2004-11-10,2005,2.961505
2004-11-11,2005,3.044661
2004-11-12,2005,3.047548
2004-11-13,2005,3.111223
2004-11-14,2005,3.811769
2004-11-15,2005,3.682686
2004-11-16,2005,3.339576
2004-11-17,2005,2.958714
2004-11-18,2005,2.735185
2004-11-19,2005,2.583363
2004-11-20,2005,2.876005
2004-11-21,2005,5.374000
2004-11-22,2005,5.684569
2004-11-23,2005,5.471324
2004-11-24,2005,5.528675
2004-11-25,2005,5.600126
2004-11-26,2005,5.886578
2004-11-27,2005,6.619018
2004-11-28,2005,9.545857
2004-11-29,2005,11.608702
2004-11-30,2005,11.332355
2004-12-01,2005,10.961378
2004-12-02,2005,10.797435
2004-12-03,2005,10.672453
2004-12-04,2005,10.510286
2004-12-05,2005,10.873397
2004-12-06,2005,10.909970
2004-12-07,2005,10.918387
2004-12-08,2005,11.034188
2004-12-09,2005,11.902060
2004-12-10,2005,11.937072
2004-12-11,2005,11.398785
2004-12-12,2005,10.754531
2004-12-13,2005,10.303591
2004-12-14,2005,10.016345
2004-12-15,2005,9.784614
2004-12-16,2005,10.385706
2004-12-17,2005,10.287127
2004-12-18,2005,10.140594
2004-12-19,2005,9.981741
2004-12-20,2005,9.774411
2004-12-21,2005,9.614399
2004-12-22,2005,10.463022
2004-12-23,2005,11.040883
2004-12-24,2005,11.169749
2004-12-25,2005,10.990213
2004-12-26,2005,10.795646
2004-12-27,2005,10.566311
2004-12-28,2005,10.259676
2004-12-29,2005,10.222362
2004-12-30,2005,12.814267
2004-12-31,2005,12.679544
2005-01-01,2005,12.773693
2005-01-02,2005,12.700523
2005-01-03,2005,12.590826
2005-01-04,2005,14.116257
2005-01-05,2005,17.089352
2005-01-06,2005,17.992223
2005-01-07,2005,18.260843
2005-01-08,2005,18.664715
2005-01-09,2005,19.758533
2005-01-10,2005,19.908828
2005-01-11,2005,20.373435
2005-01-12,2005,22.594973
2005-01-13,2005,22.910794
2005-01-14,2005,22.464434
2005-01-15,2005,22.059698
2005-01-16,2005,21.659519
2005-01-17,2005,21.262496
2005-01-18,2005,20.732571
2005-01-19,2005,20.160276
2005-01-20,2005,19.407491
2005-01-21,2005,18.629930
2005-01-22,2005,18.059403
2005-01-23,2005,17.646207
2005-01-24,2005,17.207581
2005-01-25,2005,16.802161
2005-01-26,2005,16.485936
2005-01-27,2005,16.965868
2005-01-28,2005,17.714772
2005-01-29,2005,17.570560
2005-01-30,2005,18.648739
2005-01-31,2005,19.784249
2005-02-01,2005,20.330213
2005-02-02,2005,20.334222
2005-02-03,2005,20.108104
2005-02-04,2005,19.838954
2005-02-05,2005,19.534455
2005-02-06,2005,19.204762
2005-02-07,2005,19.193580
2005-02-08,2005,21.290520
2005-02-09,2005,21.292501
2005-02-10,2005,21.075118
2005-02-11,2005,20.724711
2005-02-12,2005,20.901776
2005-02-13,2005,20.969393
2005-02-14,2005,20.360723
2005-02-15,2005,20.345614
2005-02-16,2005,21.000598
2005-02-17,2005,21.746668
2005-02-18,2005,21.299216
2005-02-19,2005,21.628430
2005-02-20,2005,22.298831
2005-02-21,2005,22.580135
2005-02-22,2005,22.326518
2005-02-23,2005,22.586137
2005-02-24,2005,22.974527
2005-02-25,2005,22.626289
2005-02-26,2005,22.525065
2005-02-27,2005,22.461296
2005-02-28,2005,22.218022
2005-03-01,2005,21.913673
2005-03-02,2005,22.062509
2005-03-03,2005,21.713163
2005-03-04,2005,21.513306
2005-03-05,2005,21.086285
2005-03-06,2005,20.715704
2005-03-07,2005,20.194769
2005-03-08,2005,19.820969
2005-03-09,2005,19.589821
2005-03-10,2005,18.960462
2005-03-11,2005,18.442537
2005-03-12,2005,17.880074
2005-03-13,2005,17.682691
2005-03-14,2005,18.414742
2005-03-15,2005,20.086565
2005-03-16,2005,19.877021
2005-03-17,2005,19.745617
2005-03-18,2005,20.023991
2005-03-19,2005,19.982716
2005-03-20,2005,19.982087
2005-03-21,2005,21.247661
2005-03-22,2005,21.111784
2005-03-23,2005,20.797322
2005-03-24,2005,21.181645
2005-03-25,2005,22.013551
2005-03-26,2005,23.460015
2005-03-27,2005,23.401845
2005-03-28,2005,22.749939
2005-03-29,2005,22.461507
2005-03-30,2005,23.203508
2005-03-31,2005,24.591270
2005-04-01,2005,24.633442
2005-04-02,2005,24.091143
2005-04-03,2005,23.250029
2005-04-04,2005,22.140341
2005-04-05,2005,22.157232
2005-04-06,2005,21.906054
2005-04-07,2005,21.168475
2005-04-08,2005,20.083002
2005-04-09,2005,19.499891
2005-04-10,2005,19.875672
2005-04-11,2005,21.745742
2005-04-12,2005,21.175431
2005-04-13,2005,20.511037
2005-04-14,2005,19.562463
2005-04-15,2005,18.500438
2005-04-16,2005,17.573695
2005-04-17,2005,16.431765
2005-04-18,2005,15.282710
2005-04-19,2005,14.344548
2005-04-20,2005,13.575010
2005-04-21,2005,13.635607
2005-04-22,2005,13.402034
2005-04-23,2005,12.943207
2005-04-24,2005,12.336898
2005-04-25,2005,14.687107
2005-04-26,2005,15.056591
2005-04-27,2005,14.474076
2005-04-28,2005,14.744151
2005-04-29,2005,15.958811
2005-04-30,2005,16.229936
2005-05-01,2005,16.662364
2005-05-02,2005,17.096934
2005-05-03,2005,17.016722
2005-05-04,2005,16.518479
2005-05-05,2005,15.675848
2005-05-06,2005,14.730876
2005-05-07,2005,13.880146
2005-05-08,2005,14.082326
2005-05-09,2005,13.577604
2005-05-10,2005,12.787134
2005-05-11,2005,12.391111
2005-05-12,2005,12.463574
2005-05-13,2005,12.299515
2005-05-14,2005,11.885167
2005-05-15,2005,11.341747
2005-05-16,2005,10.672166
2005-05-17,2005,9.869903
2005-05-18,2005,9.506009
2005-05-19,2005,8.873733
2005-05-20,2005,8.077677
2005-05-21,2005,7.145707
2005-05-22,2005,6.464420
2005-05-23,2005,5.723016
2005-05-24,2005,5.057077
2005-05-25,2005,4.579282
2005-05-26,2005,4.223731
2005-05-27,2005,3.913202
2005-05-28,2005,3.656360
2005-05-29,2005,3.376722
2005-05-30,2005,3.098869
2005-05-31,2005,2.891294
2005-06-01,2005,2.715636
2005-06-02,2005,2.474350
2005-06-03,2005,2.317971
2005-06-04,2005,2.668664
2005-06-05,2005,2.764155
2005-06-06,2005,2.240824
2005-06-07,2005,1.875159
2005-06-08,2005,1.699295
2005-06-09,2005,1.553724
2005-06-10,2005,1.515330
2005-06-11,2005,1.491439
2005-06-12,2005,1.464870
2005-06-13,2005,1.425602
2005-06-14,2005,1.254107
2005-06-15,2005,1.020741
2005-06-16,2005,0.803230
2005-06-17,2005,0.646672
2005-06-18,2005,0.537489
2005-06-19,2005,0.425276
2005-06-20,2005,0.342187
2005-06-21,2005,0.261273
2005-06-22,2005,0.195705
2005-06-23,2005,0.125906
2005-06-24,2005,0.074874
2005-06-25,2005,0.042267
2005-06-26,2005,0.023542
2005-06-27,2005,0.013389
2005-06-28,2005,0.007717
2005-06-29,2005,0.004018
2005-06-30,2005,0.002235
2005-07-01,2005,0.000000
2005-07-02,2005,0.000000
2005-07-03,2005,0.000000
2005-07-04,2005,0.000000
2005-07-05,2005,0.000000
2005-07-06,2005,0.000000
2005-07-07,2005,0.000000
2005-07-08,2005,0.000000
2005-07-09,2005,0.000000
2005-07-10,2005,0.000000
2005-07-11,2005,0.000000
2005-07-12,2005,0.000000
2005-07-13,2005,0.000000
2005-07-14,2005,0.000000
2005-07-15,2005,0.000000
2005-07-16,2005,0.000000
2005-07-17,2005,0.000000
2005-07-18,2005,0.000000
2005-07-19,2005,0.000000
2005-07-20,2005,0.000000
2005-07-21,2005,0.000000
2005-07-22,2005,0.000000
2005-07-23,2005,0.000000
2005-07-24,2005,0.000000
2005-07-25,2005,0.000000
2005-07-26,2005,0.000000
2005-07-27,2005,0.000000
2005-07-28,2005,0.000000
2005-07-29,2005,0.000000
2005-07-30,2005,0.000000
2005-07-31,2005,0.000000
2005-08-01,2005,0.000000
2005-08-02,2005,0.000000
2005-08-03,2005,0.000000
2005-08-04,2005,0.000000
2005-08-05,2005,0.000000
2005-08-06,2005,0.000000
2005-08-07,2005,0.000000
2005-08-08,2005,0.000000
2005-08-09,2005,0.000000
2005-08-10,2005,0.000000
2005-08-11,2005,0.000000
2005-08-12,2005,0.000000
2005-08-13,2005,0.000000
2005-08-14,2005,0.000000
2005-08-15,2005,0.000000
2005-08-16,2005,0.000000
2005-08-17,2005,0.000000
2005-08-18,2005,0.000000
2005-08-19,2005,0.000000
2005-08-20,2005,0.000000
2005-08-21,2005,0.000000
2005-08-22,2005,0.000000
2005-08-23,2005,0.000000
2005-08-24,2005,0.000000
2005-08-25,2005,0.000000
2005-08-26,2005,0.000000
2005-08-27,2005,0.000000
2005-08-28,2005,0.000000
2005-08-29,2005,0.000000
2005-08-30,2005,0.000000
2005-08-31,2005,0.000000
2005-09-01,2005,0.000000
2005-09-02,2005,0.000000
2005-09-03,2005,0.000000
2005-09-04,2005,0.000000
2005-09-05,2005,0.000000
2005-09-06,2005,0.000000
2005-09-07,2005,0.000000
2005-09-08,2005,0.000000
2005-09-09,2005,0.000000
2005-09-10,2005,0.000000
2005-09-11,2005,0.000000
2005-09-12,2005,0.000000
2005-09-13,2005,0.000000
2005-09-14,2005,0.001276
2005-09-15,2005,0.018663
2005-09-16,2005,0.012082
2005-09-17,2005,0.005696
2005-09-18,2005,0.003174
2005-09-19,2005,0.001438
2005-09-20,2005,0.000334
2005-09-21,2005,0.000000
2005-09-22,2005,0.000000
2005-09-23,2005,0.000000
2005-09-24,2005,0.000000
2005-09-25,2005,0.000000
2005-09-26,2005,0.000000
2005-09-27,2005,0.000000
2005-09-28,2005,0.013694
2005-09-29,2005,0.053719
2005-09-30,2005,0.097852
2005-10-01,2006,0.030655
2005-10-02,2006,0.012076
2005-10-03,2006,0.005167
2005-10-04,2006,0.003140
2005-10-05,2006,0.152930
2005-10-06,2006,0.212365
2005-10-07,2006,0.185573
2005-10-08,2006,0.101149
2005-10-09,2006,0.223684
2005-10-10,2006,2.718854
2005-10-11,2006,3.876394
2005-10-12,2006,3.490969
2005-10-13,2006,2.898009
2005-10-14,2006,2.199952
2005-10-15,2006,1.453846
2005-10-16,2006,0.956009
2005-10-17,2006,0.593561
2005-10-18,2006,0.364613
2005-10-19,2006,0.648715
2005-10-20,2006,0.934929
2005-10-21,2006,0.654888
2005-10-22,2006,0.462907
2005-10-23,2006,0.320740
2005-10-24,2006,0.259133
2005-10-25,2006,0.185365
2005-10-26,2006,0.144094
2005-10-27,2006,0.138689
2005-10-28,2006,0.118838
2005-10-29,2006,0.231852
2005-10-30,2006,0.464767
2005-10-31,2006,1.089091
2005-11-01,2006,1.044384
2005-11-02,2006,0.867366
2005-11-03,2006,0.653517
2005-11-04,2006,0.623203
2005-11-05,2006,1.074276
2005-11-06,2006,1.310453
2005-11-07,2006,1.124822
2005-11-08,2006,0.896680
2005-11-09,2006,0.785514
2005-11-10,2006,0.630247
2005-11-11,2006,0.460560
2005-11-12,2006,1.456345
2005-11-13,2006,1.687655
2005-11-14,2006,2.405628
2005-11-15,2006,4.200195
2005-11-16,2006,4.111566
2005-11-17,2006,4.058636
2005-11-18,2006,4.328129
2005-11-19,2006,4.363950
2005-11-20,2006,4.296114
2005-11-21,2006,4.154640
2005-11-22,2006,3.955317
2005-11-23,2006,3.763573
2005-11-24,2006,3.600972
2005-11-25,2006,3.504306
2005-11-26,2006,3.432526
2005-11-27,2006,4.519718
2005-11-28,2006,5.041074
2005-11-29,2006,5.051147
2005-11-30,2006,5.556688
2005-12-01,2006,5.730965
2005-12-02,2006,6.032552
2005-12-03,2006,8.124667
2005-12-04,2006,8.713118
2005-12-05,2006,8.903870
2005-12-06,2006,8.990685
2005-12-07,2006,10.131767
2005-12-08,2006,9.957598
2005-12-09,2006,9.718728
2005-12-10,2006,9.504243
2005-12-11,2006,9.322882
2005-12-12,2006,9.130129
2005-12-13,2006,9.294268
2005-12-14,2006,9.982497
2005-12-15,2006,9.884435
2005-12-16,2006,9.769225
2005-12-17,2006,9.720938
2005-12-18,2006,10.142417
2005-12-19,2006,10.709590
2005-12-20,2006,11.429302
2005-12-21,2006,11.016978
2005-12-22,2006,10.408672
2005-12-23,2006,10.024733
2005-12-24,2006,9.706720
2005-12-25,2006,9.441478
2005-12-26,2006,9.090620
2005-12-27,2006,9.500163
2005-12-28,2006,9.442141
2005-12-29,2006,9.665224
2005-12-30,2006,10.063635
2005-12-31,2006,10.113681
2006-01-01,2006,10.852339
2006-01-02,2006,11.168448
2006-01-03,2006,10.983573
2006-01-04,2006,11.263406
2006-01-05,2006,11.433115
2006-01-06,2006,11.225815
2006-01-07,2006,10.908780
2006-01-08,2006,10.799627
2006-01-09,2006,11.553765
2006-01-10,2006,11.475226
2006-01-11,2006,11.261024
2006-01-12,2006,11.484033
2006-01-13,2006,11.582371
2006-01-14,2006,11.381759
2006-01-15,2006,11.099096
2006-01-16,2006,12.142450
2006-01-17,2006,12.376950
2006-01-18,2006,12.413118
2006-01-19,2006,12.986008
2006-01-20,2006,15.246483
2006-01-21,2006,14.854580
2006-01-22,2006,14.599924
2006-01-23,2006,14.418713
2006-01-24,2006,14.226530
2006-01-25,2006,13.968616
2006-01-26,2006,14.533408
2006-01-27,2006,14.526323
2006-01-28,2006,14.868169
2006-01-29,2006,15.351755
2006-01-30,2006,15.428723
2006-01-31,2006,15.134675
2006-02-01,2006,15.130314
2006-02-02,2006,15.418375
2006-02-03,2006,16.370652
2006-02-04,2006,16.273149
2006-02-05,2006,16.203443
2006-02-06,2006,16.159541
2006-02-07,2006,15.894270
2006-02-08,2006,15.562397
2006-02-09,2006,15.176443
2006-02-10,2006,15.083219
2006-02-11,2006,15.037996
2006-02-12,2006,14.849550
2006-02-13,2006,14.620733
2006-02-14,2006,14.400598
2006-02-15,2006,14.274276
2006-02-16,2006,15.256102
2006-02-17,2006,15.255800
2006-02-18,2006,16.042794
2006-02-19,2006,16.262680
2006-02-20,2006,16.589026
2006-02-21,2006,16.484385
2006-02-22,2006,16.298410
2006-02-23,2006,16.066376
2006-02-24,2006,15.745816
2006-02-25,2006,15.384097
2006-02-26,2006,15.030192
2006-02-27,2006,14.587415
2006-02-28,2006,13.961335
2006-03-01,2006,13.628326
2006-03-02,2006,13.501248
2006-03-03,2006,13.241415
2006-03-04,2006,12.769113
2006-03-05,2006,12.475346
2006-03-06,2006,12.135761
2006-03-07,2006,11.722855
2006-03-08,2006,12.614254
2006-03-09,2006,14.300657
2006-03-10,2006,15.530987
2006-03-11,2006,17.375611
2006-03-12,2006,19.294662
2006-03-13,2006,20.557554
2006-03-14,2006,20.540840
2006-03-15,2006,20.074517
2006-03-16,2006,19.891239
2006-03-17,2006,19.313300
2006-03-18,2006,18.695619
2006-03-19,2006,19.217200
2006-03-20,2006,19.812119
2006-03-21,2006,19.956134
2006-03-22,2006,20.354171
2006-03-23,2006,20.193670
2006-03-24,2006,19.629328
2006-03-25,2006,18.803554
2006-03-26,2006,17.771044
2006-03-27,2006,17.685032
2006-03-28,2006,17.189152
2006-03-29,2006,16.792543
2006-03-30,2006,17.662901
2006-03-31,2006,17.440943
2006-04-01,2006,17.025306
2006-04-02,2006,17.352633
2006-04-03,2006,16.846190
2006-04-04,2006,16.021400
2006-04-05,2006,15.113243
2006-04-06,2006,14.974743
2006-04-07,2006,16.343373
2006-04-08,2006,16.021552
2006-04-09,2006,15.166189
2006-04-10,2006,14.326204
2006-04-11,2006,13.907746
2006-04-12,2006,13.741573
2006-04-13,2006,13.003325
2006-04-14,2006,12.235604
2006-04-15,2006,12.122901
2006-04-16,2006,12.117718
2006-04-17,2006,11.447796
2006-04-18,2006,11.166689
2006-04-19,2006,11.413667
2006-04-20,2006,11.292591
2006-04-21,2006,11.067042
2006-04-22,2006,10.645385
2006-04-23,2006,9.937609
2006-04-24,2006,9.444353
2006-04-25,2006,9.631970
2006-04-26,2006,9.413295
2006-04-27,2006,8.941013
2006-04-28,2006,8.485542
2006-04-29,2006,9.284338
2006-04-30,2006,9.003514
2006-05-01,2006,8.576522
2006-05-02,2006,8.089337
2006-05-03,2006,7.683806
2006-05-04,2006,7.407889
2006-05-05,2006,7.071743
2006-05-06,2006,7.015980
2006-05-07,2006,6.742560
2006-05-08,2006,6.483983
2006-05-09,2006,6.311663
2006-05-10,2006,6.358193
2006-05-11,2006,6.294727
2006-05-12,2006,6.090657
2006-05-13,2006,5.812349
2006-05-14,2006,5.387283
2006-05-15,2006,5.004911
2006-05-16,2006,4.629443
2006-05-17,2006,4.303533
2006-05-18,2006,3.962458
2006-05-19,2006,3.528336
2006-05-20,2006,3.131643
2006-05-21,2006,2.666451
2006-05-22,2006,2.332639
2006-05-23,2006,2.087325
2006-05-24,2006,1.911157
2006-05-25,2006,1.675210
2006-05-26,2006,1.484610
2006-05-27,2006,1.285478
2006-05-28,2006,1.114022
2006-05-29,2006,1.085912
2006-05-30,2006,1.057019
2006-05-31,2006,0.974981
2006-06-01,2006,0.875802
2006-06-02,2006,0.722335
2006-06-03,2006,0.582663
2006-06-04,2006,0.471953
2006-06-05,2006,0.381823
2006-06-06,2006,0.308367
2006-06-07,2006,0.243430
2006-06-08,2006,0.188930
2006-06-09,2006,0.145463
2006-06-10,2006,0.114033
2006-06-11,2006,0.076533
2006-06-12,2006,0.046101
2006-06-13,2006,0.024043
2006-06-14,2006,0.012693
2006-06-15,2006,0.005871
2006-06-16,2006,0.003872
2006-06-17,2006,0.004035
2006-06-18,2006,0.001278
2006-06-19,2006,0.000809
2006-06-20,2006,0.000000
2006-06-21,2006,0.000000
2006-06-22,2006,0.000000
2006-06-23,2006,0.000000
2006-06-24,2006,0.000000
2006-06-25,2006,0.000000
2006-06-26,2006,0.000000
2006-06-27,2006,0.000000
2006-06-28,2006,0.000000
2006-06-29,2006,0.000000
2006-06-30,2006,0.000000
2006-07-01,2006,0.000000
2006-07-02,2006,0.000000
2006-07-03,2006,0.000000
2006-07-04,2006,0.000000
2006-07-05,2006,0.000000
2006-07-06,2006,0.000000
2006-07-07,2006,0.000000
2006-07-08,2006,0.000000
2006-07-09,2006,0.000000
2006-07-10,2006,0.000000
2006-07-11,2006,0.000000
2006-07-12,2006,0.000000
2006-07-13,2006,0.000000
2006-07-14,2006,0.000000
2006-07-15,2006,0.000000
2006-07-16,2006,0.000000
2006-07-17,2006,0.000000
2006-07-18,2006,0.000000
2006-07-19,2006,0.000000
2006-07-20,2006,0.000000
2006-07-21,2006,0.000000
2006-07-22,2006,0.000000
2006-07-23,2006,0.000000
2006-07-24,2006,0.000000
2006-07-25,2006,0.000000
2006-07-26,2006,0.000000
2006-07-27,2006,0.000000
2006-07-28,2006,0.000000
2006-07-29,2006,0.000000
2006-07-30,2006,0.000000
2006-07-31,2006,0.000000
2006-08-01,2006,0.000000
2006-08-02,2006,0.000000
2006-08-03,2006,0.000000
2006-08-04,2006,0.000000
2006-08-05,2006,0.000000
2006-08-06,2006,0.000000
2006-08-07,2006,0.000000
2006-08-08,2006,0.000000
2006-08-09,2006,0.000000
2006-08-10,2006,0.000000
2006-08-11,2006,0.000000
2006-08-12,2006,0.000000
2006-08-13,2006,0.000000
2006-08-14,2006,0.000000
2006-08-15,2006,0.000000
2006-08-16,2006,0.000000
2006-08-17,2006,0.000000
2006-08-18,2006,0.000000
2006-08-19,2006,0.000000
2006-08-20,2006,0.000000
2006-08-21,2006,0.000000
2006-08-22,2006,0.000000
2006-08-23,2006,0.000000
2006-08-24,2006,0.000000
2006-08-25,2006,0.000000
2006-08-26,2006,0.000000
2006-08-27,2006,0.003511
2006-08-28,2006,0.001272
2006-08-29,2006,0.000000
2006-08-30,2006,0.000000
2006-08-31,2006,0.000000
2006-09-01,2006,0.000000
2006-09-02,2006,0.000000
2006-09-03,2006,0.000000
2006-09-04,2006,0.000000
2006-09-05,2006,0.000000
2006-09-06,2006,0.000000
2006-09-07,2006,0.000000
2006-09-08,2006,0.014425
2006-09-09,2006,0.032243
2006-09-10,2006,0.014529
2006-09-11,2006,0.011120
2006-09-12,2006,0.005071
2006-09-13,2006,0.001109
2006-09-14,2006,0.000000
2006-09-15,2006,0.003076
2006-09-16,2006,0.095576
2006-09-17,2006,0.306564
2006-09-18,2006,0.297824
2006-09-19,2006,0.210293
2006-09-20,2006,0.106644
2006-09-21,2006,1.092281
2006-09-22,2006,1.599809
2006-09-23,2006,2.830001
2006-09-24,2006,2.621046
2006-09-25,2006,2.055962
2006-09-26,2006,1.468486
2006-09-27,2006,0.952287
2006-09-28,2006,0.599147
2006-09-29,2006,0.338883
2006-09-30,2006,0.185424
2006-10-01,2007,0.092385
2006-10-02,2007,0.053019
2006-10-03,2007,0.030224
2006-10-04,2007,0.021853
2006-10-05,2007,0.011950
2006-10-06,2007,0.006306
2006-10-07,2007,0.003180
2006-10-08,2007,0.002920
2006-10-09,2007,0.141662
2006-10-10,2007,1.335709
2006-10-11,2007,1.108634
2006-10-12,2007,0.879923
2006-10-13,2007,0.626201
2006-10-14,2007,0.426147
2006-10-15,2007,0.595239
2006-10-16,2007,0.442664
2006-10-17,2007,0.738055
2006-10-18,2007,2.641919
2006-10-19,2007,2.598384
2006-10-20,2007,2.623059
2006-10-21,2007,3.599012
2006-10-22,2007,3.719809
2006-10-23,2007,3.550809
2006-10-24,2007,3.027373
2006-10-25,2007,2.554081
2006-10-26,2007,4.771079
2006-10-27,2007,6.125977
2006-10-28,2007,5.657154
2006-10-29,2007,4.904733
2006-10-30,2007,4.229031
2006-10-31,2007,3.865188
2006-11-01,2007,3.751806
2006-11-02,2007,3.654302
2006-11-03,2007,3.473487
2006-11-04,2007,3.174569
2006-11-05,2007,3.101375
2006-11-06,2007,2.935484
2006-11-07,2007,2.601793
2006-11-08,2007,1.998381
2006-11-09,2007,1.598176
2006-11-10,2007,1.564021
2006-11-11,2007,1.583048
2006-11-12,2007,2.481720
2006-11-13,2007,3.099622
2006-11-14,2007,3.718975
2006-11-15,2007,5.152273
2006-11-16,2007,5.050288
2006-11-17,2007,4.852616
2006-11-18,2007,4.602161
2006-11-19,2007,4.364624
2006-11-20,2007,4.176607
2006-11-21,2007,3.849257
2006-11-22,2007,3.520723
2006-11-23,2007,3.199632
2006-11-24,2007,2.984531
2006-11-25,2007,3.034909
2006-11-26,2007,3.113015
2006-11-27,2007,3.178129
2006-11-28,2007,4.327189
2006-11-29,2007,7.066837
2006-11-30,2007,7.737189
2006-12-01,2007,7.428796
2006-12-02,2007,7.431356
2006-12-03,2007,7.549708
2006-12-04,2007,7.383171
2006-12-05,2007,7.228589
2006-12-06,2007,7.063174
2006-12-07,2007,6.932454
2006-12-08,2007,6.792758
2006-12-09,2007,6.590149
2006-12-10,2007,6.437802
2006-12-11,2007,7.168909
2006-12-12,2007,7.691647
2006-12-13,2007,7.630511
2006-12-14,2007,7.512457
2006-12-15,2007,7.111741
2006-12-16,2007,6.771674
2006-12-17,2007,7.130249
2006-12-18,2007,8.246071
2006-12-19,2007,9.209663
2006-12-20,2007,10.315816
2006-12-21,2007,13.056935
2006-12-22,2007,12.648171
2006-12-23,2007,12.445673
2006-12-24,2007,12.322436
2006-12-25,2007,12.552934
2006-12-26,2007,12.317691
2006-12-27,2007,11.986030
2006-12-28,2007,11.906914
2006-12-29,2007,14.094054
2006-12-30,2007,14.654327
2006-12-31,2007,14.724121
2007-01-01,2007,14.498523
2007-01-02,2007,14.237342
2007-01-03,2007,14.004713
2007-01-04,2007,13.660696
2007-01-05,2007,15.051054
2007-01-06,2007,16.902625
2007-01-07,2007,17.021209
2007-01-08,2007,16.784398
2007-01-09,2007,16.409803
2007-01-10,2007,16.052966
2007-01-11,2007,15.649185
2007-01-12,2007,16.356994
2007-01-13,2007,19.295915
2007-01-14,2007,20.054561
2007-01-15,2007,20.768490
2007-01-16,2007,20.537145
2007-01-17,2007,20.301239
2007-01-18,2007,20.053659
2007-01-19,2007,19.788972
2007-01-20,2007,19.643911
2007-01-21,2007,19.959141
2007-01-22,2007,20.561027
2007-01-23,2007,20.253087
2007-01-24,2007,19.890537
2007-01-25,2007,19.497139
2007-01-26,2007,19.085737
2007-01-27,2007,18.756211
2007-01-28,2007,18.610965
2007-01-29,2007,18.342273
2007-01-30,2007,18.115581
2007-01-31,2007,18.889983
2007-02-01,2007,20.474805
2007-02-02,2007,21.270475
2007-02-03,2007,21.571224
2007-02-04,2007,21.179119
2007-02-05,2007,20.670527
2007-02-06,2007,19.898174
2007-02-07,2007,18.835219
2007-02-08,2007,18.010673
2007-02-09,2007,17.354037
2007-02-10,2007,16.833745
2007-02-11,2007,16.480935
2007-02-12,2007,17.001700
2007-02-13,2007,16.802228
2007-02-14,2007,17.802513
2007-02-15,2007,18.269131
2007-02-16,2007,18.402621
2007-02-17,2007,18.709249
2007-02-18,2007,18.316644
2007-02-19,2007,17.922421
2007-02-20,2007,18.591611
2007-02-21,2007,18.172933
2007-02-22,2007,17.626395
2007-02-23,2007,16.962140
2007-02-24,2007,17.921270
2007-02-25,2007,17.910275
2007-02-26,2007,18.521402
2007-02-27,2007,18.728416
2007-02-28,2007,19.589657
2007-03-01,2007,21.239313
2007-03-02,2007,21.846570
2007-03-03,2007,22.260881
2007-03-04,2007,21.941239
2007-03-05,2007,21.442544
2007-03-06,2007,20.623750
2007-03-07,2007,19.803256
2007-03-08,2007,18.935877
2007-03-09,2007,18.656722
2007-03-10,2007,17.875216
2007-03-11,2007,18.005248
2007-03-12,2007,17.217059
2007-03-13,2007,16.086013
2007-03-14,2007,14.781456
2007-03-15,2007,13.662130
2007-03-16,2007,12.934903
2007-03-17,2007,12.193330
2007-03-18,2007,11.259015
2007-03-19,2007,10.370926
2007-03-20,2007,9.644854
2007-03-21,2007,9.017278
2007-03-22,2007,8.774021
2007-03-23,2007,8.420422
2007-03-24,2007,8.466617
2007-03-25,2007,9.437402
2007-03-26,2007,8.804991
2007-03-27,2007,8.199744
2007-03-28,2007,8.557594
2007-03-29,2007,10.039051
2007-03-30,2007,10.834561
2007-03-31,2007,11.080074
2007-04-01,2007,10.750023
2007-04-02,2007,10.111725
2007-04-03,2007,9.461049
2007-04-04,2007,9.011712
2007-04-05,2007,8.725492
2007-04-06,2007,8.454974
2007-04-07,2007,8.190020
2007-04-08,2007,8.346820
2007-04-09,2007,8.906735
2007-04-10,2007,9.087060
2007-04-11,2007,9.486092
2007-04-12,2007,9.542711
2007-04-13,2007,10.845376
2007-04-14,2007,11.415993
2007-04-15,2007,10.857708
2007-04-16,2007,9.954413
2007-04-17,2007,10.219255
2007-04-18,2007,9.654496
2007-04-19,2007,9.540367
2007-04-20,2007,9.376272
2007-04-21,2007,8.987067
2007-04-22,2007,9.238894
2007-04-23,2007,9.101938
2007-04-24,2007,10.237358
2007-04-25,2007,11.497481
2007-04-26,2007,10.800401
2007-04-27,2007,10.014259
2007-04-28,2007,9.215421
2007-04-29,2007,8.430031
2007-04-30,2007,7.768393
2007-05-01,2007,7.169794
2007-05-02,2007,6.845889
2007-05-03,2007,6.380068
2007-05-04,2007,5.957262
2007-05-05,2007,7.089083
2007-05-06,2007,8.668426
2007-05-07,2007,9.370233
2007-05-08,2007,8.828287
2007-05-09,2007,8.019467
2007-05-10,2007,7.218702
2007-05-11,2007,6.497785
2007-05-12,2007,5.905929
2007-05-13,2007,5.328407
2007-05-14,2007,4.747728
2007-05-15,2007,4.282731
2007-05-16,2007,3.913633
2007-05-17,2007,3.589897
2007-05-18,2007,3.266000
2007-05-19,2007,2.942617
2007-05-20,2007,2.598417
2007-05-21,2007,2.323044
2007-05-22,2007,2.132995
2007-05-23,2007,2.597516
2007-05-24,2007,3.463758
2007-05-25,2007,2.999332
2007-05-26,2007,2.454244
2007-05-27,2007,2.086739
2007-05-28,2007,1.814550
2007-05-29,2007,1.586834
2007-05-30,2007,1.480170
2007-05-31,2007,1.405556
2007-06-01,2007,1.304357
2007-06-02,2007,1.178990
2007-06-03,2007,1.030934
2007-06-04,2007,0.900430
2007-06-05,2007,0.772871
2007-06-06,2007,0.651332
2007-06-07,2007,0.777565
2007-06-08,2007,1.004659
2007-06-09,2007,0.785406
2007-06-10,2007,0.612055
2007-06-11,2007,0.516224
2007-06-12,2007,0.485979
2007-06-13,2007,0.434905
2007-06-14,2007,0.375263
2007-06-15,2007,0.317836
2007-06-16,2007,0.256244
2007-06-17,2007,0.206574
2007-06-18,2007,0.148756
2007-06-19,2007,0.121520
2007-06-20,2007,0.094000
2007-06-21,2007,0.064298
2007-06-22,2007,0.041692
2007-06-23,2007,0.022683
2007-06-24,2007,0.011693
2007-06-25,2007,0.005918
2007-06-26,2007,0.002666
2007-06-27,2007,0.000793
2007-06-28,2007,0.000000
2007-06-29,2007,0.000000
2007-06-30,2007,0.000000
2007-07-01,2007,0.000000
2007-07-02,2007,0.000000
2007-07-03,2007,0.000000
2007-07-04,2007,0.000000
2007-07-05,2007,0.000000
2007-07-06,2007,0.000000
2007-07-07,2007,0.000000
2007-07-08,2007,0.000000
2007-07-09,2007,0.000000
2007-07-10,2007,0.000000
2007-07-11,2007,0.000000
2007-07-12,2007,0.000000
2007-07-13,2007,0.000000
2007-07-14,2007,0.000000
2007-07-15,2007,0.000000
2007-07-16,2007,0.000000
2007-07-17,2007,0.000000
2007-07-18,2007,0.000000
2007-07-19,2007,0.000000
2007-07-20,2007,0.000000
2007-07-21,2007,0.000000
2007-07-22,2007,0.000000
2007-07-23,2007,0.000000
2007-07-24,2007,0.000000
2007-07-25,2007,0.000000
2007-07-26,2007,0.000000
2007-07-27,2007,0.000000
2007-07-28,2007,0.000000
2007-07-29,2007,0.000000
2007-07-30,2007,0.000000
2007-07-31,2007,0.000000
2007-08-01,2007,0.000000
2007-08-02,2007,0.000000
2007-08-03,2007,0.000000
2007-08-04,2007,0.000000
2007-08-05,2007,0.000000
2007-08-06,2007,0.000000
2007-08-07,2007,0.000000
2007-08-08,2007,0.000000
2007-08-09,2007,0.000000
2007-08-10,2007,0.000000
2007-08-11,2007,0.000000
2007-08-12,2007,0.000000
2007-08-13,2007,0.000000
2007-08-14,2007,0.000000
2007-08-15,2007,0.000000
2007-08-16,2007,0.000000
2007-08-17,2007,0.000000
2007-08-18,2007,0.000000
2007-08-19,2007,0.000000
2007-08-20,2007,0.000000
2007-08-21,2007,0.000000
2007-08-22,2007,0.000000
2007-08-23,2007,0.000000
2007-08-24,2007,0.000000
2007-08-25,2007,0.000000
2007-08-26,2007,0.000000
2007-08-27,2007,0.000000
2007-08-28,2007,0.000000
2007-08-29,2007,0.000000
2007-08-30,2007,0.000000
2007-08-31,2007,0.000000
2007-09-01,2007,0.000000
2007-09-02,2007,0.000000
2007-09-03,2007,0.000000
2007-09-04,2007,0.000000
2007-09-05,2007,0.000000
2007-09-06,2007,0.000000
2007-09-07,2007,0.000000
2007-09-08,2007,0.000000
2007-09-09,2007,0.000000
2007-09-10,2007,0.000000
2007-09-11,2007,0.000000
2007-09-12,2007,0.000000
2007-09-13,2007,0.000000
2007-09-14,2007,0.000000
2007-09-15,2007,0.000000
2007-09-16,2007,0.000000
2007-09-17,2007,0.000000
2007-09-18,2007,0.023944
2007-09-19,2007,0.012735
2007-09-20,2007,0.005056
2007-09-21,2007,0.001822
2007-09-22,2007,0.000351
2007-09-23,2007,0.000000
2007-09-24,2007,0.097387
2007-09-25,2007,0.164941
2007-09-26,2007,0.112197
2007-09-27,2007,0.069189
2007-09-28,2007,0.032315
2007-09-29,2007,0.026090
2007-09-30,2007,0.477294
2007-10-01,2008,0.316257
2007-10-02,2008,0.334523
2007-10-03,2008,0.243856
2007-10-04,2008,0.119861
2007-10-05,2008,0.055311
2007-10-06,2008,0.023571
2007-10-07,2008,0.232328
2007-10-08,2008,0.291787
2007-10-09,2008,0.188601
2007-10-10,2008,0.093257
2007-10-11,2008,0.034602
2007-10-12,2008,0.013222
2007-10-13,2008,0.004629
2007-10-14,2008,0.354212
2007-10-15,2008,1.046290
2007-10-16,2008,0.873674
2007-10-17,2008,0.776178
2007-10-18,2008,1.420609
2007-10-19,2008,1.432481
2007-10-20,2008,0.999893
2007-10-21,2008,1.814300
2007-10-22,2008,2.708673
2007-10-23,2008,2.592924
2007-10-24,2008,1.929193
2007-10-25,2008,1.274326
2007-10-26,2008,0.823636
2007-10-27,2008,0.528936
2007-10-28,2008,0.355243
2007-10-29,2008,0.243070
2007-10-30,2008,0.165537
2007-10-31,2008,0.220798
2007-11-01,2008,0.289137
2007-11-02,2008,0.248695
2007-11-03,2008,0.230669
2007-11-04,2008,0.208103
2007-11-05,2008,0.175824
2007-11-06,2008,0.154007
2007-11-07,2008,0.137841
2007-11-08,2008,0.121476
2007-11-09,2008,0.110517
2007-11-10,2008,0.095106
2007-11-11,2008,0.079954
2007-11-12,2008,0.090722
2007-11-13,2008,0.132844
2007-11-14,2008,0.211421
2007-11-15,2008,0.225713
2007-11-16,2008,0.208376
2007-11-17,2008,0.181604
2007-11-18,2008,0.203736
2007-11-19,2008,0.171227
2007-11-20,2008,0.136715
2007-11-21,2008,1.017419
2007-11-22,2008,1.023218
2007-11-23,2008,1.315637
2007-11-24,2008,2.142237
2007-11-25,2008,1.968297
2007-11-26,2008,1.859006
2007-11-27,2008,1.856090
2007-11-28,2008,2.126350
2007-11-29,2008,2.146053
2007-11-30,2008,2.052051
2007-12-01,2008,4.768543
2007-12-02,2008,7.304799
2007-12-03,2008,7.190765
2007-12-04,2008,6.933340
2007-12-05,2008,6.466627
2007-12-06,2008,6.722735
2007-12-07,2008,8.505379
2007-12-08,2008,11.716924
2007-12-09,2008,14.268678
2007-12-10,2008,14.034402
2007-12-11,2008,15.709347
2007-12-12,2008,16.637604
2007-12-13,2008,16.320913
2007-12-14,2008,16.463207
2007-12-15,2008,16.850873
2007-12-16,2008,16.663080
2007-12-17,2008,16.409479
2007-12-18,2008,16.101858
2007-12-19,2008,15.859460
2007-12-20,2008,15.757448
2007-12-21,2008,16.254635
2007-12-22,2008,17.832433
2007-12-23,2008,17.721633
2007-12-24,2008,17.877992
2007-12-25,2008,18.481282
2007-12-26,2008,19.460754
2007-12-27,2008,19.727663
2007-12-28,2008,20.385078
2007-12-29,2008,20.320409
2007-12-30,2008,20.567119
2007-12-31,2008,21.127116
2008-01-01,2008,20.939633
2008-01-02,2008,20.675574
2008-01-03,2008,20.281024
2008-01-04,2008,19.842956
2008-01-05,2008,19.302753
2008-01-06,2008,22.643657
2008-01-07,2008,23.902845
2008-01-08,2008,24.867705
2008-01-09,2008,24.732731
2008-01-10,2008,25.834000
2008-01-11,2008,25.442504
2008-01-12,2008,25.735459
2008-01-13,2008,25.320944
2008-01-14,2008,24.914520
2008-01-15,2008,24.500820
2008-01-16,2008,24.598578
2008-01-17,2008,24.889343
2008-01-18,2008,25.038935
2008-01-19,2008,25.162455
2008-01-20,2008,24.943502
2008-01-21,2008,24.557771
2008-01-22,2008,24.879476
2008-01-23,2008,24.620022
2008-01-24,2008,24.275415
2008-01-25,2008,25.007509
2008-01-26,2008,24.826283
2008-01-27,2008,24.296020
2008-01-28,2008,26.311052
2008-01-29,2008,27.949044
2008-01-30,2008,28.286683
2008-01-31,2008,29.007272
2008-02-01,2008,29.016693
2008-02-02,2008,29.438283
2008-02-03,2008,29.632713
2008-02-04,2008,32.007690
2008-02-05,2008,33.339270
2008-02-06,2008,32.881798
2008-02-07,2008,33.066152
2008-02-08,2008,33.502274
2008-02-09,2008,32.867621
2008-02-10,2008,31.920531
2008-02-11,2008,31.044680
2008-02-12,2008,30.463612
2008-02-13,2008,29.824785
2008-02-14,2008,30.255253
2008-02-15,2008,31.314352
2008-02-16,2008,30.666677
2008-02-17,2008,30.113661
2008-02-18,2008,30.061379
2008-02-19,2008,29.612811
2008-02-20,2008,29.100627
2008-02-21,2008,28.986994
2008-02-22,2008,29.088481
2008-02-23,2008,29.570968
2008-02-24,2008,29.445430
2008-02-25,2008,30.736446
2008-02-26,2008,30.818096
2008-02-27,2008,30.191400
2008-02-28,2008,29.531225
2008-02-29,2008,28.784981
2008-03-01,2008,28.066613
2008-03-02,2008,27.977684
2008-03-03,2008,29.705228
2008-03-04,2008,29.386681
2008-03-05,2008,29.660487
2008-03-06,2008,30.239402
2008-03-07,2008,30.115378
2008-03-08,2008,29.768204
2008-03-09,2008,29.752974
2008-03-10,2008,29.361741
2008-03-11,2008,29.019903
2008-03-12,2008,28.441922
2008-03-13,2008,27.930194
2008-03-14,2008,28.283198
2008-03-15,2008,28.486599
2008-03-16,2008,28.260062
2008-03-17,2008,29.161728
2008-03-18,2008,29.198752
2008-03-19,2008,28.779111
2008-03-20,2008,28.225091
2008-03-21,2008,27.805844
2008-03-22,2008,27.372532
2008-03-23,2008,27.162201
2008-03-24,2008,26.763396
2008-03-25,2008,26.203874
2008-03-26,2008,25.463599
2008-03-27,2008,24.826053
2008-03-28,2008,24.388891
2008-03-29,2008,24.094961
2008-03-30,2008,23.884547
2008-03-31,2008,24.994468
2008-04-01,2008,25.223388
2008-04-02,2008,24.954467
2008-04-03,2008,24.804647
2008-04-04,2008,24.779896
2008-04-05,2008,24.334060
2008-04-06,2008,24.318403
2008-04-07,2008,24.663579
2008-04-08,2008,25.361051
2008-04-09,2008,24.958279
2008-04-10,2008,26.318274
2008-04-11,2008,27.188103
2008-04-12,2008,27.690832
2008-04-13,2008,27.215610
2008-04-14,2008,26.430798
2008-04-15,2008,25.257579
2008-04-16,2008,23.972136
2008-04-17,2008,25.137270
2008-04-18,2008,25.099413
2008-04-19,2008,24.409978
2008-04-20,2008,23.255836
2008-04-21,2008,22.436850
2008-04-22,2008,21.952236
2008-04-23,2008,21.218313
2008-04-24,2008,20.183946
2008-04-25,2008,19.839307
2008-04-26,2008,19.782996
2008-04-27,2008,19.665989
2008-04-28,2008,19.337381
2008-04-29,2008,18.744329
2008-04-30,2008,17.869943
2008-05-01,2008,17.683669
2008-05-02,2008,18.960593
2008-05-03,2008,19.017520
2008-05-04,2008,18.672756
2008-05-05,2008,17.984231
2008-05-06,2008,16.975584
2008-05-07,2008,16.006315
2008-05-08,2008,15.266948
2008-05-09,2008,15.034326
2008-05-10,2008,15.334218
2008-05-11,2008,15.200843
2008-05-12,2008,14.531085
2008-05-13,2008,15.192742
2008-05-14,2008,15.530363
2008-05-15,2008,15.325010
2008-05-16,2008,15.235683
2008-05-17,2008,14.359207
2008-05-18,2008,13.315411
2008-05-19,2008,12.180622
2008-05-20,2008,11.131354
2008-05-21,2008,9.968591
2008-05-22,2008,9.301895
2008-05-23,2008,9.869767
2008-05-24,2008,10.306437
2008-05-25,2008,10.073402
2008-05-26,2008,9.467365
2008-05-27,2008,8.781770
2008-05-28,2008,8.247246
2008-05-29,2008,7.465601
2008-05-30,2008,6.990349
2008-05-31,2008,6.544849
2008-06-01,2008,5.996989
2008-06-02,2008,5.336786
2008-06-03,2008,4.954386
2008-06-04,2008,4.521443
2008-06-05,2008,4.291715
2008-06-06,2008,4.327524
2008-06-07,2008,3.862069
2008-06-08,2008,3.542613
2008-06-09,2008,3.404196
2008-06-10,2008,3.197330
2008-06-11,2008,2.838469
2008-06-12,2008,2.780815
2008-06-13,2008,2.686465
2008-06-14,2008,2.549472
2008-06-15,2008,2.219099
2008-06-16,2008,1.860783
2008-06-17,2008,1.553463
2008-06-18,2008,1.320552
2008-06-19,2008,1.137624
2008-06-20,2008,0.955278
2008-06-21,2008,0.810540
2008-06-22,2008,0.698162
2008-06-23,2008,0.606761
2008-06-24,2008,0.497115
2008-06-25,2008,0.386661
2008-06-26,2008,0.294478
2008-06-27,2008,0.232715
2008-06-28,2008,0.169488
2008-06-29,2008,0.109989
2008-06-30,2008,0.063470
2008-07-01,2008,0.035417
2008-07-02,2008,0.017616
2008-07-03,2008,0.008813
2008-07-04,2008,0.004319
2008-07-05,2008,0.001560
2008-07-06,2008,0.000000
2008-07-07,2008,0.000000
2008-07-08,2008,0.000000
2008-07-09,2008,0.000000
2008-07-10,2008,0.000000
2008-07-11,2008,0.000000
2008-07-12,2008,0.000000
2008-07-13,2008,0.000000
2008-07-14,2008,0.000000
2008-07-15,2008,0.000000
2008-07-16,2008,0.000000
2008-07-17,2008,0.000000
2008-07-18,2008,0.000000
2008-07-19,2008,0.000000
2008-07-20,2008,0.000000
2008-07-21,2008,0.000000
2008-07-22,2008,0.000000
2008-07-23,2008,0.000000
2008-07-24,2008,0.000000
2008-07-25,2008,0.000000
2008-07-26,2008,0.000000
2008-07-27,2008,0.000000
2008-07-28,2008,0.000000
2008-07-29,2008,0.000000
2008-07-30,2008,0.000000
2008-07-31,2008,0.000000
2008-08-01,2008,0.000000
2008-08-02,2008,0.000000
2008-08-03,2008,0.000000
2008-08-04,2008,0.000000
2008-08-05,2008,0.000000
2008-08-06,2008,0.000000
2008-08-07,2008,0.000000
2008-08-08,2008,0.000000
2008-08-09,2008,0.000000
2008-08-10,2008,0.000000
2008-08-11,2008,0.000000
2008-08-12,2008,0.000000
2008-08-13,2008,0.000000
2008-08-14,2008,0.000000
2008-08-15,2008,0.000000
2008-08-16,2008,0.071168
2008-08-17,2008,0.078726
2008-08-18,2008,0.037200
2008-08-19,2008,0.011585
2008-08-20,2008,0.003321
2008-08-21,2008,0.000000
2008-08-22,2008,0.000000
2008-08-23,2008,0.000000
2008-08-24,2008,0.000000
2008-08-25,2008,0.000000
2008-08-26,2008,0.000000
2008-08-27,2008,0.000000
2008-08-28,2008,0.000000
2008-08-29,2008,0.000000
2008-08-30,2008,0.000000
2008-08-31,2008,0.000000
2008-09-01,2008,0.000000
2008-09-02,2008,0.000000
2008-09-03,2008,0.000000
2008-09-04,2008,0.000000
2008-09-05,2008,0.003252
2008-09-06,2008,0.001434
2008-09-07,2008,0.000717
2008-09-08,2008,0.000000
2008-09-09,2008,0.000000
2008-09-10,2008,0.000000
2008-09-11,2008,0.001775
2008-09-12,2008,0.046372
2008-09-13,2008,0.041619
2008-09-14,2008,0.020422
2008-09-15,2008,0.009754
2008-09-16,2008,0.004472
2008-09-17,2008,0.000932
2008-09-18,2008,0.002493
2008-09-19,2008,0.001363
2008-09-20,2008,0.001227
2008-09-21,2008,0.000774
2008-09-22,2008,0.000000
2008-09-23,2008,0.000213
2008-09-24,2008,0.000000
2008-09-25,2008,0.000000
2008-09-26,2008,0.000000
2008-09-27,2008,0.000000
2008-09-28,2008,0.008856
2008-09-29,2008,0.005052
2008-09-30,2008,0.002161
2008-10-01,2009,0.000873
2008-10-02,2009,0.000388
2008-10-03,2009,0.000184
2008-10-04,2009,0.000000
2008-10-05,2009,0.241891
2008-10-06,2009,0.267452
2008-10-07,2009,0.225723
2008-10-08,2009,0.144304
2008-10-09,2009,0.082726
2008-10-10,2009,0.051549
2008-10-11,2009,0.060771
2008-10-12,2009,0.852044
2008-10-13,2009,0.981841
2008-10-14,2009,1.140810
2008-10-15,2009,1.390982
2008-10-16,2009,1.091656
2008-10-17,2009,0.763246
2008-10-18,2009,0.471659
2008-10-19,2009,0.283529
2008-10-20,2009,0.191050
2008-10-21,2009,0.178221
2008-10-22,2009,0.801744
2008-10-23,2009,0.871721
2008-10-24,2009,0.814913
2008-10-25,2009,0.724685
2008-10-26,2009,0.533641
2008-10-27,2009,0.432152
2008-10-28,2009,0.322224
2008-10-29,2009,0.229954
2008-10-30,2009,0.171080
2008-10-31,2009,0.126723
2008-11-01,2009,0.092886
2008-11-02,2009,0.065822
2008-11-03,2009,0.124253
2008-11-04,2009,0.111063
2008-11-05,2009,1.414014
2008-11-06,2009,1.910731
2008-11-07,2009,1.815304
2008-11-08,2009,1.805811
2008-11-09,2009,1.639750
2008-11-10,2009,1.740559
2008-11-11,2009,2.350912
2008-11-12,2009,2.516092
2008-11-13,2009,2.590007
2008-11-14,2009,2.357629
2008-11-15,2009,2.397427
2008-11-16,2009,2.285081
2008-11-17,2009,1.969541
2008-11-18,2009,1.631537
2008-11-19,2009,1.321173
2008-11-20,2009,1.183456
2008-11-21,2009,1.171750
2008-11-22,2009,1.117775
2008-11-23,2009,1.051259
2008-11-24,2009,1.034456
2008-11-25,2009,0.990832
2008-11-26,2009,0.950303
2008-11-27,2009,1.034957
2008-11-28,2009,2.659253
2008-11-29,2009,3.158205
2008-11-30,2009,3.945217
2008-12-01,2009,4.810066
2008-12-02,2009,4.522983
2008-12-03,2009,4.689811
2008-12-04,2009,5.124679
2008-12-05,2009,5.629471
2008-12-06,2009,5.425236
2008-12-07,2009,5.082167
2008-12-08,2009,4.786686
2008-12-09,2009,7.555590
2008-12-10,2009,7.317507
2008-12-11,2009,7.115350
2008-12-12,2009,6.977439
2008-12-13,2009,7.128201
2008-12-14,2009,9.343344
2008-12-15,2009,9.793176
2008-12-16,2009,11.965441
2008-12-17,2009,12.315796
2008-12-18,2009,12.969974
2008-12-19,2009,14.361907
2008-12-20,2009,14.627335
2008-12-21,2009,14.669496
2008-12-22,2009,14.608092
2008-12-23,2009,17.430669
2008-12-24,2009,17.870742
2008-12-25,2009,18.345769
2008-12-26,2009,20.661252
2008-12-27,2009,21.407449
2008-12-28,2009,21.291802
2008-12-29,2009,20.778544
2008-12-30,2009,20.120424
2008-12-31,2009,19.506880
2009-01-01,2009,18.997144
2009-01-02,2009,18.501132
2009-01-03,2009,18.241978
2009-01-04,2009,19.302446
2009-01-05,2009,20.224889
2009-01-06,2009,20.633639
2009-01-07,2009,21.107301
2009-01-08,2009,20.909661
2009-01-09,2009,20.545455
2009-01-10,2009,21.053575
2009-01-11,2009,20.691852
2009-01-12,2009,20.800470
2009-01-13,2009,20.985422
2009-01-14,2009,20.564324
2009-01-15,2009,20.187593
2009-01-16,2009,19.837589
2009-01-17,2009,19.469037
2009-01-18,2009,19.144333
2009-01-19,2009,18.820807
2009-01-20,2009,18.456180
2009-01-21,2009,18.104485
2009-01-22,2009,17.755143
2009-01-23,2009,17.428988
2009-01-24,2009,17.528704
2009-01-25,2009,18.598676
2009-01-26,2009,20.010859
2009-01-27,2009,21.256457
2009-01-28,2009,21.260671
2009-01-29,2009,21.852586
2009-01-30,2009,21.613390
2009-01-31,2009,21.261033
2009-02-01,2009,20.910761
2009-02-02,2009,20.604606
2009-02-03,2009,20.285639
2009-02-04,2009,19.913096
2009-02-05,2009,19.498142
2009-02-06,2009,19.035689
2009-02-07,2009,18.742104
2009-02-08,2009,18.342923
2009-02-09,2009,19.320015
2009-02-10,2009,21.044506
2009-02-11,2009,21.701111
2009-02-12,2009,21.513130
2009-02-13,2009,22.078332
2009-02-14,2009,22.154530
2009-02-15,2009,22.733786
2009-02-16,2009,22.394961
2009-02-17,2009,22.126014
2009-02-18,2009,22.842667
2009-02-19,2009,22.942569
2009-02-20,2009,22.623968
2009-02-21,2009,22.285975
2009-02-22,2009,21.911380
2009-02-23,2009,21.458737
2009-02-24,2009,21.724430
2009-02-25,2009,20.588407
2009-02-26,2009,19.893164
2009-02-27,2009,19.551329
2009-02-28,2009,19.568823
2009-03-01,2009,19.324907
2009-03-02,2009,18.815665
2009-03-03,2009,17.931987
2009-03-04,2009,16.952406
2009-03-05,2009,16.094095
2009-03-06,2009,16.035522
2009-03-07,2009,16.638098
2009-03-08,2009,17.595184
2009-03-09,2009,17.308650
2009-03-10,2009,18.720683
2009-03-11,2009,18.767950
2009-03-12,2009,18.479464
2009-03-13,2009,18.347320
2009-03-14,2009,18.270090
2009-03-15,2009,17.973717
2009-03-16,2009,17.587333
2009-03-17,2009,16.997957
2009-03-18,2009,16.276782
2009-03-19,2009,15.550965
2009-03-20,2009,14.788290
2009-03-21,2009,13.950780
2009-03-22,2009,13.165387
2009-03-23,2009,13.535032
2009-03-24,2009,15.036273
2009-03-25,2009,15.437942
2009-03-26,2009,17.359922
2009-03-27,2009,21.162989
2009-03-28,2009,20.806293
2009-03-29,2009,20.154503
2009-03-30,2009,20.573713
2009-03-31,2009,21.050444
2009-04-01,2009,21.700421
2009-04-02,2009,22.296784
2009-04-03,2009,22.375894
2009-04-04,2009,23.588462
2009-04-05,2009,24.412624
2009-04-06,2009,23.982556
2009-04-07,2009,23.374174
2009-04-08,2009,22.472251
2009-04-09,2009,21.363435
2009-04-10,2009,21.224822
2009-04-11,2009,20.434218
2009-04-12,2009,21.008830
2009-04-13,2009,21.052405
2009-04-14,2009,19.921587
2009-04-15,2009,18.957579
2009-04-16,2009,18.848021
2009-04-17,2009,21.053633
2009-04-18,2009,23.698352
2009-04-19,2009,23.204095
2009-04-20,2009,21.990487
2009-04-21,2009,20.546095
2009-04-22,2009,18.964424
2009-04-23,2009,17.645453
2009-04-24,2009,16.345283
2009-04-25,2009,15.306854
2009-04-26,2009,15.110541
2009-04-27,2009,15.629271
2009-04-28,2009,15.302481
2009-04-29,2009,14.498640
2009-04-30,2009,13.691687
2009-05-01,2009,12.939442
2009-05-02,2009,12.343780
2009-05-03,2009,12.529322
2009-05-04,2009,12.138189
2009-05-05,2009,11.733071
2009-05-06,2009,11.052615
2009-05-07,2009,10.278353
2009-05-08,2009,9.490983
2009-05-09,2009,9.062239
2009-05-10,2009,8.744252
2009-05-11,2009,8.213659
2009-05-12,2009,7.617904
2009-05-13,2009,7.073060
2009-05-14,2009,6.768583
2009-05-15,2009,6.353276
2009-05-16,2009,5.951385
2009-05-17,2009,5.585162
2009-05-18,2009,5.226346
2009-05-19,2009,4.732872
2009-05-20,2009,4.223019
2009-05-21,2009,3.772667
2009-05-22,2009,3.542504
2009-05-23,2009,3.195389
2009-05-24,2009,2.760514
2009-05-25,2009,2.431567
2009-05-26,2009,2.190863
2009-05-27,2009,2.073037
2009-05-28,2009,1.850535
2009-05-29,2009,1.614838
2009-05-30,2009,1.399748
2009-05-31,2009,1.194323
2009-06-01,2009,1.095875
2009-06-02,2009,1.028773
2009-06-03,2009,0.945096
2009-06-04,2009,0.814623
2009-06-05,2009,0.705386
2009-06-06,2009,0.601494
2009-06-07,2009,0.547367
2009-06-08,2009,0.540918
2009-06-09,2009,0.487807
2009-06-10,2009,0.464150
2009-06-11,2009,0.476492
2009-06-12,2009,0.438601
2009-06-13,2009,0.388630
2009-06-14,2009,0.336365
2009-06-15,2009,0.306887
2009-06-16,2009,0.271202
2009-06-17,2009,0.231253
2009-06-18,2009,0.197900
2009-06-19,2009,0.167560
2009-06-20,2009,0.135614
2009-06-21,2009,0.099316
2009-06-22,2009,0.065349
2009-06-23,2009,0.037001
2009-06-24,2009,0.021230
2009-06-25,2009,0.009774
2009-06-26,2009,0.005293
2009-06-27,2009,0.002431
2009-06-28,2009,0.001240
2009-06-29,2009,0.000000
2009-06-30,2009,0.000000
2009-07-01,2009,0.000000
2009-07-02,2009,0.000000
2009-07-03,2009,0.000000
2009-07-04,2009,0.000000
2009-07-05,2009,0.000000
2009-07-06,2009,0.000000
2009-07-07,2009,0.000000
2009-07-08,2009,0.000000
2009-07-09,2009,0.000000
2009-07-10,2009,0.000000
2009-07-11,2009,0.000000
2009-07-12,2009,0.000000
2009-07-13,2009,0.000000
2009-07-14,2009,0.000000
2009-07-15,2009,0.000000
2009-07-16,2009,0.000000
2009-07-17,2009,0.000000
2009-07-18,2009,0.000000
2009-07-19,2009,0.000000
2009-07-20,2009,0.000000
2009-07-21,2009,0.000000
2009-07-22,2009,0.000000
2009-07-23,2009,0.000000
2009-07-24,2009,0.000000
2009-07-25,2009,0.000000
2009-07-26,2009,0.000000
2009-07-27,2009,0.000000
2009-07-28,2009,0.000000
2009-07-29,2009,0.000000
2009-07-30,2009,0.000000
2009-07-31,2009,0.000000
2009-08-01,2009,0.000000
2009-08-02,2009,0.000000
2009-08-03,2009,0.000000
2009-08-04,2009,0.000000
2009-08-05,2009,0.000000
2009-08-06,2009,0.000000
2009-08-07,2009,0.000000
2009-08-08,2009,0.000000
2009-08-09,2009,0.000000
2009-08-10,2009,0.000000
2009-08-11,2009,0.000000
2009-08-12,2009,0.000000
2009-08-13,2009,0.000000
2009-08-14,2009,0.000000
2009-08-15,2009,0.000000
2009-08-16,2009,0.000000
2009-08-17,2009,0.000000
2009-08-18,2009,0.000000
2009-08-19,2009,0.000000
2009-08-20,2009,0.000000
2009-08-21,2009,0.000000
2009-08-22,2009,0.000000
2009-08-23,2009,0.000000
2009-08-24,2009,0.000000
2009-08-25,2009,0.000000
2009-08-26,2009,0.000000
2009-08-27,2009,0.000000
2009-08-28,2009,0.000000
2009-08-29,2009,0.000000
2009-08-30,2009,0.000000
2009-08-31,2009,0.000000
2009-09-01,2009,0.000000
2009-09-02,2009,0.000000
2009-09-03,2009,0.000000
2009-09-04,2009,0.000000
2009-09-05,2009,0.000000
2009-09-06,2009,0.000000
2009-09-07,2009,0.000000
2009-09-08,2009,0.000000
2009-09-09,2009,0.000000
2009-09-10,2009,0.000000
2009-09-11,2009,0.000000
2009-09-12,2009,0.000000
2009-09-13,2009,0.081030
2009-09-14,2009,0.030395
2009-09-15,2009,0.011361
2009-09-16,2009,0.003402
2009-09-17,2009,0.000867
2009-09-18,2009,0.000000
2009-09-19,2009,0.000000
2009-09-20,2009,0.000000
2009-09-21,2009,0.111837
2009-09-22,2009,0.799500
2009-09-23,2009,0.827847
2009-09-24,2009,0.831069
2009-09-25,2009,0.694902
2009-09-26,2009,0.417861
2009-09-27,2009,0.186236
2009-09-28,2009,0.074366
2009-09-29,2009,0.028952
2009-09-30,2009,0.016841
2009-10-01,2010,0.304217
2009-10-02,2010,0.389786
2009-10-03,2010,0.359273
2009-10-04,2010,0.316257
2009-10-05,2010,0.552895
2009-10-06,2010,0.947348
2009-10-07,2010,0.883843
2009-10-08,2010,0.724574
2009-10-09,2010,1.170841
2009-10-10,2010,1.444189
2009-10-11,2010,1.383871
2009-10-12,2010,1.437501
2009-10-13,2010,1.252491
2009-10-14,2010,1.031942
2009-10-15,2010,1.027126
2009-10-16,2010,0.798617
2009-10-17,2010,0.626267
2009-10-18,2010,0.432512
2009-10-19,2010,0.265379
2009-10-20,2010,0.182359
2009-10-21,2010,1.046191
2009-10-22,2010,2.234091
2009-10-23,2010,2.114457
2009-10-24,2010,2.017974
2009-10-25,2010,2.111065
2009-10-26,2010,2.828100
2009-10-27,2010,2.707592
2009-10-28,2010,4.147168
2009-10-29,2010,6.669614
2009-10-30,2010,6.929471
2009-10-31,2010,6.892900
2009-11-01,2010,6.231434
2009-11-02,2010,5.462761
2009-11-03,2010,4.838589
2009-11-04,2010,4.142406
2009-11-05,2010,3.409180
2009-11-06,2010,2.716637
2009-11-07,2010,2.148569
2009-11-08,2010,1.732097
2009-11-09,2010,1.578761
2009-11-10,2010,1.411634
2009-11-11,2010,1.233796
2009-11-12,2010,1.052415
2009-11-13,2010,1.322016
2009-11-14,2010,2.768597
2009-11-15,2010,4.721420
2009-11-16,2010,4.899017
2009-11-17,2010,4.777717
2009-11-18,2010,4.581630
2009-11-19,2010,4.375035
2009-11-20,2010,4.254569
2009-11-21,2010,4.088638
2009-11-22,2010,4.059364
2009-11-23,2010,4.527252
2009-11-24,2010,4.537546
2009-11-25,2010,4.455546
2009-11-26,2010,4.315249
2009-11-27,2010,4.039216
2009-11-28,2010,3.817807
2009-11-29,2010,4.079857
2009-11-30,2010,4.031027
2009-12-01,2010,3.894113
2009-12-02,2010,4.046261
2009-12-03,2010,4.474336
2009-12-04,2010,4.519463
2009-12-05,2010,4.377597
2009-12-06,2010,4.783063
2009-12-07,2010,5.853089
2009-12-08,2010,10.548290
2009-12-09,2010,11.565477
2009-12-10,2010,11.000194
2009-12-11,2010,10.600739
2009-12-12,2010,10.548111
2009-12-13,2010,11.147593
2009-12-14,2010,13.134475
2009-12-15,2010,12.978232
2009-12-16,2010,12.744269
2009-12-17,2010,12.479564
2009-12-18,2010,12.313317
2009-12-19,2010,12.149826
2009-12-20,2010,11.981372
2009-12-21,2010,11.740474
2009-12-22,2010,11.500706
2009-12-23,2010,12.744763
2009-12-24,2010,13.517627
2009-12-25,2010,13.399212
2009-12-26,2010,13.820273
2009-12-27,2010,13.763180
2009-12-28,2010,13.624717
2009-12-29,2010,13.483598
2009-12-30,2010,14.038605
2009-12-31,2010,15.161279
2010-01-01,2010,14.807069
2010-01-02,2010,14.590606
2010-01-03,2010,14.732444
2010-01-04,2010,14.577752
2010-01-05,2010,14.367981
2010-01-06,2010,14.313006
2010-01-07,2010,14.670574
2010-01-08,2010,14.478688
2010-01-09,2010,14.309531
2010-01-10,2010,14.098654
2010-01-11,2010,13.862876
2010-01-12,2010,13.619128
2010-01-13,2010,13.339231
2010-01-14,2010,13.090448
2010-01-15,2010,12.873782
2010-01-16,2010,12.679288
2010-01-17,2010,12.418720
2010-01-18,2010,12.214094
2010-01-19,2010,12.775565
2010-01-20,2010,13.645686
2010-01-21,2010,14.370604
2010-01-22,2010,17.715263
2010-01-23,2010,18.901541
2010-01-24,2010,19.381225
2010-01-25,2010,19.438065
2010-01-26,2010,19.131033
2010-01-27,2010,18.983523
2010-01-28,2010,19.662780
2010-01-29,2010,19.812991
2010-01-30,2010,19.332142
2010-01-31,2010,18.916773
2010-02-01,2010,18.643497
2010-02-02,2010,18.451843
2010-02-03,2010,18.179141
2010-02-04,2010,18.808449
2010-02-05,2010,18.512876
2010-02-06,2010,18.280044
2010-02-07,2010,18.620874
2010-02-08,2010,19.990857
2010-02-09,2010,20.036534
2010-02-10,2010,19.768943
2010-02-11,2010,19.587849
2010-02-12,2010,19.543413
2010-02-13,2010,19.703467
2010-02-14,2010,20.238340
2010-02-15,2010,20.110786
2010-02-16,2010,20.138854
2010-02-17,2010,19.854500
2010-02-18,2010,19.675443
2010-02-19,2010,20.002729
2010-02-20,2010,21.536796
2010-02-21,2010,23.442681
2010-02-22,2010,25.047440
2010-02-23,2010,25.030408
2010-02-24,2010,24.633735
2010-02-25,2010,24.706366
2010-02-26,2010,24.849972
2010-02-27,2010,24.347343
2010-02-28,2010,23.829954
2010-03-01,2010,23.889277
2010-03-02,2010,23.399334
2010-03-03,2010,22.838891
2010-03-04,2010,22.180838
2010-03-05,2010,22.082223
2010-03-06,2010,22.207589
2010-03-07,2010,21.629990
2010-03-08,2010,22.374801
2010-03-09,2010,22.856710
2010-03-10,2010,22.883804
2010-03-11,2010,23.826569
2010-03-12,2010,23.494606
2010-03-13,2010,23.026252
2010-03-14,2010,22.800036
2010-03-15,2010,23.982074
2010-03-16,2010,23.365185
2010-03-17,2010,22.615589
2010-03-18,2010,21.690207
2010-03-19,2010,21.390094
2010-03-20,2010,24.261193
2010-03-21,2010,23.895011
2010-03-22,2010,23.374615
2010-03-23,2010,22.921098
2010-03-24,2010,24.676139
2010-03-25,2010,24.588556
2010-03-26,2010,24.176679
2010-03-27,2010,25.291262
2010-03-28,2010,24.997581
2010-03-29,2010,24.343650
2010-03-30,2010,23.338785
2010-03-31,2010,21.728962
2010-04-01,2010,21.439017
2010-04-02,2010,23.044517
2010-04-03,2010,23.087362
2010-04-04,2010,23.373578
2010-04-05,2010,22.945024
2010-04-06,2010,23.152232
2010-04-07,2010,24.362342
2010-04-08,2010,24.162348
2010-04-09,2010,23.554491
2010-04-10,2010,22.700518
2010-04-11,2010,21.666050
2010-04-12,2010,20.325647
2010-04-13,2010,18.913537
2010-04-14,2010,18.599124
2010-04-15,2010,17.805903
2010-04-16,2010,16.611289
2010-04-17,2010,16.235126
2010-04-18,2010,15.290014
2010-04-19,2010,14.118857
2010-04-20,2010,13.031688
2010-04-21,2010,11.983234
2010-04-22,2010,12.044483
2010-04-23,2010,12.669904
2010-04-24,2010,15.156084
2010-04-25,2010,14.685360
2010-04-26,2010,14.357452
2010-04-27,2010,13.908857
2010-04-28,2010,13.021913
2010-04-29,2010,13.196503
2010-04-30,2010,14.172780
2010-05-01,2010,14.767046
2010-05-02,2010,15.060915
2010-05-03,2010,15.602325
2010-05-04,2010,14.927138
2010-05-05,2010,14.163548
2010-05-06,2010,13.374680
2010-05-07,2010,13.268943
2010-05-08,2010,13.041616
2010-05-09,2010,12.569059
2010-05-10,2010,11.811601
2010-05-11,2010,11.495197
2010-05-12,2010,12.362018
2010-05-13,2010,12.653602
2010-05-14,2010,12.577424
2010-05-15,2010,12.548772
2010-05-16,2010,12.115506
2010-05-17,2010,11.339996
2010-05-18,2010,10.504846
2010-05-19,2010,9.924484
2010-05-20,2010,9.767217
2010-05-21,2010,9.068464
2010-05-22,2010,8.349258
2010-05-23,2010,7.824408
2010-05-24,2010,7.343064
2010-05-25,2010,7.538365
2010-05-26,2010,7.240143
2010-05-27,2010,6.748078
2010-05-28,2010,6.201050
2010-05-29,2010,5.556230
2010-05-30,2010,5.085231
2010-05-31,2010,4.898637
2010-06-01,2010,4.549589
2010-06-02,2010,4.247034
2010-06-03,2010,3.888722
2010-06-04,2010,3.451536
2010-06-05,2010,2.918429
2010-06-06,2010,2.440233
2010-06-07,2010,1.898126
2010-06-08,2010,1.484980
2010-06-09,2010,1.116046
2010-06-10,2010,0.778433
2010-06-11,2010,0.604979
2010-06-12,2010,0.530899
2010-06-13,2010,0.626710
2010-06-14,2010,0.599851
2010-06-15,2010,0.490150
2010-06-16,2010,0.352120
2010-06-17,2010,0.264015
2010-06-18,2010,0.215265
2010-06-19,2010,0.167044
2010-06-20,2010,0.124784
2010-06-21,2010,0.087807
2010-06-22,2010,0.061213
2010-06-23,2010,0.037973
2010-06-24,2010,0.020505
2010-06-25,2010,0.009267
2010-06-26,2010,0.004442
2010-06-27,2010,0.002470
2010-06-28,2010,0.000799
2010-06-29,2010,0.000000
2010-06-30,2010,0.000000
2010-07-01,2010,0.000000
2010-07-02,2010,0.000000
2010-07-03,2010,0.000000
2010-07-04,2010,0.000000
2010-07-05,2010,0.000000
2010-07-06,2010,0.000000
2010-07-07,2010,0.000000
2010-07-08,2010,0.000000
2010-07-09,2010,0.000000
2010-07-10,2010,0.000000
2010-07-11,2010,0.000000
2010-07-12,2010,0.000000
2010-07-13,2010,0.000000
2010-07-14,2010,0.000000
2010-07-15,2010,0.000000
2010-07-16,2010,0.000000
2010-07-17,2010,0.000000
2010-07-18,2010,0.000000
2010-07-19,2010,0.000000
2010-07-20,2010,0.000000
2010-07-21,2010,0.000000
2010-07-22,2010,0.000000
2010-07-23,2010,0.000000
2010-07-24,2010,0.000000
2010-07-25,2010,0.000000
2010-07-26,2010,0.000000
2010-07-27,2010,0.000000
2010-07-28,2010,0.000000
2010-07-29,2010,0.000000
2010-07-30,2010,0.000000
2010-07-31,2010,0.000000
2010-08-01,2010,0.000000
2010-08-02,2010,0.000000
2010-08-03,2010,0.000000
2010-08-04,2010,0.000000
2010-08-05,2010,0.000000
2010-08-06,2010,0.000000
2010-08-07,2010,0.000000
2010-08-08,2010,0.000000
2010-08-09,2010,0.000000
2010-08-10,2010,0.000000
2010-08-11,2010,0.000000
2010-08-12,2010,0.000000
2010-08-13,2010,0.000000
2010-08-14,2010,0.000000
2010-08-15,2010,0.000000
2010-08-16,2010,0.000000
2010-08-17,2010,0.000000
2010-08-18,2010,0.000000
2010-08-19,2010,0.000000
2010-08-20,2010,0.000000
2010-08-21,2010,0.000000
2010-08-22,2010,0.000000
2010-08-23,2010,0.000000
2010-08-24,2010,0.000000
2010-08-25,2010,0.000000
2010-08-26,2010,0.000000
2010-08-27,2010,0.000000
2010-08-28,2010,0.000000
2010-08-29,2010,0.000000
2010-08-30,2010,0.001359
2010-08-31,2010,0.000570
2010-09-01,2010,0.000183
2010-09-02,2010,0.000000
2010-09-03,2010,0.000000
2010-09-04,2010,0.000000
2010-09-05,2010,0.000000
2010-09-06,2010,0.000000
2010-09-07,2010,0.000000
2010-09-08,2010,0.000000
2010-09-09,2010,0.000408
2010-09-10,2010,0.000000
2010-09-11,2010,0.000000
2010-09-12,2010,0.000000
2010-09-13,2010,0.000000
2010-09-14,2010,0.000000
2010-09-15,2010,0.000000
2010-09-16,2010,0.000000
2010-09-17,2010,0.000000
2010-09-18,2010,0.000000
2010-09-19,2010,0.000000
2010-09-20,2010,0.000000
2010-09-21,2010,0.000000
2010-09-22,2010,0.000000
2010-09-23,2010,0.011213
2010-09-24,2010,0.013164
2010-09-25,2010,0.006189
2010-09-26,2010,0.002677
2010-09-27,2010,0.000163
2010-09-28,2010,0.000000
2010-09-29,2010,0.000000
2010-09-30,2010,0.000000
2010-10-01,2011,0.000000
2010-10-02,2011,0.000000
2010-10-03,2011,0.000000
2010-10-04,2011,0.000000
2010-10-05,2011,0.000000
2010-10-06,2011,0.000000
2010-10-07,2011,0.008311
2010-10-08,2011,0.098900
2010-10-09,2011,0.160164
2010-10-10,2011,0.223624
2010-10-11,2011,0.214036
2010-10-12,2011,0.181809
2010-10-13,2011,0.204957
2010-10-14,2011,0.145385
2010-10-15,2011,0.088518
2010-10-16,2011,0.053968
2010-10-17,2011,0.032869
2010-10-18,2011,0.020876
2010-10-19,2011,0.096567
2010-10-20,2011,0.073107
2010-10-21,2011,0.065922
2010-10-22,2011,0.295914
2010-10-23,2011,0.990887
2010-10-24,2011,1.246731
2010-10-25,2011,1.235430
2010-10-26,2011,2.715641
2010-10-27,2011,3.082587
2010-10-28,2011,3.037309
2010-10-29,2011,2.825117
2010-10-30,2011,2.320064
2010-10-31,2011,2.113644
2010-11-01,2011,2.129004
2010-11-02,2011,2.045422
2010-11-03,2011,1.704500
2010-11-04,2011,1.413700
2010-11-05,2011,1.241974
2010-11-06,2011,1.048855
2010-11-07,2011,0.833457
2010-11-08,2011,0.765788
2010-11-09,2011,1.074776
2010-11-10,2011,2.007078
2010-11-11,2011,2.276944
2010-11-12,2011,2.510713
2010-11-13,2011,2.480998
2010-11-14,2011,2.546477
2010-11-15,2011,3.285117
2010-11-16,2011,3.788544
2010-11-17,2011,4.721770
2010-11-18,2011,4.640909
2010-11-19,2011,4.396900
2010-11-20,2011,4.154265
2010-11-21,2011,4.285244
2010-11-22,2011,5.982044
2010-11-23,2011,6.165584
2010-11-24,2011,6.747648
2010-11-25,2011,7.226675
2010-11-26,2011,7.123424
2010-11-27,2011,7.006851
2010-11-28,2011,6.844407
2010-11-29,2011,7.833996
2010-11-30,2011,8.045488
2010-12-01,2011,7.919417
2010-12-02,2011,7.858993
2010-12-03,2011,7.586451
2010-12-04,2011,7.331348
2010-12-05,2011,7.109776
2010-12-06,2011,6.847150
2010-12-07,2011,7.283174
2010-12-08,2011,7.302361
2010-12-09,2011,7.114543
2010-12-10,2011,7.018280
2010-12-11,2011,7.510550
2010-12-12,2011,7.548880
2010-12-13,2011,7.414664
2010-12-14,2011,7.097422
2010-12-15,2011,6.933613
2010-12-16,2011,7.777234
2010-12-17,2011,8.789150
2010-12-18,2011,9.164719
2010-12-19,2011,10.317236
2010-12-20,2011,11.461552
2010-12-21,2011,13.579362
2010-12-22,2011,14.856131
2010-12-23,2011,14.472819
2010-12-24,2011,14.664192
2010-12-25,2011,14.265766
2010-12-26,2011,13.976944
2010-12-27,2011,13.967736
2010-12-28,2011,13.721771
2010-12-29,2011,13.545730
2010-12-30,2011,16.702644
2010-12-31,2011,19.306596
2011-01-01,2011,19.333386
2011-01-02,2011,19.081491
2011-01-03,2011,19.031604
2011-01-04,2011,18.731182
2011-01-05,2011,18.497444
2011-01-06,2011,18.212637
2011-01-07,2011,17.848024
2011-01-08,2011,17.462632
2011-01-09,2011,17.727569
2011-01-10,2011,19.036181
2011-01-11,2011,18.952325
2011-01-12,2011,18.667143
2011-01-13,2011,18.382363
2011-01-14,2011,18.319579
2011-01-15,2011,17.942491
2011-01-16,2011,17.566612
2011-01-17,2011,17.505623
2011-01-18,2011,17.860515
2011-01-19,2011,17.550070
2011-01-20,2011,18.623026
2011-01-21,2011,18.482346
2011-01-22,2011,18.556289
2011-01-23,2011,18.879949
2011-01-24,2011,18.835988
2011-01-25,2011,18.786844
2011-01-26,2011,18.937399
2011-01-27,2011,18.658504
2011-01-28,2011,18.299583
2011-01-29,2011,17.813859
2011-01-30,2011,17.389147
2011-01-31,2011,17.157597
2011-02-01,2011,18.664633
2011-02-02,2011,19.773806
2011-02-03,2011,19.637224
2011-02-04,2011,19.631526
2011-02-05,2011,19.661360
2011-02-06,2011,21.377532
2011-02-07,2011,21.625419
2011-02-08,2011,23.680801
2011-02-09,2011,25.171417
2011-02-10,2011,24.600219
2011-02-11,2011,24.115635
2011-02-12,2011,23.681963
2011-02-13,2011,23.140476
2011-02-14,2011,22.363729
2011-02-15,2011,21.600891
2011-02-16,2011,20.876980
2011-02-17,2011,20.584728
2011-02-18,2011,20.680973
2011-02-19,2011,20.559026
2011-02-20,2011,22.056017
2011-02-21,2011,22.273668
2011-02-22,2011,21.960951
2011-02-23,2011,21.597349
2011-02-24,2011,21.588649
2011-02-25,2011,21.792817
2011-02-26,2011,22.970981
2011-02-27,2011,22.934269
2011-02-28,2011,22.791040
2011-03-01,2011,22.286903
2011-03-02,2011,21.751889
2011-03-03,2011,21.184288
2011-03-04,2011,21.308878
2011-03-05,2011,21.484681
2011-03-06,2011,21.162252
2011-03-07,2011,21.951697
2011-03-08,2011,23.651927
2011-03-09,2011,23.629748
2011-03-10,2011,23.169698
2011-03-11,2011,22.474194
2011-03-12,2011,21.648616
2011-03-13,2011,21.604173
2011-03-14,2011,21.180246
2011-03-15,2011,20.525046
2011-03-16,2011,19.831583
2011-03-17,2011,19.036095
2011-03-18,2011,20.283530
2011-03-19,2011,19.610410
2011-03-20,2011,18.880566
2011-03-21,2011,18.306358
2011-03-22,2011,18.712349
2011-03-23,2011,18.981614
2011-03-24,2011,18.665606
2011-03-25,2011,18.652078
2011-03-26,2011,19.343029
2011-03-27,2011,19.797001
2011-03-28,2011,20.372930
2011-03-29,2011,20.653224
2011-03-30,2011,20.432935
2011-03-31,2011,20.338165
2011-04-01,2011,19.432940
2011-04-02,2011,18.481165
2011-04-03,2011,17.423669
2011-04-04,2011,18.822830
2011-04-05,2011,18.583401
2011-04-06,2011,17.994438
2011-04-07,2011,18.377263
2011-04-08,2011,18.198748
2011-04-09,2011,17.616414
2011-04-10,2011,18.301532
2011-04-11,2011,18.489926
2011-04-12,2011,18.066399
2011-04-13,2011,17.509115
2011-04-14,2011,17.985845
2011-04-15,2011,18.227262
2011-04-16,2011,17.936829
2011-04-17,2011,17.499846
2011-04-18,2011,16.902560
2011-04-19,2011,17.067376
2011-04-20,2011,16.954080
2011-04-21,2011,16.832491
2011-04-22,2011,16.479373
2011-04-23,2011,16.299974
2011-04-24,2011,17.528996
2011-04-25,2011,18.387139
2011-04-26,2011,18.674435
2011-04-27,2011,19.229312
2011-04-28,2011,18.975124
2011-04-29,2011,18.436157
2011-04-30,2011,18.848831
2011-05-01,2011,19.340220
2011-05-02,2011,19.989982
2011-05-03,2011,19.755529
2011-05-04,2011,19.312259
2011-05-05,2011,18.652640
2011-05-06,2011,18.002594
2011-05-07,2011,17.099991
2011-05-08,2011,16.042826
2011-05-09,2011,15.142582
2011-05-10,2011,14.737148
2011-05-11,2011,14.888465
2011-05-12,2011,16.114282
2011-05-13,2011,15.469007
2011-05-14,2011,14.505140
2011-05-15,2011,13.968815
2011-05-16,2011,13.110707
2011-05-17,2011,12.395261
2011-05-18,2011,12.136394
2011-05-19,2011,13.463309
2011-05-20,2011,14.384740
2011-05-21,2011,14.754070
2011-05-22,2011,14.119709
2011-05-23,2011,13.261045
2011-05-24,2011,12.610552
2011-05-25,2011,12.370529
2011-05-26,2011,11.902830
2011-05-27,2011,11.220859
2011-05-28,2011,10.826607
2011-05-29,2011,10.075463
2011-05-30,2011,9.206355
2011-05-31,2011,9.115377
2011-06-01,2011,8.652999
2011-06-02,2011,7.824098
2011-06-03,2011,7.138343
2011-06-04,2011,6.770970
2011-06-05,2011,6.155842
2011-06-06,2011,5.581051
2011-06-07,2011,4.927806
2011-06-08,2011,4.519188
2011-06-09,2011,4.064196
2011-06-10,2011,3.752544
2011-06-11,2011,3.443069
2011-06-12,2011,3.039678
2011-06-13,2011,2.716748
2011-06-14,2011,2.412486
2011-06-15,2011,2.181174
2011-06-16,2011,1.957052
2011-06-17,2011,1.685005
2011-06-18,2011,1.514067
2011-06-19,2011,1.322344
2011-06-20,2011,1.389979
2011-06-21,2011,1.253144
2011-06-22,2011,1.064049
2011-06-23,2011,0.854438
2011-06-24,2011,0.677322
2011-06-25,2011,0.517122
2011-06-26,2011,0.399864
2011-06-27,2011,0.327817
2011-06-28,2011,0.253829
2011-06-29,2011,0.191036
2011-06-30,2011,0.134053
2011-07-01,2011,0.082355
2011-07-02,2011,0.046688
2011-07-03,2011,0.022005
2011-07-04,2011,0.010253
2011-07-05,2011,0.004667
2011-07-06,2011,0.001747
2011-07-07,2011,0.000291
2011-07-08,2011,0.000000
2011-07-09,2011,0.000000
2011-07-10,2011,0.000000
2011-07-11,2011,0.000000
2011-07-12,2011,0.000000
2011-07-13,2011,0.000000
2011-07-14,2011,0.000000
2011-07-15,2011,0.000000
2011-07-16,2011,0.000000
2011-07-17,2011,0.000000
2011-07-18,2011,0.000000
2011-07-19,2011,0.000000
2011-07-20,2011,0.000000
2011-07-21,2011,0.000000
2011-07-22,2011,0.000000
2011-07-23,2011,0.000000
2011-07-24,2011,0.000000
2011-07-25,2011,0.000000
2011-07-26,2011,0.000000
2011-07-27,2011,0.000000
2011-07-28,2011,0.000000
2011-07-29,2011,0.000000
2011-07-30,2011,0.000000
2011-07-31,2011,0.000000
2011-08-01,2011,0.000000
2011-08-02,2011,0.000000
2011-08-03,2011,0.000000
2011-08-04,2011,0.000000
2011-08-05,2011,0.000000
2011-08-06,2011,0.000000
2011-08-07,2011,0.000000
2011-08-08,2011,0.000000
2011-08-09,2011,0.000000
2011-08-10,2011,0.000000
2011-08-11,2011,0.000000
2011-08-12,2011,0.000000
2011-08-13,2011,0.000000
2011-08-14,2011,0.000000
2011-08-15,2011,0.000000
2011-08-16,2011,0.000000
2011-08-17,2011,0.000000
2011-08-18,2011,0.000000
2011-08-19,2011,0.000000
2011-08-20,2011,0.000000
2011-08-21,2011,0.000000
2011-08-22,2011,0.000000
2011-08-23,2011,0.000000
2011-08-24,2011,0.000000
2011-08-25,2011,0.000000
2011-08-26,2011,0.000000
2011-08-27,2011,0.000000
2011-08-28,2011,0.000000
2011-08-29,2011,0.000000
2011-08-30,2011,0.000000
2011-08-31,2011,0.000000
2011-09-01,2011,0.000000
2011-09-02,2011,0.000000
2011-09-03,2011,0.000000
2011-09-04,2011,0.000000
2011-09-05,2011,0.000000
2011-09-06,2011,0.000000
2011-09-07,2011,0.001273
2011-09-08,2011,0.000714
2011-09-09,2011,0.002483
2011-09-10,2011,0.001079
2011-09-11,2011,0.000819
2011-09-12,2011,0.000000
2011-09-13,2011,0.000000
2011-09-14,2011,0.000000
2011-09-15,2011,0.035121
2011-09-16,2011,0.028123
2011-09-17,2011,0.021341
2011-09-18,2011,0.017592
2011-09-19,2011,0.009652
2011-09-20,2011,0.003134
2011-09-21,2011,0.001574
2011-09-22,2011,0.007275
2011-09-23,2011,0.002720
2011-09-24,2011,0.000696
2011-09-25,2011,0.000000
2011-09-26,2011,0.000000
2011-09-27,2011,0.000000
2011-09-28,2011,0.000000
2011-09-29,2011,0.000000
2011-09-30,2011,0.000000
2011-10-01,2012,0.000000
2011-10-02,2012,0.000000
2011-10-03,2012,0.000000
2011-10-04,2012,0.000000
2011-10-05,2012,0.072676
2011-10-06,2012,0.323259
2011-10-07,2012,1.220175
2011-10-08,2012,1.759165
2011-10-09,2012,2.447898
2011-10-10,2012,2.227135
2011-10-11,2012,1.886964
2011-10-12,2012,1.455816
2011-10-13,2012,1.089254
2011-10-14,2012,0.712205
2011-10-15,2012,0.424862
2011-10-16,2012,0.233162
2011-10-17,2012,0.158539
2011-10-18,2012,0.384941
2011-10-19,2012,0.359223
2011-10-20,2012,0.273934
2011-10-21,2012,0.215217
2011-10-22,2012,0.168927
2011-10-23,2012,0.133716
2011-10-24,2012,0.101667
2011-10-25,2012,0.074809
2011-10-26,2012,2.015622
2011-10-27,2012,3.767402
2011-10-28,2012,3.537133
2011-10-29,2012,3.382410
2011-10-30,2012,3.074070
2011-10-31,2012,2.663790
2011-11-01,2012,2.170461
2011-11-02,2012,4.238866
2011-11-03,2012,4.345689
2011-11-04,2012,4.086161
2011-11-05,2012,3.753901
2011-11-06,2012,5.238866
2011-11-07,2012,5.184545
2011-11-08,2012,5.883999
2011-11-09,2012,5.807715
2011-11-10,2012,5.702323
2011-11-11,2012,5.513196
2011-11-12,2012,5.236096
2011-11-13,2012,5.344498
2011-11-14,2012,6.234478
2011-11-15,2012,6.016516
2011-11-16,2012,5.941459
2011-11-17,2012,5.851586
2011-11-18,2012,5.666321
2011-11-19,2012,5.723452
2011-11-20,2012,6.562643
2011-11-21,2012,6.486458
2011-11-22,2012,6.508467
2011-11-23,2012,6.319939
2011-11-24,2012,5.996564
2011-11-25,2012,5.860072
2011-11-26,2012,6.107437
2011-11-27,2012,6.024984
2011-11-28,2012,5.875715
2011-11-29,2012,5.618857
2011-11-30,2012,5.446653
2011-12-01,2012,5.559556
2011-12-02,2012,6.076641
2011-12-03,2012,7.157229
2011-12-04,2012,8.355378
2011-12-05,2012,9.760325
2011-12-06,2012,9.708244
2011-12-07,2012,9.350615
2011-12-08,2012,9.100431
2011-12-09,2012,9.028607
2011-12-10,2012,8.920840
2011-12-11,2012,8.807693
2011-12-12,2012,8.679530
2011-12-13,2012,9.485459
2011-12-14,2012,10.446212
2011-12-15,2012,10.610319
2011-12-16,2012,10.481282
2011-12-17,2012,10.355805
2011-12-18,2012,10.145098
2011-12-19,2012,9.834227
2011-12-20,2012,10.622206
2011-12-21,2012,10.480864
2011-12-22,2012,12.000617
2011-12-23,2012,12.784699
2011-12-24,2012,12.534829
2011-12-25,2012,12.358756
2011-12-26,2012,12.165996
2011-12-27,2012,11.947602
2011-12-28,2012,11.735186
2011-12-29,2012,11.473662
2011-12-30,2012,11.007243
2011-12-31,2012,10.582631
2012-01-01,2012,10.539028
2012-01-02,2012,10.369897
2012-01-03,2012,10.102695
2012-01-04,2012,9.817824
2012-01-05,2012,9.564863
2012-01-06,2012,9.205028
2012-01-07,2012,8.999509
2012-01-08,2012,10.209304
2012-01-09,2012,10.173607
2012-01-10,2012,10.017028
2012-01-11,2012,9.987258
2012-01-12,2012,10.352210
2012-01-13,2012,10.249717
2012-01-14,2012,10.104221
2012-01-15,2012,9.887807
2012-01-16,2012,10.075810
2012-01-17,2012,11.888778
2012-01-18,2012,11.777819
2012-01-19,2012,11.656356
2012-01-20,2012,11.124843
2012-01-21,2012,10.867056
2012-01-22,2012,13.281710
2012-01-23,2012,13.255087
2012-01-24,2012,13.773892
2012-01-25,2012,13.778731
2012-01-26,2012,13.475823
2012-01-27,2012,14.092409
2012-01-28,2012,14.036576
2012-01-29,2012,13.826468
2012-01-30,2012,13.552108
2012-01-31,2012,13.252496
2012-02-01,2012,13.039491
2012-02-02,2012,12.959177
2012-02-03,2012,14.276012
2012-02-04,2012,14.665952
2012-02-05,2012,14.521961
2012-02-06,2012,14.982384
2012-02-07,2012,15.553557
2012-02-08,2012,15.336288
2012-02-09,2012,15.485991
2012-02-10,2012,15.367502
2012-02-11,2012,15.613877
2012-02-12,2012,15.275208
2012-02-13,2012,16.494609
2012-02-14,2012,16.735208
2012-02-15,2012,16.824854
2012-02-16,2012,16.605801
2012-02-17,2012,16.320780
2012-02-18,2012,16.083780
2012-02-19,2012,15.823035
2012-02-20,2012,17.631101
2012-02-21,2012,17.708703
2012-02-22,2012,17.827458
2012-02-23,2012,17.575556
2012-02-24,2012,17.808339
2012-02-25,2012,17.515495
2012-02-26,2012,17.080217
2012-02-27,2012,16.800307
2012-02-28,2012,18.047843
2012-02-29,2012,19.362263
2012-03-01,2012,19.272334
2012-03-02,2012,20.646185
2012-03-03,2012,21.147933
2012-03-04,2012,20.838091
2012-03-05,2012,20.179259
2012-03-06,2012,19.418737
2012-03-07,2012,18.503048
2012-03-08,2012,18.457735
2012-03-09,2012,18.142483
2012-03-10,2012,17.685190
2012-03-11,2012,17.204919
2012-03-12,2012,16.598793
2012-03-13,2012,15.850440
2012-03-14,2012,15.045856
2012-03-15,2012,14.262481
2012-03-16,2012,13.358498
2012-03-17,2012,12.381120
2012-03-18,2012,11.556785
2012-03-19,2012,12.429145
2012-03-20,2012,13.006458
2012-03-21,2012,12.863151
2012-03-22,2012,12.445135
2012-03-23,2012,11.725348
2012-03-24,2012,10.815757
2012-03-25,2012,9.989148
2012-03-26,2012,9.057944
2012-03-27,2012,8.587727
2012-03-28,2012,8.192737
2012-03-29,2012,7.699149
2012-03-30,2012,7.339827
2012-03-31,2012,6.839125
2012-04-01,2012,6.148992
2012-04-02,2012,5.826179
2012-04-03,2012,7.454422
2012-04-04,2012,7.947408
2012-04-05,2012,7.166700
2012-04-06,2012,6.360190
2012-04-07,2012,5.933333
2012-04-08,2012,5.726096
2012-04-09,2012,5.418921
2012-04-10,2012,4.989604
2012-04-11,2012,4.576036
2012-04-12,2012,4.147196
2012-04-13,2012,4.575722
2012-04-14,2012,4.697648
2012-04-15,2012,6.049798
2012-04-16,2012,6.706710
2012-04-17,2012,6.511596
2012-04-18,2012,6.028804
2012-04-19,2012,5.926363
2012-04-20,2012,5.823456
2012-04-21,2012,5.401343
2012-04-22,2012,4.918773
2012-04-23,2012,4.449526
2012-04-24,2012,3.965570
2012-04-25,2012,3.489009
2012-04-26,2012,3.128859
2012-04-27,2012,3.245376
2012-04-28,2012,3.159804
2012-04-29,2012,3.105643
2012-04-30,2012,3.004818
2012-05-01,2012,2.818447
2012-05-02,2012,2.632217
2012-05-03,2012,2.403054
2012-05-04,2012,2.123052
2012-05-05,2012,1.865525
2012-05-06,2012,1.655092
2012-05-07,2012,1.900023
2012-05-08,2012,2.570271
2012-05-09,2012,2.137597
2012-05-10,2012,1.684957
2012-05-11,2012,1.361118
2012-05-12,2012,1.500661
2012-05-13,2012,1.483342
2012-05-14,2012,1.391227
2012-05-15,2012,1.083154
2012-05-16,2012,0.861890
2012-05-17,2012,0.704838
2012-05-18,2012,0.587139
2012-05-19,2012,0.550201
2012-05-20,2012,0.534848
2012-05-21,2012,0.444534
2012-05-22,2012,0.356744
2012-05-23,2012,0.293034
2012-05-24,2012,0.425363
2012-05-25,2012,0.414072
2012-05-26,2012,0.257197
2012-05-27,2012,0.181493
2012-05-28,2012,0.179924
2012-05-29,2012,0.158348
2012-05-30,2012,0.127090
2012-05-31,2012,0.097354
2012-06-01,2012,0.066899
2012-06-02,2012,0.038602
2012-06-03,2012,0.022665
2012-06-04,2012,0.012835
2012-06-05,2012,0.007196
2012-06-06,2012,0.003131
2012-06-07,2012,0.001771
2012-06-08,2012,0.000606
2012-06-09,2012,0.000000
2012-06-10,2012,0.000000
2012-06-11,2012,0.000000
2012-06-12,2012,0.000000
2012-06-13,2012,0.000000
2012-06-14,2012,0.000000
2012-06-15,2012,0.000000
2012-06-16,2012,0.000000
2012-06-17,2012,0.000000
2012-06-18,2012,0.000000
2012-06-19,2012,0.000000
2012-06-20,2012,0.000000
2012-06-21,2012,0.000000
2012-06-22,2012,0.000000
2012-06-23,2012,0.000000
2012-06-24,2012,0.000000
2012-06-25,2012,0.000000
2012-06-26,2012,0.000000
2012-06-27,2012,0.000000
2012-06-28,2012,0.000000
2012-06-29,2012,0.000000
2012-06-30,2012,0.000000
2012-07-01,2012,0.000000
2012-07-02,2012,0.000000
2012-07-03,2012,0.000000
2012-07-04,2012,0.000000
2012-07-05,2012,0.000000
2012-07-06,2012,0.000000
2012-07-07,2012,0.000000
2012-07-08,2012,0.000000
2012-07-09,2012,0.000000
2012-07-10,2012,0.000000
2012-07-11,2012,0.000000
2012-07-12,2012,0.000000
2012-07-13,2012,0.000000
2012-07-14,2012,0.000000
2012-07-15,2012,0.000000
2012-07-16,2012,0.000000
2012-07-17,2012,0.000000
2012-07-18,2012,0.000000
2012-07-19,2012,0.000000
2012-07-20,2012,0.000000
2012-07-21,2012,0.000000
2012-07-22,2012,0.000000
2012-07-23,2012,0.000000
2012-07-24,2012,0.000000
2012-07-25,2012,0.000000
2012-07-26,2012,0.000000
2012-07-27,2012,0.000000
2012-07-28,2012,0.000000
2012-07-29,2012,0.000000
2012-07-30,2012,0.000000
2012-07-31,2012,0.000000
2012-08-01,2012,0.000000
2012-08-02,2012,0.000000
2012-08-03,2012,0.000000
2012-08-04,2012,0.000000
2012-08-05,2012,0.000000
2012-08-06,2012,0.000000
2012-08-07,2012,0.000000
2012-08-08,2012,0.000000
2012-08-09,2012,0.000000
2012-08-10,2012,0.000000
2012-08-11,2012,0.000000
2012-08-12,2012,0.000000
2012-08-13,2012,0.000000
2012-08-14,2012,0.000000
2012-08-15,2012,0.000000
2012-08-16,2012,0.000000
2012-08-17,2012,0.000000
2012-08-18,2012,0.000000
2012-08-19,2012,0.000000
2012-08-20,2012,0.000000
2012-08-21,2012,0.000000
2012-08-22,2012,0.000000
2012-08-23,2012,0.000000
2012-08-24,2012,0.000000
2012-08-25,2012,0.000000
2012-08-26,2012,0.000000
2012-08-27,2012,0.000000
2012-08-28,2012,0.000000
2012-08-29,2012,0.000000
2012-08-30,2012,0.000000
2012-08-31,2012,0.000000
2012-09-01,2012,0.000000
2012-09-02,2012,0.000000
2012-09-03,2012,0.000000
2012-09-04,2012,0.000000
2012-09-05,2012,0.000000
2012-09-06,2012,0.000000
2012-09-07,2012,0.000000
2012-09-08,2012,0.000000
2012-09-09,2012,0.000000
2012-09-10,2012,0.000000
2012-09-11,2012,0.000000
2012-09-12,2012,0.000000
2012-09-13,2012,0.000932
2012-09-14,2012,0.000164
2012-09-15,2012,0.000000
2012-09-16,2012,0.000000
2012-09-17,2012,0.000000
2012-09-18,2012,0.000000
2012-09-19,2012,0.000000
2012-09-20,2012,0.000000
2012-09-21,2012,0.000000
2012-09-22,2012,0.000000
2012-09-23,2012,0.000000
2012-09-24,2012,0.000356
2012-09-25,2012,0.006028
2012-09-26,2012,0.040503
2012-09-27,2012,0.074692
2012-09-28,2012,0.050838
2012-09-29,2012,0.028893
2012-09-30,2012,0.014878
2012-10-01,2013,0.009069
2012-10-02,2013,0.005037
2012-10-03,2013,0.001169
2012-10-04,2013,0.001234
2012-10-05,2013,0.055586
2012-10-06,2013,0.117182
2012-10-07,2013,0.184640
2012-10-08,2013,0.165463
2012-10-09,2013,0.117383
2012-10-10,2013,0.077491
2012-10-11,2013,0.041926
2012-10-12,2013,0.022058
2012-10-13,2013,0.435454
2012-10-14,2013,0.649436
2012-10-15,2013,0.450450
2012-10-16,2013,0.278736
2012-10-17,2013,0.273005
2012-10-18,2013,0.254465
2012-10-19,2013,0.232364
2012-10-20,2013,0.176736
2012-10-21,2013,0.124007
2012-10-22,2013,0.088510
2012-10-23,2013,0.065469
2012-10-24,2013,0.073295
2012-10-25,2013,1.151603
2012-10-26,2013,1.792140
2012-10-27,2013,1.716976
2012-10-28,2013,1.635196
2012-10-29,2013,1.387523
2012-10-30,2013,1.020070
2012-10-31,2013,0.739885
2012-11-01,2013,0.532620
2012-11-02,2013,0.397276
2012-11-03,2013,0.337806
2012-11-04,2013,0.289160
2012-11-05,2013,0.247722
2012-11-06,2013,0.194667
2012-11-07,2013,0.151777
2012-11-08,2013,0.118452
2012-11-09,2013,0.350480
2012-11-10,2013,1.570818
2012-11-11,2013,3.211775
2012-11-12,2013,3.295008
2012-11-13,2013,3.120708
2012-11-14,2013,2.995407
2012-11-15,2013,2.903573
2012-11-16,2013,2.780210
2012-11-17,2013,2.640247
2012-11-18,2013,2.505782
2012-11-19,2013,2.347263
2012-11-20,2013,2.178688
2012-11-21,2013,1.958675
2012-11-22,2013,1.763523
2012-11-23,2013,1.644161
2012-11-24,2013,1.534956
2012-11-25,2013,1.432064
2012-11-26,2013,1.370137
2012-11-27,2013,1.329687
2012-11-28,2013,1.279457
2012-11-29,2013,1.227757
2012-11-30,2013,1.159233
2012-12-01,2013,1.075060
2012-12-02,2013,0.992793
2012-12-03,2013,1.131802
2012-12-04,2013,1.178943
2012-12-05,2013,1.142444
2012-12-06,2013,1.098392
2012-12-07,2013,1.203491
2012-12-08,2013,1.333378
2012-12-09,2013,2.357150
2012-12-10,2013,3.028398
2012-12-11,2013,3.752874
2012-12-12,2013,3.425263
2012-12-13,2013,3.164330
2012-12-14,2013,3.151371
2012-12-15,2013,4.703043
2012-12-16,2013,5.664653
2012-12-17,2013,5.905354
2012-12-18,2013,6.394482
2012-12-19,2013,8.526784
2012-12-20,2013,9.462545
2012-12-21,2013,9.120476
2012-12-22,2013,8.888511
2012-12-23,2013,8.723722
2012-12-24,2013,8.738573
2012-12-25,2013,10.415846
2012-12-26,2013,10.258284
2012-12-27,2013,11.023734
2012-12-28,2013,11.399121
2012-12-29,2013,11.365250
2012-12-30,2013,11.207055
2012-12-31,2013,11.951377
2013-01-01,2013,12.568372
2013-01-02,2013,12.493587
2013-01-03,2013,12.357342
2013-01-04,2013,12.221440
2013-01-05,2013,12.058757
2013-01-06,2013,11.890386
2013-01-07,2013,11.668136
2013-01-08,2013,11.454220
2013-01-09,2013,11.242024
2013-01-10,2013,10.991352
2013-01-11,2013,11.657365
2013-01-12,2013,12.711508
2013-01-13,2013,12.864232
2013-01-14,2013,13.108944
2013-01-15,2013,13.133989
2013-01-16,2013,13.102685
2013-01-17,2013,12.860269
2013-01-18,2013,12.600330
2013-01-19,2013,12.334928
2013-01-20,2013,12.077615
2013-01-21,2013,11.845805
2013-01-22,2013,11.586278
2013-01-23,2013,11.274961
2013-01-24,2013,10.908134
2013-01-25,2013,10.576652
2013-01-26,2013,10.082932
2013-01-27,2013,12.041431
2013-01-28,2013,12.300552
2013-01-29,2013,14.417349
2013-01-30,2013,14.947094
2013-01-31,2013,15.856130
2013-02-01,2013,15.570737
2013-02-02,2013,15.333270
2013-02-03,2013,14.947793
2013-02-04,2013,14.609519
2013-02-05,2013,14.259839
2013-02-06,2013,13.841311
2013-02-07,2013,13.943406
2013-02-08,2013,13.663754
2013-02-09,2013,14.038926
2013-02-10,2013,15.773920
2013-02-11,2013,16.992792
2013-02-12,2013,17.284572
2013-02-13,2013,17.018940
2013-02-14,2013,16.783061
2013-02-15,2013,17.021318
2013-02-16,2013,16.819430
2013-02-17,2013,16.410881
2013-02-18,2013,16.419965
2013-02-19,2013,16.169120
2013-02-20,2013,15.841524
2013-02-21,2013,16.994841
2013-02-22,2013,17.420870
2013-02-23,2013,17.616850
2013-02-24,2013,18.672010
2013-02-25,2013,19.346659
2013-02-26,2013,19.092899
2013-02-27,2013,19.906857
2013-02-28,2013,19.571747
2013-03-01,2013,19.410589
2013-03-02,2013,19.000359
2013-03-03,2013,18.148554
2013-03-04,2013,18.115782
2013-03-05,2013,18.255294
2013-03-06,2013,17.803795
2013-03-07,2013,17.046508
2013-03-08,2013,16.202732
2013-03-09,2013,16.751604
2013-03-10,2013,18.776054
2013-03-11,2013,18.377342
2013-03-12,2013,18.125775
2013-03-13,2013,17.469112
2013-03-14,2013,16.441145
2013-03-15,2013,15.189281
2013-03-16,2013,13.876497
2013-03-17,2013,13.291650
2013-03-18,2013,13.455520
2013-03-19,2013,13.415752
2013-03-20,2013,13.129239
2013-03-21,2013,13.093285
2013-03-22,2013,13.521013
2013-03-23,2013,14.413607
2013-03-24,2013,15.783063
2013-03-25,2013,15.673339
2013-03-26,2013,15.430088
2013-03-27,2013,15.046363
2013-03-28,2013,14.288417
2013-03-29,2013,13.427076
2013-03-30,2013,12.585147
2013-03-31,2013,11.880764
2013-04-01,2013,11.153241
2013-04-02,2013,10.677876
2013-04-03,2013,10.991287
2013-04-04,2013,10.566068
2013-04-05,2013,9.904545
2013-04-06,2013,9.340656
2013-04-07,2013,9.081104
2013-04-08,2013,8.837037
2013-04-09,2013,9.629266
2013-04-10,2013,12.003675
2013-04-11,2013,11.965076
2013-04-12,2013,11.790099
2013-04-13,2013,11.331170
2013-04-14,2013,12.302209
2013-04-15,2013,12.945751
2013-04-16,2013,14.328582
2013-04-17,2013,14.903970
2013-04-18,2013,16.923402
2013-04-19,2013,16.634543
2013-04-20,2013,16.404800
2013-04-21,2013,16.292027
2013-04-22,2013,15.525106
2013-04-23,2013,15.965658
2013-04-24,2013,16.044068
2013-04-25,2013,15.556744
2013-04-26,2013,14.804042
2013-04-27,2013,13.980410
2013-04-28,2013,13.033448
2013-04-29,2013,11.951668
2013-04-30,2013,10.847194
2013-05-01,2013,10.880164
2013-05-02,2013,11.854583
2013-05-03,2013,11.642811
2013-05-04,2013,11.116624
2013-05-05,2013,10.504964
2013-05-06,2013,9.961441
2013-05-07,2013,9.774381
2013-05-08,2013,9.195088
2013-05-09,2013,9.783462
2013-05-10,2013,9.505923
2013-05-11,2013,8.963291
2013-05-12,2013,8.375068
2013-05-13,2013,7.769871
2013-05-14,2013,6.989330
2013-05-15,2013,6.277315
2013-05-16,2013,5.660757
2013-05-17,2013,5.139051
2013-05-18,2013,4.648793
2013-05-19,2013,4.332674
2013-05-20,2013,4.281995
2013-05-21,2013,4.292063
2013-05-22,2013,3.982040
2013-05-23,2013,3.553318
2013-05-24,2013,3.168899
2013-05-25,2013,2.798970
2013-05-26,2013,2.464239
2013-05-27,2013,2.151302
2013-05-28,2013,1.967389
2013-05-29,2013,1.870690
2013-05-30,2013,1.835450
2013-05-31,2013,1.809335
2013-06-01,2013,1.755939
2013-06-02,2013,1.641250
2013-06-03,2013,1.485122
2013-06-04,2013,1.299946
2013-06-05,2013,1.138089
2013-06-06,2013,0.966690
2013-06-07,2013,0.825058
2013-06-08,2013,0.688789
2013-06-09,2013,0.552507
2013-06-10,2013,0.433910
2013-06-11,2013,0.331468
2013-06-12,2013,0.292562
2013-06-13,2013,0.257415
2013-06-14,2013,0.203639
2013-06-15,2013,0.156252
2013-06-16,2013,0.123809
2013-06-17,2013,0.087869
2013-06-18,2013,0.059410
2013-06-19,2013,0.035900
2013-06-20,2013,0.021390
2013-06-21,2013,0.012301
2013-06-22,2013,0.007424
2013-06-23,2013,0.004017
2013-06-24,2013,0.002458
2013-06-25,2013,0.000793
2013-06-26,2013,0.000000
2013-06-27,2013,0.000000
2013-06-28,2013,0.000000
2013-06-29,2013,0.000000
2013-06-30,2013,0.000000
2013-07-01,2013,0.000000
2013-07-02,2013,0.000000
2013-07-03,2013,0.000000
2013-07-04,2013,0.000000
2013-07-05,2013,0.000000
2013-07-06,2013,0.000000
2013-07-07,2013,0.000000
2013-07-08,2013,0.000000
2013-07-09,2013,0.000000
2013-07-10,2013,0.000000
2013-07-11,2013,0.000000
2013-07-12,2013,0.000000
2013-07-13,2013,0.000000
2013-07-14,2013,0.000000
2013-07-15,2013,0.000000
2013-07-16,2013,0.000000
2013-07-17,2013,0.000000
2013-07-18,2013,0.000000
2013-07-19,2013,0.000000
2013-07-20,2013,0.000000
2013-07-21,2013,0.000000
2013-07-22,2013,0.000000
2013-07-23,2013,0.000000
2013-07-24,2013,0.000000
2013-07-25,2013,0.000000
2013-07-26,2013,0.000000
2013-07-27,2013,0.000000
2013-07-28,2013,0.000000
2013-07-29,2013,0.000000
2013-07-30,2013,0.000000
2013-07-31,2013,0.000000
2013-08-01,2013,0.000000
2013-08-02,2013,0.000000
2013-08-03,2013,0.000000
2013-08-04,2013,0.000000
2013-08-05,2013,0.000000
2013-08-06,2013,0.000000
2013-08-07,2013,0.000000
2013-08-08,2013,0.000000
2013-08-09,2013,0.000229
2013-08-10,2013,0.000000
2013-08-11,2013,0.000000
2013-08-12,2013,0.000000
2013-08-13,2013,0.000000
2013-08-14,2013,0.000000
2013-08-15,2013,0.000000
2013-08-16,2013,0.000000
2013-08-17,2013,0.000000
2013-08-18,2013,0.000000
2013-08-19,2013,0.000000
2013-08-20,2013,0.000000
2013-08-21,2013,0.000000
2013-08-22,2013,0.000000
2013-08-23,2013,0.000000
2013-08-24,2013,0.000000
2013-08-25,2013,0.000000
2013-08-26,2013,0.000000
2013-08-27,2013,0.000000
2013-08-28,2013,0.000000
2013-08-29,2013,0.000000
2013-08-30,2013,0.000000
2013-08-31,2013,0.000000
2013-09-01,2013,0.000000
2013-09-02,2013,0.000000
2013-09-03,2013,0.000000
2013-09-04,2013,0.000000
2013-09-05,2013,0.000000
2013-09-06,2013,0.000000
2013-09-07,2013,0.000000
2013-09-08,2013,0.000000
2013-09-09,2013,0.000000
2013-09-10,2013,0.000000
2013-09-11,2013,0.000000
2013-09-12,2013,0.000000
2013-09-13,2013,0.000000
2013-09-14,2013,0.000000
2013-09-15,2013,0.001055
2013-09-16,2013,0.000000
2013-09-17,2013,0.000000
2013-09-18,2013,0.000000
2013-09-19,2013,0.001889
2013-09-20,2013,0.000184
2013-09-21,2013,0.000000
2013-09-22,2013,0.000000
2013-09-23,2013,0.331981
2013-09-24,2013,0.274910
2013-09-25,2013,0.148683
2013-09-26,2013,0.068004
2013-09-27,2013,0.087168
2013-09-28,2013,0.548751
2013-09-29,2013,0.423516
2013-09-30,2013,0.257085
2013-10-01,2014,0.107854
2013-10-02,2014,0.044739
2013-10-03,2014,0.021067
2013-10-04,2014,1.609391
2013-10-05,2014,2.116846
2013-10-06,2014,1.961761
2013-10-07,2014,1.455665
2013-10-08,2014,0.826784
2013-10-09,2014,0.415991
2013-10-10,2014,0.293418
2013-10-11,2014,1.893441
2013-10-12,2014,1.955333
2013-10-13,2014,1.646759
2013-10-14,2014,1.770974
2013-10-15,2014,2.249298
2013-10-16,2014,2.803934
2013-10-17,2014,2.694029
2013-10-18,2014,3.045807
2013-10-19,2014,2.965287
2013-10-20,2014,2.677780
2013-10-21,2014,2.662089
2013-10-22,2014,2.443281
2013-10-23,2014,1.995867
2013-10-24,2014,1.566180
2013-10-25,2014,1.288965
2013-10-26,2014,1.183511
2013-10-27,2014,0.982289
2013-10-28,2014,0.856541
2013-10-29,2014,0.791061
2013-10-30,2014,2.305172
2013-10-31,2014,2.718306
2013-11-01,2014,3.076388
2013-11-02,2014,3.018321
2013-11-03,2014,2.678383
2013-11-04,2014,2.782226
2013-11-05,2014,3.969489
2013-11-06,2014,4.001663
2013-11-07,2014,3.960127
2013-11-08,2014,3.666716
2013-11-09,2014,3.322590
2013-11-10,2014,2.949818
2013-11-11,2014,2.627816
2013-11-12,2014,2.368409
2013-11-13,2014,2.138487
2013-11-14,2014,2.054824
2013-11-15,2014,1.984540
2013-11-16,2014,2.947977
2013-11-17,2014,4.428647
2013-11-18,2014,4.350577
2013-11-19,2014,4.175078
2013-11-20,2014,4.232872
2013-11-21,2014,4.962270
2013-11-22,2014,6.816503
2013-11-23,2014,8.850335
2013-11-24,2014,9.384096
2013-11-25,2014,10.506111
2013-11-26,2014,10.319617
2013-11-27,2014,10.137017
2013-11-28,2014,9.906318
2013-11-29,2014,9.645665
2013-11-30,2014,9.423304
2013-12-01,2014,9.216252
2013-12-02,2014,9.132444
2013-12-03,2014,8.937174
2013-12-04,2014,12.416065
2013-12-05,2014,14.461065
2013-12-06,2014,14.237657
2013-12-07,2014,14.087509
2013-12-08,2014,16.263924
2013-12-09,2014,16.084811
2013-12-10,2014,15.913411
2013-12-11,2014,15.760112
2013-12-12,2014,15.499075
2013-12-13,2014,15.176382
2013-12-14,2014,14.939420
2013-12-15,2014,14.706398
2013-12-16,2014,14.387120
2013-12-17,2014,14.013171
2013-12-18,2014,13.656074
2013-12-19,2014,13.324792
2013-12-20,2014,13.383019
2013-12-21,2014,13.760426
2013-12-22,2014,14.293103
2013-12-23,2014,14.607574
2013-12-24,2014,14.520037
2013-12-25,2014,14.657211
2013-12-26,2014,14.451184
2013-12-27,2014,14.223983
2013-12-28,2014,13.943897
2013-12-29,2014,14.402186
2013-12-30,2014,14.337460
2013-12-31,2014,14.175350
2014-01-01,2014,14.704313
2014-01-02,2014,14.682937
2014-01-03,2014,14.425476
2014-01-04,2014,14.622794
2014-01-05,2014,16.117137
2014-01-06,2014,16.284956
2014-01-07,2014,16.055694
2014-01-08,2014,15.974164
2014-01-09,2014,16.032187
2014-01-10,2014,16.835312
2014-01-11,2014,17.262267
2014-01-12,2014,16.855215
2014-01-13,2014,17.709099
2014-01-14,2014,17.624595
2014-01-15,2014,17.422756
2014-01-16,2014,17.011175
2014-01-17,2014,16.691769
2014-01-18,2014,16.384219
2014-01-19,2014,16.073717
2014-01-20,2014,15.742749
2014-01-21,2014,15.472979
2014-01-22,2014,15.213996
2014-01-23,2014,15.239973
2014-01-24,2014,15.200900
2014-01-25,2014,14.969852
2014-01-26,2014,14.658018
2014-01-27,2014,14.548840
2014-01-28,2014,15.445827
2014-01-29,2014,15.183416
2014-01-30,2014,16.259298
2014-01-31,2014,19.647494
2014-02-01,2014,21.277389
2014-02-02,2014,21.400725
2014-02-03,2014,21.177972
2014-02-04,2014,21.843349
2014-02-05,2014,22.821543
2014-02-06,2014,22.700452
2014-02-07,2014,23.150788
2014-02-08,2014,23.526605
2014-02-09,2014,24.237773
2014-02-10,2014,24.228131
2014-02-11,2014,24.292830
2014-02-12,2014,23.697752
2014-02-13,2014,23.292308
2014-02-14,2014,22.597529
2014-02-15,2014,21.771640
2014-02-16,2014,20.543687
2014-02-17,2014,19.829459
2014-02-18,2014,19.291818
2014-02-19,2014,18.756031
2014-02-20,2014,19.380818
2014-02-21,2014,19.368376
2014-02-22,2014,19.262866
2014-02-23,2014,19.378129
2014-02-24,2014,18.978505
2014-02-25,2014,18.488004
2014-02-26,2014,18.454957
2014-02-27,2014,18.003842
2014-02-28,2014,18.876358
2014-03-01,2014,19.061685
2014-03-02,2014,20.424086
2014-03-03,2014,20.535116
2014-03-04,2014,19.972237
2014-03-05,2014,20.723252
2014-03-06,2014,20.185322
2014-03-07,2014,19.863967
2014-03-08,2014,21.794741
2014-03-09,2014,21.408170
2014-03-10,2014,20.762052
2014-03-11,2014,20.188988
2014-03-12,2014,20.573819
2014-03-13,2014,20.270912
2014-03-14,2014,19.901101
2014-03-15,2014,19.626813
2014-03-16,2014,19.716300
2014-03-17,2014,19.351891
2014-03-18,2014,19.352419
2014-03-19,2014,19.712988
2014-03-20,2014,19.477309
2014-03-21,2014,19.113138
2014-03-22,2014,18.854653
2014-03-23,2014,19.357485
2014-03-24,2014,19.023780
2014-03-25,2014,18.686162
2014-03-26,2014,18.210760
2014-03-27,2014,19.278398
2014-03-28,2014,19.705383
2014-03-29,2014,19.492100
2014-03-30,2014,19.055365
2014-03-31,2014,19.248856
2014-04-01,2014,19.144714
2014-04-02,2014,19.244638
2014-04-03,2014,20.680214
2014-04-04,2014,21.305265
2014-04-05,2014,20.938914
2014-04-06,2014,20.979092
2014-04-07,2014,21.181888
2014-04-08,2014,20.790213
2014-04-09,2014,20.014756
2014-04-10,2014,19.072532
2014-04-11,2014,18.147499
2014-04-12,2014,17.215287
2014-04-13,2014,16.626562
2014-04-14,2014,18.547178
2014-04-15,2014,18.310503
2014-04-16,2014,17.917905
2014-04-17,2014,18.084426
2014-04-18,2014,17.428016
2014-04-19,2014,16.395042
2014-04-20,2014,15.520996
2014-04-21,2014,14.513007
2014-04-22,2014,13.528554
2014-04-23,2014,12.432630
2014-04-24,2014,12.050411
2014-04-25,2014,11.703410
2014-04-26,2014,11.154609
2014-04-27,2014,12.290776
2014-04-28,2014,12.471411
2014-04-29,2014,12.732604
2014-04-30,2014,12.958225
2014-05-01,2014,12.918176
2014-05-02,2014,12.711606
2014-05-03,2014,12.141163
2014-05-04,2014,11.353072
2014-05-05,2014,10.654854
2014-05-06,2014,9.984722
2014-05-07,2014,9.423792
2014-05-08,2014,9.424262
2014-05-09,2014,9.652715
2014-05-10,2014,9.561950
2014-05-11,2014,10.492920
2014-05-12,2014,13.156472
2014-05-13,2014,14.561458
2014-05-14,2014,14.337541
2014-05-15,2014,13.744314
2014-05-16,2014,12.714086
2014-05-17,2014,11.641223
2014-05-18,2014,10.646242
2014-05-19,2014,9.755154
2014-05-20,2014,9.095077
2014-05-21,2014,8.544065
2014-05-22,2014,8.055713
2014-05-23,2014,7.503664
2014-05-24,2014,7.090859
2014-05-25,2014,6.951676
2014-05-26,2014,6.540267
2014-05-27,2014,6.054803
2014-05-28,2014,5.434826
2014-05-29,2014,4.744349
2014-05-30,2014,4.125762
2014-05-31,2014,3.617206
2014-06-01,2014,3.122641
2014-06-02,2014,2.732940
2014-06-03,2014,2.377584
2014-06-04,2014,2.035718
2014-06-05,2014,1.792297
2014-06-06,2014,1.593595
2014-06-07,2014,1.384938
2014-06-08,2014,1.251218
2014-06-09,2014,1.237852
2014-06-10,2014,1.150723
2014-06-11,2014,0.997722
2014-06-12,2014,0.855198
2014-06-13,2014,0.751154
2014-06-14,2014,0.633874
2014-06-15,2014,0.590915
2014-06-16,2014,0.528275
2014-06-17,2014,0.456852
2014-06-18,2014,0.383285
2014-06-19,2014,0.343598
2014-06-20,2014,0.295925
2014-06-21,2014,0.246254
2014-06-22,2014,0.210422
2014-06-23,2014,0.170298
2014-06-24,2014,0.137689
2014-06-25,2014,0.096292
2014-06-26,2014,0.057357
2014-06-27,2014,0.032180
2014-06-28,2014,0.021975
2014-06-29,2014,0.013503
2014-06-30,2014,0.006842
2014-07-01,2014,0.002836
2014-07-02,2014,0.000944
2014-07-03,2014,0.000000
2014-07-04,2014,0.000000
2014-07-05,2014,0.000000
2014-07-06,2014,0.000000
2014-07-07,2014,0.000000
2014-07-08,2014,0.000000
2014-07-09,2014,0.000000
2014-07-10,2014,0.000000
2014-07-11,2014,0.000000
2014-07-12,2014,0.000000
2014-07-13,2014,0.000000
2014-07-14,2014,0.000000
2014-07-15,2014,0.000000
2014-07-16,2014,0.000000
2014-07-17,2014,0.000000
2014-07-18,2014,0.000000
2014-07-19,2014,0.000000
2014-07-20,2014,0.000000
2014-07-21,2014,0.000000
2014-07-22,2014,0.000000
2014-07-23,2014,0.000000
2014-07-24,2014,0.000000
2014-07-25,2014,0.000000
2014-07-26,2014,0.000000
2014-07-27,2014,0.000000
2014-07-28,2014,0.000000
2014-07-29,2014,0.000000
2014-07-30,2014,0.000000
2014-07-31,2014,0.000000
2014-08-01,2014,0.000000
2014-08-02,2014,0.000000
2014-08-03,2014,0.000000
2014-08-04,2014,0.000000
2014-08-05,2014,0.000000
2014-08-06,2014,0.000000
2014-08-07,2014,0.000000
2014-08-08,2014,0.000000
2014-08-09,2014,0.000000
2014-08-10,2014,0.000000
2014-08-11,2014,0.000000
2014-08-12,2014,0.000000
2014-08-13,2014,0.000000
2014-08-14,2014,0.000000
2014-08-15,2014,0.000000
2014-08-16,2014,0.000000
2014-08-17,2014,0.000000
2014-08-18,2014,0.000000
2014-08-19,2014,0.000000
2014-08-20,2014,0.000000
2014-08-21,2014,0.000000
2014-08-22,2014,0.000000
2014-08-23,2014,0.000000
2014-08-24,2014,0.000000
2014-08-25,2014,0.000000
2014-08-26,2014,0.000000
2014-08-27,2014,0.000000
2014-08-28,2014,0.000226
2014-08-29,2014,0.003456
2014-08-30,2014,0.000871
2014-08-31,2014,0.000000
2014-09-01,2014,0.000000
2014-09-02,2014,0.000000
2014-09-03,2014,0.000000
2014-09-04,2014,0.000000
2014-09-05,2014,0.000000
2014-09-06,2014,0.000000
2014-09-07,2014,0.000000
2014-09-08,2014,0.000000
2014-09-09,2014,0.000000
2014-09-10,2014,0.003741
2014-09-11,2014,0.001803
2014-09-12,2014,0.041652
2014-09-13,2014,0.028496
2014-09-14,2014,0.009119
2014-09-15,2014,0.000508
2014-09-16,2014,0.000000
2014-09-17,2014,0.000000
2014-09-18,2014,0.000000
2014-09-19,2014,0.000000
2014-09-20,2014,0.000000
2014-09-21,2014,0.000000
2014-09-22,2014,0.000000
2014-09-23,2014,0.000000
2014-09-24,2014,0.000000
2014-09-25,2014,0.000000
2014-09-26,2014,0.000000
2014-09-27,2014,0.000000
2014-09-28,2014,0.000000
2014-09-29,2014,0.004895
2014-09-30,2014,0.233846
2014-10-01,2015,0.233781
2014-10-02,2015,0.525057
2014-10-03,2015,0.464183
2014-10-04,2015,0.355719
2014-10-05,2015,0.220527
2014-10-06,2015,0.137650
2014-10-07,2015,0.072478
2014-10-08,2015,0.035481
2014-10-09,2015,0.034244
2014-10-10,2015,0.390650
2014-10-11,2015,0.331599
2014-10-12,2015,0.227486
2014-10-13,2015,0.966569
2014-10-14,2015,0.893509
2014-10-15,2015,0.576146
2014-10-16,2015,0.308068
2014-10-17,2015,0.171668
2014-10-18,2015,0.098879
2014-10-19,2015,0.058532
2014-10-20,2015,0.052719
2014-10-21,2015,0.028304
2014-10-22,2015,0.054642
2014-10-23,2015,0.043672
2014-10-24,2015,0.026619
2014-10-25,2015,0.015568
2014-10-26,2015,0.008152
2014-10-27,2015,0.204940
2014-10-28,2015,0.250412
2014-10-29,2015,0.236883
2014-10-30,2015,0.208540
2014-10-31,2015,0.163646
2014-11-01,2015,0.145929
2014-11-02,2015,0.232531
2014-11-03,2015,1.375128
2014-11-04,2015,1.623863
2014-11-05,2015,1.558856
2014-11-06,2015,1.357652
2014-11-07,2015,1.037501
2014-11-08,2015,0.861826
2014-11-09,2015,0.698163
2014-11-10,2015,0.554943
2014-11-11,2015,1.154484
2014-11-12,2015,1.453100
2014-11-13,2015,2.131699
2014-11-14,2015,2.806252
2014-11-15,2015,3.350342
2014-11-16,2015,5.003204
2014-11-17,2015,4.803642
2014-11-18,2015,4.635806
2014-11-19,2015,4.482768
2014-11-20,2015,4.364723
2014-11-21,2015,4.264721
2014-11-22,2015,4.135253
2014-11-23,2015,5.268546
2014-11-24,2015,6.079770
2014-11-25,2015,6.552357
2014-11-26,2015,7.230450
2014-11-27,2015,6.826528
2014-11-28,2015,6.375827
2014-11-29,2015,5.935493
2014-11-30,2015,5.601559
2014-12-01,2015,5.597061
2014-12-02,2015,5.460082
2014-12-03,2015,5.393985
2014-12-04,2015,5.263733
2014-12-05,2015,5.226397
2014-12-06,2015,4.998922
2014-12-07,2015,4.865192
2014-12-08,2015,4.688865
2014-12-09,2015,4.533102
2014-12-10,2015,4.385184
2014-12-11,2015,4.227090
2014-12-12,2015,4.061538
2014-12-13,2015,3.851946
2014-12-14,2015,5.542098
2014-12-15,2015,7.061218
2014-12-16,2015,7.042786
2014-12-17,2015,7.112637
2014-12-18,2015,7.548213
2014-12-19,2015,7.632986
2014-12-20,2015,7.551862
2014-12-21,2015,7.670326
2014-12-22,2015,9.946176
2014-12-23,2015,11.154432
2014-12-24,2015,11.007083
2014-12-25,2015,10.977943
2014-12-26,2015,12.933189
2014-12-27,2015,13.722720
2014-12-28,2015,13.462875
2014-12-29,2015,14.054722
2014-12-30,2015,15.127752
2014-12-31,2015,15.270746
2015-01-01,2015,15.310765
2015-01-02,2015,15.694179
2015-01-03,2015,15.393710
2015-01-04,2015,15.526424
2015-01-05,2015,15.295468
2015-01-06,2015,14.828450
2015-01-07,2015,13.987604
2015-01-08,2015,13.409069
2015-01-09,2015,12.896720
2015-01-10,2015,12.608180
2015-01-11,2015,12.493880
2015-01-12,2015,12.781775
2015-01-13,2015,13.691954
2015-01-14,2015,14.290832
2015-01-15,2015,14.055512
2015-01-16,2015,13.806436
2015-01-17,2015,13.605409
2015-01-18,2015,13.343750
2015-01-19,2015,13.017109
2015-01-20,2015,13.045356
2015-01-21,2015,12.937930
2015-01-22,2015,13.828573
2015-01-23,2015,13.622955
2015-01-24,2015,13.443271
2015-01-25,2015,13.209665
2015-01-26,2015,12.742981
2015-01-27,2015,11.989241
2015-01-28,2015,11.315859
2015-01-29,2015,11.002891
2015-01-30,2015,10.936683
2015-01-31,2015,12.423340
2015-02-01,2015,12.896957
2015-02-02,2015,12.854118
2015-02-03,2015,12.860817
2015-02-04,2015,12.717493
2015-02-05,2015,13.097459
2015-02-06,2015,12.473758
2015-02-07,2015,11.882812
2015-02-08,2015,11.284748
2015-02-09,2015,10.731102
2015-02-10,2015,10.353815
2015-02-11,2015,10.959945
2015-02-12,2015,10.885135
2015-02-13,2015,10.609574
2015-02-14,2015,10.164232
2015-02-15,2015,9.691514
2015-02-16,2015,10.580404
2015-02-17,2015,11.458598
2015-02-18,2015,11.298161
2015-02-19,2015,11.087604
2015-02-20,2015,10.728573
2015-02-21,2015,11.224112
2015-02-22,2015,12.793857
2015-02-23,2015,17.784221
2015-02-24,2015,18.360122
2015-02-25,2015,17.692389
2015-02-26,2015,18.447337
2015-02-27,2015,19.547520
2015-02-28,2015,19.816791
2015-03-01,2015,20.973871
2015-03-02,2015,21.896461
2015-03-03,2015,22.103864
2015-03-04,2015,22.767559
2015-03-05,2015,22.511860
2015-03-06,2015,22.078214
2015-03-07,2015,21.433935
2015-03-08,2015,20.614615
2015-03-09,2015,19.831508
2015-03-10,2015,19.045071
2015-03-11,2015,18.201015
2015-03-12,2015,17.274397
2015-03-13,2015,16.414329
2015-03-14,2015,15.672557
2015-03-15,2015,14.873684
2015-03-16,2015,13.775599
2015-03-17,2015,12.664696
2015-03-18,2015,11.647293
2015-03-19,2015,11.424517
2015-03-20,2015,11.764124
2015-03-21,2015,11.260687
2015-03-22,2015,10.706897
2015-03-23,2015,10.131369
2015-03-24,2015,10.121368
2015-03-25,2015,10.456678
2015-03-26,2015,10.838863
2015-03-27,2015,10.564402
2015-03-28,2015,9.988250
2015-03-29,2015,9.340642
2015-03-30,2015,8.829257
2015-03-31,2015,8.376546
2015-04-01,2015,7.906038
2015-04-02,2015,7.650600
2015-04-03,2015,8.122641
2015-04-04,2015,8.034716
2015-04-05,2015,7.839291
2015-04-06,2015,7.578223
2015-04-07,2015,7.293220
2015-04-08,2015,7.087724
2015-04-09,2015,7.306657
2015-04-10,2015,7.253680
2015-04-11,2015,7.055997
2015-04-12,2015,6.850292
2015-04-13,2015,6.713426
2015-04-14,2015,6.500668
2015-04-15,2015,6.277609
2015-04-16,2015,6.934591
2015-04-17,2015,9.577846
2015-04-18,2015,11.214059
2015-04-19,2015,12.080238
2015-04-20,2015,11.767621
2015-04-21,2015,11.232765
2015-04-22,2015,10.385665
2015-04-23,2015,9.649523
2015-04-24,2015,9.037615
2015-04-25,2015,8.758389
2015-04-26,2015,8.773793
2015-04-27,2015,9.921752
2015-04-28,2015,9.603513
2015-04-29,2015,8.927959
2015-04-30,2015,8.025207
2015-05-01,2015,7.299870
2015-05-02,2015,6.695574
2015-05-03,2015,6.146251
2015-05-04,2015,5.782684
2015-05-05,2015,5.482172
2015-05-06,2015,5.801891
2015-05-07,2015,5.535056
2015-05-08,2015,5.455631
2015-05-09,2015,5.716460
2015-05-10,2015,6.915298
2015-05-11,2015,7.154253
2015-05-12,2015,6.633515
2015-05-13,2015,6.158115
2015-05-14,2015,5.678220
2015-05-15,2015,5.335203
2015-05-16,2015,5.453691
2015-05-17,2015,5.922001
2015-05-18,2015,5.649103
2015-05-19,2015,6.648423
2015-05-20,2015,6.641302
2015-05-21,2015,6.081232
2015-05-22,2015,6.211364
2015-05-23,2015,5.978251
2015-05-24,2015,6.068069
2015-05-25,2015,6.208710
2015-05-26,2015,5.800202
2015-05-27,2015,5.378202
2015-05-28,2015,5.019124
2015-05-29,2015,4.720419
2015-05-30,2015,4.462160
2015-05-31,2015,4.107856
2015-06-01,2015,3.686556
2015-06-02,2015,3.219744
2015-06-03,2015,2.846680
2015-06-04,2015,2.502071
2015-06-05,2015,2.174541
2015-06-06,2015,1.910154
2015-06-07,2015,1.670196
2015-06-08,2015,1.466557
2015-06-09,2015,1.278641
2015-06-10,2015,1.060373
2015-06-11,2015,0.894202
2015-06-12,2015,0.753223
2015-06-13,2015,0.637338
2015-06-14,2015,0.587950
2015-06-15,2015,0.479491
2015-06-16,2015,0.404870
2015-06-17,2015,0.310040
2015-06-18,2015,0.239964
2015-06-19,2015,0.165349
2015-06-20,2015,0.095285
2015-06-21,2015,0.048197
2015-06-22,2015,0.024090
2015-06-23,2015,0.010922
2015-06-24,2015,0.004926
2015-06-25,2015,0.001498
2015-06-26,2015,0.000000
2015-06-27,2015,0.000000
2015-06-28,2015,0.000000
2015-06-29,2015,0.000000
2015-06-30,2015,0.000000
2015-07-01,2015,0.000000
2015-07-02,2015,0.000000
2015-07-03,2015,0.000000
2015-07-04,2015,0.000000
2015-07-05,2015,0.000000
2015-07-06,2015,0.000000
2015-07-07,2015,0.000000
2015-07-08,2015,0.000000
2015-07-09,2015,0.000000
2015-07-10,2015,0.000000
2015-07-11,2015,0.000000
2015-07-12,2015,0.000000
2015-07-13,2015,0.000000
2015-07-14,2015,0.000000
2015-07-15,2015,0.000000
2015-07-16,2015,0.000000
2015-07-17,2015,0.000000
2015-07-18,2015,0.000000
2015-07-19,2015,0.000000
2015-07-20,2015,0.000000
2015-07-21,2015,0.000000
2015-07-22,2015,0.000000
2015-07-23,2015,0.000000
2015-07-24,2015,0.000000
2015-07-25,2015,0.000000
2015-07-26,2015,0.000000
2015-07-27,2015,0.000000
2015-07-28,2015,0.000000
2015-07-29,2015,0.000000
2015-07-30,2015,0.000000
2015-07-31,2015,0.000000
2015-08-01,2015,0.000000
2015-08-02,2015,0.000000
2015-08-03,2015,0.000000
2015-08-04,2015,0.000000
2015-08-05,2015,0.000000
2015-08-06,2015,0.000000
2015-08-07,2015,0.000000
2015-08-08,2015,0.000000
2015-08-09,2015,0.000000
2015-08-10,2015,0.000000
2015-08-11,2015,0.000000
2015-08-12,2015,0.000000
2015-08-13,2015,0.000000
2015-08-14,2015,0.000000
2015-08-15,2015,0.000000
2015-08-16,2015,0.000000
2015-08-17,2015,0.000000
2015-08-18,2015,0.000000
2015-08-19,2015,0.003241
2015-08-20,2015,0.001434
2015-08-21,2015,0.000000
2015-08-22,2015,0.000000
2015-08-23,2015,0.000000
2015-08-24,2015,0.000000
2015-08-25,2015,0.000000
2015-08-26,2015,0.000000
2015-08-27,2015,0.000000
2015-08-28,2015,0.000000
2015-08-29,2015,0.000000
2015-08-30,2015,0.000000
2015-08-31,2015,0.000000
2015-09-01,2015,0.000000
2015-09-02,2015,0.000000
2015-09-03,2015,0.000000
2015-09-04,2015,0.000000
2015-09-05,2015,0.000000
2015-09-06,2015,0.000000
2015-09-07,2015,0.000000
2015-09-08,2015,0.000000
2015-09-09,2015,0.000000
2015-09-10,2015,0.000000
2015-09-11,2015,0.000000
2015-09-12,2015,0.000000
2015-09-13,2015,0.000000
2015-09-14,2015,0.000000
2015-09-15,2015,0.000000
2015-09-16,2015,0.000000
2015-09-17,2015,0.000000
2015-09-18,2015,0.003647
2015-09-19,2015,0.001801
2015-09-20,2015,0.000716
2015-09-21,2015,0.000000
2015-09-22,2015,0.000000
2015-09-23,2015,0.000000
2015-09-24,2015,0.000000
2015-09-25,2015,0.000000
2015-09-26,2015,0.000000
2015-09-27,2015,0.000000
2015-09-28,2015,0.000000
2015-09-29,2015,0.000000
2015-09-30,2015,0.000000
2015-10-01,2016,0.000000
2015-10-02,2016,0.000000
2015-10-03,2016,0.000000
2015-10-04,2016,0.007851
2015-10-05,2016,0.007538
2015-10-06,2016,0.014069
2015-10-07,2016,0.037779
2015-10-08,2016,0.024099
2015-10-09,2016,0.013318
2015-10-10,2016,0.004509
2015-10-11,2016,0.001332
2015-10-12,2016,0.000000
2015-10-13,2016,0.000000
2015-10-14,2016,0.000000
2015-10-15,2016,0.000000
2015-10-16,2016,0.000000
2015-10-17,2016,0.000000
2015-10-18,2016,0.008051
2015-10-19,2016,0.007678
2015-10-20,2016,0.030638
2015-10-21,2016,0.120621
2015-10-22,2016,0.506245
2015-10-23,2016,1.560898
2015-10-24,2016,1.346628
2015-10-25,2016,1.113711
2015-10-26,2016,0.882559
2015-10-27,2016,0.920670
2015-10-28,2016,1.118039
2015-10-29,2016,1.049907
2015-10-30,2016,1.153516
2015-10-31,2016,1.227039
2015-11-01,2016,1.055215
2015-11-02,2016,0.840634
2015-11-03,2016,0.628502
2015-11-04,2016,0.871763
2015-11-05,2016,2.923349
2015-11-06,2016,3.186109
2015-11-07,2016,3.247776
2015-11-08,2016,3.159542
2015-11-09,2016,2.975213
2015-11-10,2016,2.709779
2015-11-11,2016,4.817457
2015-11-12,2016,4.832543
2015-11-13,2016,4.719829
2015-11-14,2016,4.546660
2015-11-15,2016,4.311768
2015-11-16,2016,4.882777
2015-11-17,2016,7.954624
2015-11-18,2016,7.898704
2015-11-19,2016,7.942163
2015-11-20,2016,7.802163
2015-11-21,2016,8.039896
2015-11-22,2016,7.890688
2015-11-23,2016,7.654806
2015-11-24,2016,7.375580
2015-11-25,2016,7.065172
2015-11-26,2016,7.371904
2015-11-27,2016,9.213663
2015-11-28,2016,10.569540
2015-11-29,2016,10.865801
2015-11-30,2016,11.547759
2015-12-01,2016,11.521216
2015-12-02,2016,11.343653
2015-12-03,2016,11.145075
2015-12-04,2016,10.908937
2015-12-05,2016,10.772252
2015-12-06,2016,10.822708
2015-12-07,2016,10.569603
2015-12-08,2016,10.296783
2015-12-09,2016,9.861048
2015-12-10,2016,9.338380
2015-12-11,2016,9.126701
2015-12-12,2016,11.030455
2015-12-13,2016,12.980497
2015-12-14,2016,12.752687
2015-12-15,2016,15.101372
2015-12-16,2016,16.128480
2015-12-17,2016,16.490279
2015-12-18,2016,16.386306
2015-12-19,2016,16.029226
2015-12-20,2016,15.585143
2015-12-21,2016,16.066902
2015-12-22,2016,16.897884
2015-12-23,2016,19.244642
2015-12-24,2016,19.549520
2015-12-25,2016,20.355965
2015-12-26,2016,22.277068
2015-12-27,2016,22.216287
2015-12-28,2016,21.849787
2015-12-29,2016,21.474046
2015-12-30,2016,21.489558
2015-12-31,2016,21.768683
2016-01-01,2016,21.547520
2016-01-02,2016,21.255372
2016-01-03,2016,20.901305
2016-01-04,2016,20.433931
2016-01-05,2016,20.071658
2016-01-06,2016,19.717263
2016-01-07,2016,20.331762
2016-01-08,2016,20.873716
2016-01-09,2016,21.560564
2016-01-10,2016,21.383180
2016-01-11,2016,21.152718
2016-01-12,2016,20.871846
2016-01-13,2016,20.561971
2016-01-14,2016,20.200228
2016-01-15,2016,20.212860
2016-01-16,2016,21.057511
2016-01-17,2016,21.847581
2016-01-18,2016,21.731794
2016-01-19,2016,21.895207
2016-01-20,2016,21.857012
2016-01-21,2016,22.126648
2016-01-22,2016,21.741328
2016-01-23,2016,21.272591
2016-01-24,2016,20.779681
2016-01-25,2016,21.536851
2016-01-26,2016,21.618016
2016-01-27,2016,21.328100
2016-01-28,2016,20.951379
2016-01-29,2016,20.558896
2016-01-30,2016,20.200583
2016-01-31,2016,21.496067
2016-02-01,2016,23.960903
2016-02-02,2016,27.010731
2016-02-03,2016,27.551180
2016-02-04,2016,27.280419
2016-02-05,2016,27.573178
2016-02-06,2016,27.190787
2016-02-07,2016,26.660308
2016-02-08,2016,26.084280
2016-02-09,2016,25.466692
2016-02-10,2016,24.831398
2016-02-11,2016,24.163331
2016-02-12,2016,23.513285
2016-02-13,2016,22.733639
2016-02-14,2016,22.025670
2016-02-15,2016,21.978187
2016-02-16,2016,21.649278
2016-02-17,2016,20.883757
2016-02-18,2016,20.081693
2016-02-19,2016,19.336483
2016-02-20,2016,18.701874
2016-02-21,2016,18.123683
2016-02-22,2016,17.671017
2016-02-23,2016,19.045957
2016-02-24,2016,19.314524
2016-02-25,2016,19.084307
2016-02-26,2016,18.758145
2016-02-27,2016,18.262816
2016-02-28,2016,17.644061
2016-02-29,2016,17.096117
2016-03-01,2016,16.828324
2016-03-02,2016,16.403258
2016-03-03,2016,16.146691
2016-03-04,2016,15.666370
2016-03-05,2016,15.089762
2016-03-06,2016,14.497646
2016-03-07,2016,14.790863
2016-03-08,2016,15.460419
2016-03-09,2016,15.331604
2016-03-10,2016,15.252170
2016-03-11,2016,14.783747
2016-03-12,2016,14.069645
2016-03-13,2016,13.652259
2016-03-14,2016,13.275508
2016-03-15,2016,14.057404
2016-03-16,2016,15.118480
2016-03-17,2016,15.444304
2016-03-18,2016,16.124244
2016-03-19,2016,16.094341
2016-03-20,2016,15.873433
2016-03-21,2016,15.579644
2016-03-22,2016,14.965308
2016-03-23,2016,16.410595
2016-03-24,2016,17.719202
2016-03-25,2016,17.650798
2016-03-26,2016,18.309416
2016-03-27,2016,19.210917
2016-03-28,2016,18.793630
2016-03-29,2016,18.123528
2016-03-30,2016,18.668212
2016-03-31,2016,19.279402
2016-04-01,2016,19.750981
2016-04-02,2016,19.395616
2016-04-03,2016,18.788143
2016-04-04,2016,17.963300
2016-04-05,2016,17.002934
2016-04-06,2016,16.760431
2016-04-07,2016,16.208625
2016-04-08,2016,15.434543
2016-04-09,2016,14.647109
2016-04-10,2016,13.999860
2016-04-11,2016,13.559307
2016-04-12,2016,13.051279
2016-04-13,2016,12.412380
2016-04-14,2016,11.635419
2016-04-15,2016,11.216699
2016-04-16,2016,14.073350
2016-04-17,2016,17.226774
2016-04-18,2016,17.690695
2016-04-19,2016,18.425346
2016-04-20,2016,18.092245
2016-04-21,2016,16.996855
2016-04-22,2016,15.641650
2016-04-23,2016,14.137660
2016-04-24,2016,13.260815
2016-04-25,2016,12.993448
2016-04-26,2016,13.138391
2016-04-27,2016,13.844815
2016-04-28,2016,13.757880
2016-04-29,2016,15.264978
2016-04-30,2016,16.923663
2016-05-01,2016,17.127552
2016-05-02,2016,17.487984
2016-05-03,2016,16.618675
2016-05-04,2016,15.499574
2016-05-05,2016,14.094943
2016-05-06,2016,12.700219
2016-05-07,2016,11.533367
2016-05-08,2016,11.785261
2016-05-09,2016,12.588265
2016-05-10,2016,12.161121
2016-05-11,2016,11.761043
2016-05-12,2016,11.483044
2016-05-13,2016,11.073021
2016-05-14,2016,10.345761
2016-05-15,2016,9.613672
2016-05-16,2016,9.073621
2016-05-17,2016,9.150471
2016-05-18,2016,9.000946
2016-05-19,2016,8.723324
2016-05-20,2016,8.175203
2016-05-21,2016,7.524426
2016-05-22,2016,7.010609
2016-05-23,2016,6.836975
2016-05-24,2016,6.607175
2016-05-25,2016,6.265411
2016-05-26,2016,6.041200
2016-05-27,2016,6.069499
2016-05-28,2016,5.855880
2016-05-29,2016,5.538782
2016-05-30,2016,5.166264
2016-05-31,2016,4.903702
2016-06-01,2016,4.596150
2016-06-02,2016,4.215660
2016-06-03,2016,3.900684
2016-06-04,2016,3.494351
2016-06-05,2016,3.074349
2016-06-06,2016,2.629871
2016-06-07,2016,2.266380
2016-06-08,2016,1.907148
2016-06-09,2016,1.615125
2016-06-10,2016,1.266945
2016-06-11,2016,0.966850
2016-06-12,2016,0.748924
2016-06-13,2016,0.607652
2016-06-14,2016,0.499283
2016-06-15,2016,0.439600
2016-06-16,2016,0.364487
2016-06-17,2016,0.311237
2016-06-18,2016,0.234425
2016-06-19,2016,0.160287
2016-06-20,2016,0.093445
2016-06-21,2016,0.037292
2016-06-22,2016,0.015274
2016-06-23,2016,0.006659
2016-06-24,2016,0.002601
2016-06-25,2016,0.000000
2016-06-26,2016,0.000000
2016-06-27,2016,0.000000
2016-06-28,2016,0.000000
2016-06-29,2016,0.000000
2016-06-30,2016,0.000000
2016-07-01,2016,0.000000
2016-07-02,2016,0.000000
2016-07-03,2016,0.000000
2016-07-04,2016,0.000000
2016-07-05,2016,0.000000
2016-07-06,2016,0.000000
2016-07-07,2016,0.000000
2016-07-08,2016,0.000000
2016-07-09,2016,0.000000
2016-07-10,2016,0.000000
2016-07-11,2016,0.000000
2016-07-12,2016,0.000000
2016-07-13,2016,0.000000
2016-07-14,2016,0.000000
2016-07-15,2016,0.000000
2016-07-16,2016,0.000000
2016-07-17,2016,0.000000
2016-07-18,2016,0.000000
2016-07-19,2016,0.000000
2016-07-20,2016,0.000000
2016-07-21,2016,0.000000
2016-07-22,2016,0.000000
2016-07-23,2016,0.000000
2016-07-24,2016,0.000000
2016-07-25,2016,0.000000
2016-07-26,2016,0.000000
2016-07-27,2016,0.000000
2016-07-28,2016,0.000000
2016-07-29,2016,0.000000
2016-07-30,2016,0.000000
2016-07-31,2016,0.000000
2016-08-01,2016,0.000000
2016-08-02,2016,0.000000
2016-08-03,2016,0.000000
2016-08-04,2016,0.000000
2016-08-05,2016,0.000000
2016-08-06,2016,0.000000
2016-08-07,2016,0.000000
2016-08-08,2016,0.000000
2016-08-09,2016,0.000000
2016-08-10,2016,0.000000
2016-08-11,2016,0.000000
2016-08-12,2016,0.000000
2016-08-13,2016,0.000000
2016-08-14,2016,0.000000
2016-08-15,2016,0.000000
2016-08-16,2016,0.000000
2016-08-17,2016,0.000000
2016-08-18,2016,0.000000
2016-08-19,2016,0.000000
2016-08-20,2016,0.000000
2016-08-21,2016,0.000000
2016-08-22,2016,0.000572
2016-08-23,2016,0.024043
2016-08-24,2016,0.052524
2016-08-25,2016,0.032166
2016-08-26,2016,0.057877
2016-08-27,2016,0.026609
2016-08-28,2016,0.010742
2016-08-29,2016,0.006671
2016-08-30,2016,0.001777
2016-08-31,2016,0.000361
2016-09-01,2016,0.000000
2016-09-02,2016,0.000000
2016-09-03,2016,0.000000
2016-09-04,2016,0.000000
2016-09-05,2016,0.000000
2016-09-06,2016,0.000000
2016-09-07,2016,0.000000
2016-09-08,2016,0.000000
2016-09-09,2016,0.000000
2016-09-10,2016,0.000000
2016-09-11,2016,0.000000
2016-09-12,2016,0.000000
2016-09-13,2016,0.003531
2016-09-14,2016,0.001619
2016-09-15,2016,0.002749
2016-09-16,2016,0.001737
2016-09-17,2016,0.000498
2016-09-18,2016,0.000000
2016-09-19,2016,0.000000
2016-09-20,2016,0.000000
2016-09-21,2016,0.002169
2016-09-22,2016,0.001981
2016-09-23,2016,0.010287
2016-09-24,2016,0.335584
2016-09-25,2016,0.381133
2016-09-26,2016,0.219126
2016-09-27,2016,0.095289
2016-09-28,2016,0.030914
2016-09-29,2016,0.009317
2016-09-30,2016,0.002881
2016-10-01,2017,0.000159
2016-10-02,2017,0.000000
2016-10-03,2017,0.053831
2016-10-04,2017,0.097903
2016-10-05,2017,0.116098
2016-10-06,2017,0.588976
2016-10-07,2017,0.659872
2016-10-08,2017,0.556450
2016-10-09,2017,0.362558
2016-10-10,2017,0.222643
2016-10-11,2017,0.150644
2016-10-12,2017,0.183369
2016-10-13,2017,0.128795
2016-10-14,2017,0.085772
2016-10-15,2017,0.048461
2016-10-16,2017,0.024619
2016-10-17,2017,0.014050
2016-10-18,2017,0.136244
2016-10-19,2017,0.275533
2016-10-20,2017,0.279195
2016-10-21,2017,0.255193
2016-10-22,2017,0.188665
2016-10-23,2017,0.112559
2016-10-24,2017,0.061899
2016-10-25,2017,0.050864
2016-10-26,2017,0.041106
2016-10-27,2017,0.025301
2016-10-28,2017,0.012837
2016-10-29,2017,0.007957
2016-10-30,2017,0.002894
2016-10-31,2017,0.001653
2016-11-01,2017,0.065479
2016-11-02,2017,0.189789
2016-11-03,2017,0.155940
2016-11-04,2017,0.121430
2016-11-05,2017,0.192812
2016-11-06,2017,0.206958
2016-11-07,2017,0.171911
2016-11-08,2017,0.141311
2016-11-09,2017,0.112514
2016-11-10,2017,0.083930
2016-11-11,2017,0.064346
2016-11-12,2017,0.052758
2016-11-13,2017,0.045840
2016-11-14,2017,0.044419
2016-11-15,2017,0.036010
2016-11-16,2017,0.026925
2016-11-17,2017,0.040371
2016-11-18,2017,1.440446
2016-11-19,2017,1.349802
2016-11-20,2017,1.239676
2016-11-21,2017,1.239965
2016-11-22,2017,2.753302
2016-11-23,2017,2.987596
2016-11-24,2017,3.449100
2016-11-25,2017,3.328394
2016-11-26,2017,3.238179
2016-11-27,2017,4.067198
2016-11-28,2017,5.434480
2016-11-29,2017,6.252413
2016-11-30,2017,6.216315
2016-12-01,2017,6.154660
2016-12-02,2017,6.185871
2016-12-03,2017,6.568448
2016-12-04,2017,6.502670
2016-12-05,2017,6.400805
2016-12-06,2017,6.550889
2016-12-07,2017,7.888456
2016-12-08,2017,7.792543
2016-12-09,2017,7.977463
2016-12-10,2017,7.776143
2016-12-11,2017,8.875687
2016-12-12,2017,9.421118
2016-12-13,2017,9.326144
2016-12-14,2017,9.262952
2016-12-15,2017,9.659625
2016-12-16,2017,10.037614
2016-12-17,2017,14.832957
2016-12-18,2017,15.522478
2016-12-19,2017,15.196069
2016-12-20,2017,14.816838
2016-12-21,2017,14.393542
2016-12-22,2017,14.390466
2016-12-23,2017,16.911033
2016-12-24,2017,16.387800
2016-12-25,2017,17.466082
2016-12-26,2017,18.139523
2016-12-27,2017,17.878896
2016-12-28,2017,17.584881
2016-12-29,2017,17.361320
2016-12-30,2017,17.040167
2016-12-31,2017,16.736289
2017-01-01,2017,16.684109
2017-01-02,2017,16.763622
2017-01-03,2017,17.830642
2017-01-04,2017,18.141985
2017-01-05,2017,21.716646
2017-01-06,2017,25.114063
2017-01-07,2017,24.425080
2017-01-08,2017,23.815774
2017-01-09,2017,23.550893
2017-01-10,2017,25.009349
2017-01-11,2017,24.817667
2017-01-12,2017,25.151733
2017-01-13,2017,25.542306
2017-01-14,2017,25.293073
2017-01-15,2017,25.113176
2017-01-16,2017,25.625308
2017-01-17,2017,25.831115
2017-01-18,2017,25.259565
2017-01-19,2017,24.822521
2017-01-20,2017,25.682485
2017-01-21,2017,26.231338
2017-01-22,2017,27.094966
2017-01-23,2017,27.445961
2017-01-24,2017,28.866663
2017-01-25,2017,29.342786
2017-01-26,2017,29.323037
2017-01-27,2017,29.128733
2017-01-28,2017,28.818657
2017-01-29,2017,28.436199
2017-01-30,2017,27.933817
2017-01-31,2017,27.356037
2017-02-01,2017,26.718362
2017-02-02,2017,26.118415
2017-02-03,2017,26.115369
2017-02-04,2017,25.725177
2017-02-05,2017,25.267815
2017-02-06,2017,24.655810
2017-02-07,2017,24.469221
2017-02-08,2017,24.884971
2017-02-09,2017,24.166883
2017-02-10,2017,22.981135
2017-02-11,2017,21.826312
2017-02-12,2017,22.671121
2017-02-13,2017,22.862149
2017-02-14,2017,22.931539
2017-02-15,2017,22.592893
2017-02-16,2017,22.229330
2017-02-17,2017,21.833397
2017-02-18,2017,21.515103
2017-02-19,2017,20.834870
2017-02-20,2017,21.364448
2017-02-21,2017,20.900358
2017-02-22,2017,20.287230
2017-02-23,2017,21.024586
2017-02-24,2017,22.473677
2017-02-25,2017,23.004598
2017-02-26,2017,23.237439
2017-02-27,2017,23.217197
2017-02-28,2017,26.020036
2017-03-01,2017,26.874698
2017-03-02,2017,26.551620
2017-03-03,2017,26.225428
2017-03-04,2017,25.785709
2017-03-05,2017,25.140657
2017-03-06,2017,25.168236
2017-03-07,2017,25.580923
2017-03-08,2017,25.349522
2017-03-09,2017,24.764584
2017-03-10,2017,23.985489
2017-03-11,2017,23.079768
2017-03-12,2017,22.240089
2017-03-13,2017,21.679870
2017-03-14,2017,21.041841
2017-03-15,2017,20.086012
2017-03-16,2017,19.015794
2017-03-17,2017,17.963493
2017-03-18,2017,16.913372
2017-03-19,2017,15.768302
2017-03-20,2017,14.863518
2017-03-21,2017,14.012728
2017-03-22,2017,13.233351
2017-03-23,2017,12.550570
2017-03-24,2017,13.714835
2017-03-25,2017,13.613666
2017-03-26,2017,13.564697
2017-03-27,2017,13.276028
2017-03-28,2017,13.464928
2017-03-29,2017,14.760219
2017-03-30,2017,14.359846
2017-03-31,2017,13.876645
2017-04-01,2017,15.090033
2017-04-02,2017,15.244765
2017-04-03,2017,15.148788
2017-04-04,2017,16.335505
2017-04-05,2017,18.013981
2017-04-06,2017,17.676055
2017-04-07,2017,16.908538
2017-04-08,2017,15.623569
2017-04-09,2017,14.917826
2017-04-10,2017,14.959382
2017-04-11,2017,14.728084
2017-04-12,2017,14.361610
2017-04-13,2017,13.702439
2017-04-14,2017,13.039317
2017-04-15,2017,12.492168
2017-04-16,2017,12.101388
2017-04-17,2017,11.655936
2017-04-18,2017,11.144320
2017-04-19,2017,10.506899
2017-04-20,2017,10.210724
2017-04-21,2017,10.774217
2017-04-22,2017,10.897515
2017-04-23,2017,10.645631
2017-04-24,2017,10.120341
2017-04-25,2017,10.541456
2017-04-26,2017,10.988104
2017-04-27,2017,11.525097
2017-04-28,2017,12.163543
2017-04-29,2017,13.919564
2017-04-30,2017,14.444360
2017-05-01,2017,14.059334
2017-05-02,2017,13.272302
2017-05-03,2017,13.006043
2017-05-04,2017,12.597218
2017-05-05,2017,11.839888
2017-05-06,2017,11.031066
2017-05-07,2017,10.295797
2017-05-08,2017,9.679083
2017-05-09,2017,9.068126
2017-05-10,2017,8.558002
2017-05-11,2017,8.530324
2017-05-12,2017,7.898215
2017-05-13,2017,7.266194
2017-05-14,2017,6.788509
2017-05-15,2017,6.417362
2017-05-16,2017,6.118144
2017-05-17,2017,5.923362
2017-05-18,2017,8.317789
2017-05-19,2017,10.653248
2017-05-20,2017,10.928387
2017-05-21,2017,10.118297
2017-05-22,2017,9.288963
2017-05-23,2017,8.754869
2017-05-24,2017,8.234159
2017-05-25,2017,7.334885
2017-05-26,2017,6.870131
2017-05-27,2017,6.516967
2017-05-28,2017,6.292880
2017-05-29,2017,6.006022
2017-05-30,2017,5.771089
2017-05-31,2017,5.365478
2017-06-01,2017,4.893241
2017-06-02,2017,4.431304
2017-06-03,2017,3.941696
2017-06-04,2017,3.458001
2017-06-05,2017,2.923018
2017-06-06,2017,2.481306
2017-06-07,2017,2.031134
2017-06-08,2017,1.653506
2017-06-09,2017,1.340157
2017-06-10,2017,1.114583
2017-06-11,2017,0.951326
2017-06-12,2017,0.811465
2017-06-13,2017,0.697406
2017-06-14,2017,0.693710
2017-06-15,2017,0.642674
2017-06-16,2017,0.544820
2017-06-17,2017,0.447630
2017-06-18,2017,0.357478
2017-06-19,2017,0.256237
2017-06-20,2017,0.169472
2017-06-21,2017,0.098998
2017-06-22,2017,0.054967
2017-06-23,2017,0.026010
2017-06-24,2017,0.013275
2017-06-25,2017,0.007281
2017-06-26,2017,0.003519
2017-06-27,2017,0.001241
2017-06-28,2017,0.000000
2017-06-29,2017,0.000000
2017-06-30,2017,0.000000
2017-07-01,2017,0.000000
2017-07-02,2017,0.000000
2017-07-03,2017,0.000000
2017-07-04,2017,0.000000
2017-07-05,2017,0.000000
2017-07-06,2017,0.000000
2017-07-07,2017,0.000000
2017-07-08,2017,0.000000
2017-07-09,2017,0.000000
2017-07-10,2017,0.000000
2017-07-11,2017,0.000000
2017-07-12,2017,0.000000
2017-07-13,2017,0.000000
2017-07-14,2017,0.000000
2017-07-15,2017,0.000000
2017-07-16,2017,0.000000
2017-07-17,2017,0.000000
2017-07-18,2017,0.000000
2017-07-19,2017,0.000000
2017-07-20,2017,0.000000
2017-07-21,2017,0.000000
2017-07-22,2017,0.000000
2017-07-23,2017,0.000000
2017-07-24,2017,0.000000
2017-07-25,2017,0.000000
2017-07-26,2017,0.000000
2017-07-27,2017,0.000000
2017-07-28,2017,0.000000
2017-07-29,2017,0.000000
2017-07-30,2017,0.000000
2017-07-31,2017,0.000000
2017-08-01,2017,0.000000
2017-08-02,2017,0.000000
2017-08-03,2017,0.000000
2017-08-04,2017,0.000000
2017-08-05,2017,0.000000
2017-08-06,2017,0.000000
2017-08-07,2017,0.000000
2017-08-08,2017,0.000000
2017-08-09,2017,0.000000
2017-08-10,2017,0.000000
2017-08-11,2017,0.000000
2017-08-12,2017,0.000000
2017-08-13,2017,0.000000
2017-08-14,2017,0.000000
2017-08-15,2017,0.000000
2017-08-16,2017,0.000000
2017-08-17,2017,0.000000
2017-08-18,2017,0.000000
2017-08-19,2017,0.000000
2017-08-20,2017,0.000000
2017-08-21,2017,0.000000
2017-08-22,2017,0.000000
2017-08-23,2017,0.000000
2017-08-24,2017,0.000000
2017-08-25,2017,0.000000
2017-08-26,2017,0.000000
2017-08-27,2017,0.000000
2017-08-28,2017,0.000000
2017-08-29,2017,0.000000
2017-08-30,2017,0.000000
2017-08-31,2017,0.000000
2017-09-01,2017,0.000000
2017-09-02,2017,0.000000
2017-09-03,2017,0.000000
2017-09-04,2017,0.000000
2017-09-05,2017,0.000000
2017-09-06,2017,0.000000
2017-09-07,2017,0.000000
2017-09-08,2017,0.000000
2017-09-09,2017,0.000000
2017-09-10,2017,0.000000
2017-09-11,2017,0.000000
2017-09-12,2017,0.000000
2017-09-13,2017,0.000000
2017-09-14,2017,0.000000
2017-09-15,2017,0.002223
2017-09-16,2017,0.018034
2017-09-17,2017,0.015170
2017-09-18,2017,0.010373
2017-09-19,2017,0.002418
2017-09-20,2017,0.041263
2017-09-21,2017,0.012054
2017-09-22,2017,0.002476
2017-09-23,2017,0.056804
2017-09-24,2017,0.312794
2017-09-25,2017,0.304667
2017-09-26,2017,0.311027
2017-09-27,2017,0.222500
2017-09-28,2017,0.657313
2017-09-29,2017,0.445529
2017-09-30,2017,0.258751
2017-10-01,2018,0.340062
2017-10-02,2018,1.076635
2017-10-03,2018,2.022613
2017-10-04,2018,1.499004
2017-10-05,2018,0.671008
2017-10-06,2018,0.303187
2017-10-07,2018,0.311278
2017-10-08,2018,0.208830
2017-10-09,2018,1.031000
2017-10-10,2018,2.071151
2017-10-11,2018,1.665378
2017-10-12,2018,1.056498
2017-10-13,2018,0.563493
2017-10-14,2018,0.368105
2017-10-15,2018,0.379310
2017-10-16,2018,0.292599
2017-10-17,2018,0.201354
2017-10-18,2018,0.132167
2017-10-19,2018,0.083433
2017-10-20,2018,0.045255
2017-10-21,2018,0.492910
2017-10-22,2018,0.478656
2017-10-23,2018,0.373089
2017-10-24,2018,0.284355
2017-10-25,2018,0.231118
2017-10-26,2018,0.149137
2017-10-27,2018,0.336253
2017-10-28,2018,0.345056
2017-10-29,2018,0.308909
2017-10-30,2018,0.242847
2017-10-31,2018,0.833756
2017-11-01,2018,0.862017
2017-11-02,2018,0.668625
2017-11-03,2018,0.485899
2017-11-04,2018,0.398458
2017-11-05,2018,1.127624
2017-11-06,2018,1.509417
2017-11-07,2018,2.118281
2017-11-08,2018,2.757004
2017-11-09,2018,2.625650
2017-11-10,2018,2.416328
2017-11-11,2018,2.087579
2017-11-12,2018,1.977594
2017-11-13,2018,1.842481
2017-11-14,2018,1.567108
2017-11-15,2018,1.390656
2017-11-16,2018,1.306367
2017-11-17,2018,1.247278
2017-11-18,2018,3.003476
2017-11-19,2018,2.953171
2017-11-20,2018,2.879033
2017-11-21,2018,2.913594
2017-11-22,2018,2.933935
2017-11-23,2018,2.487498
2017-11-24,2018,2.125813
2017-11-25,2018,1.907067
2017-11-26,2018,1.788706
2017-11-27,2018,1.582780
2017-11-28,2018,1.439765
2017-11-29,2018,1.490556
2017-11-30,2018,1.443131
2017-12-01,2018,1.396839
2017-12-02,2018,1.408420
2017-12-03,2018,1.336420
2017-12-04,2018,1.908682
2017-12-05,2018,2.086425
2017-12-06,2018,2.058352
2017-12-07,2018,2.199095
2017-12-08,2018,2.390402
2017-12-09,2018,2.318236
2017-12-10,2018,2.268018
2017-12-11,2018,2.220078
2017-12-12,2018,2.158152
2017-12-13,2018,2.066622
2017-12-14,2018,2.589915
2017-12-15,2018,2.665619
2017-12-16,2018,2.585876
2017-12-17,2018,2.531614
2017-12-18,2018,2.494328
2017-12-19,2018,2.444276
2017-12-20,2018,2.383104
2017-12-21,2018,2.773601
2017-12-22,2018,3.691219
2017-12-23,2018,3.654238
2017-12-24,2018,4.440415
2017-12-25,2018,5.175907
2017-12-26,2018,5.492847
2017-12-27,2018,5.360586
2017-12-28,2018,5.192302
2017-12-29,2018,5.023265
2017-12-30,2018,4.794724
2017-12-31,2018,4.587282
2018-01-01,2018,4.496931
2018-01-02,2018,4.413485
2018-01-03,2018,4.344847
2018-01-04,2018,4.262193
2018-01-05,2018,4.172851
2018-01-06,2018,4.053844
2018-01-07,2018,5.200606
2018-01-08,2018,5.085614
2018-01-09,2018,5.006522
2018-01-10,2018,4.835307
2018-01-11,2018,6.253253
2018-01-12,2018,6.355460
2018-01-13,2018,6.790375
2018-01-14,2018,6.646763
2018-01-15,2018,6.462941
2018-01-16,2018,6.449185
2018-01-17,2018,6.356149
2018-01-18,2018,6.238072
2018-01-19,2018,6.012399
2018-01-20,2018,5.664350
2018-01-21,2018,8.067191
2018-01-22,2018,9.564952
2018-01-23,2018,9.327061
2018-01-24,2018,9.162241
2018-01-25,2018,8.947003
2018-01-26,2018,9.013407
2018-01-27,2018,9.110337
2018-01-28,2018,8.953803
2018-01-29,2018,8.741494
2018-01-30,2018,8.385620
2018-01-31,2018,7.949485
2018-02-01,2018,7.703228
2018-02-02,2018,7.484790
2018-02-03,2018,7.208199
2018-02-04,2018,7.105561
2018-02-05,2018,7.009358
2018-02-06,2018,7.749681
2018-02-07,2018,8.129437
2018-02-08,2018,7.925100
2018-02-09,2018,7.584330
2018-02-10,2018,7.429888
2018-02-11,2018,9.397390
2018-02-12,2018,9.167073
2018-02-13,2018,11.269309
2018-02-14,2018,11.069793
2018-02-15,2018,12.087089
2018-02-16,2018,12.585684
2018-02-17,2018,12.319124
2018-02-18,2018,11.943246
2018-02-19,2018,11.890446
2018-02-20,2018,14.414035
2018-02-21,2018,14.376312
2018-02-22,2018,14.962578
2018-02-23,2018,15.713357
2018-02-24,2018,16.373441
2018-02-25,2018,16.467441
2018-02-26,2018,16.309330
2018-02-27,2018,15.886963
2018-02-28,2018,15.465228
2018-03-01,2018,15.212176
2018-03-02,2018,14.789306
2018-03-03,2018,14.077759
2018-03-04,2018,13.278962
2018-03-05,2018,13.820819
2018-03-06,2018,13.756792
2018-03-07,2018,13.514781
2018-03-08,2018,13.168669
2018-03-09,2018,12.653881
2018-03-10,2018,12.137598
2018-03-11,2018,11.831317
2018-03-12,2018,11.502905
2018-03-13,2018,11.033315
2018-03-14,2018,10.530458
2018-03-15,2018,9.951765
2018-03-16,2018,10.958627
2018-03-17,2018,10.818465
2018-03-18,2018,10.587566
2018-03-19,2018,12.195690
2018-03-20,2018,12.098241
2018-03-21,2018,11.859175
2018-03-22,2018,11.396765
2018-03-23,2018,10.512427
2018-03-24,2018,10.851772
2018-03-25,2018,10.362244
2018-03-26,2018,10.091017
2018-03-27,2018,10.650270
2018-03-28,2018,10.994510
2018-03-29,2018,11.430561
2018-03-30,2018,11.257835
2018-03-31,2018,10.734239
2018-04-01,2018,10.262061
2018-04-02,2018,9.648759
2018-04-03,2018,9.291060
2018-04-04,2018,9.194945
2018-04-05,2018,8.989861
2018-04-06,2018,8.744131
2018-04-07,2018,9.695868
2018-04-08,2018,9.804993
2018-04-09,2018,9.996500
2018-04-10,2018,9.884293
2018-04-11,2018,9.395362
2018-04-12,2018,8.733993
2018-04-13,2018,8.972250
2018-04-14,2018,9.434550
2018-04-15,2018,9.302461
2018-04-16,2018,8.873298
2018-04-17,2018,8.256893
2018-04-18,2018,8.490443
2018-04-19,2018,8.327853
2018-04-20,2018,8.492146
2018-04-21,2018,10.368345
2018-04-22,2018,10.017330
2018-04-23,2018,9.041163
2018-04-24,2018,8.379187
2018-04-25,2018,8.341090
2018-04-26,2018,7.862357
2018-04-27,2018,7.517154
2018-04-28,2018,6.995961
2018-04-29,2018,6.427626
2018-04-30,2018,5.891800
2018-05-01,2018,5.645456
2018-05-02,2018,5.899877
2018-05-03,2018,6.866215
2018-05-04,2018,7.047345
2018-05-05,2018,6.426164
2018-05-06,2018,5.829361
2018-05-07,2018,5.262558
2018-05-08,2018,4.774092
2018-05-09,2018,4.330113
2018-05-10,2018,3.913316
2018-05-11,2018,3.500994
2018-05-12,2018,3.168306
2018-05-13,2018,2.845108
2018-05-14,2018,2.599265
2018-05-15,2018,2.401389
2018-05-16,2018,2.274375
2018-05-17,2018,2.101270
2018-05-18,2018,1.881340
2018-05-19,2018,1.734382
2018-05-20,2018,1.702401
2018-05-21,2018,1.479289
2018-05-22,2018,1.340304
2018-05-23,2018,1.101624
2018-05-24,2018,0.930476
2018-05-25,2018,0.800943
2018-05-26,2018,0.642756
2018-05-27,2018,0.530353
2018-05-28,2018,0.443344
2018-05-29,2018,0.385254
2018-05-30,2018,0.336365
2018-05-31,2018,0.275035
2018-06-01,2018,0.215764
2018-06-02,2018,0.194036
2018-06-03,2018,0.170492
2018-06-04,2018,0.130902
2018-06-05,2018,0.097400
2018-06-06,2018,0.060945
2018-06-07,2018,0.035783
2018-06-08,2018,0.022434
2018-06-09,2018,0.012450
2018-06-10,2018,0.006252
2018-06-11,2018,0.003418
2018-06-12,2018,0.001001
2018-06-13,2018,0.000648
2018-06-14,2018,0.000000
2018-06-15,2018,0.000000
2018-06-16,2018,0.000000
2018-06-17,2018,0.000000
2018-06-18,2018,0.000000
2018-06-19,2018,0.000000
2018-06-20,2018,0.000000
2018-06-21,2018,0.000000
2018-06-22,2018,0.000000
2018-06-23,2018,0.000000
2018-06-24,2018,0.000000
2018-06-25,2018,0.001232
2018-06-26,2018,0.000000
2018-06-27,2018,0.000000
2018-06-28,2018,0.000000
2018-06-29,2018,0.000000
2018-06-30,2018,0.000000
2018-07-01,2018,0.000000
2018-07-02,2018,0.000000
2018-07-03,2018,0.000000
2018-07-04,2018,0.000000
2018-07-05,2018,0.000000
2018-07-06,2018,0.000000
2018-07-07,2018,0.000000
2018-07-08,2018,0.000000
2018-07-09,2018,0.000000
2018-07-10,2018,0.000000
2018-07-11,2018,0.000000
2018-07-12,2018,0.000000
2018-07-13,2018,0.000000
2018-07-14,2018,0.000000
2018-07-15,2018,0.000000
2018-07-16,2018,0.000000
2018-07-17,2018,0.000000
2018-07-18,2018,0.000000
2018-07-19,2018,0.000000
2018-07-20,2018,0.000000
2018-07-21,2018,0.000000
2018-07-22,2018,0.000000
2018-07-23,2018,0.000000
2018-07-24,2018,0.000000
2018-07-25,2018,0.000000
2018-07-26,2018,0.000000
2018-07-27,2018,0.000000
2018-07-28,2018,0.000000
2018-07-29,2018,0.000000
2018-07-30,2018,0.000000
2018-07-31,2018,0.000000
2018-08-01,2018,0.000000
2018-08-02,2018,0.000000
2018-08-03,2018,0.000000
2018-08-04,2018,0.000000
2018-08-05,2018,0.000000
2018-08-06,2018,0.000000
2018-08-07,2018,0.000000
2018-08-08,2018,0.000000
2018-08-09,2018,0.000000
2018-08-10,2018,0.000000
2018-08-11,2018,0.000000
2018-08-12,2018,0.000000
2018-08-13,2018,0.000000
2018-08-14,2018,0.000000
2018-08-15,2018,0.000000
2018-08-16,2018,0.000000
2018-08-17,2018,0.000000
2018-08-18,2018,0.000000
2018-08-19,2018,0.000000
2018-08-20,2018,0.000000
2018-08-21,2018,0.000000
2018-08-22,2018,0.000000
2018-08-23,2018,0.000000
2018-08-24,2018,0.000000
2018-08-25,2018,0.000000
2018-08-26,2018,0.000000
2018-08-27,2018,0.000000
2018-08-28,2018,0.000000
2018-08-29,2018,0.000000
2018-08-30,2018,0.000000
2018-08-31,2018,0.000000
2018-09-01,2018,0.000000
2018-09-02,2018,0.000000
2018-09-03,2018,0.002492
2018-09-04,2018,0.001998
2018-09-05,2018,0.006153
2018-09-06,2018,0.002488
2018-09-07,2018,0.001464
2018-09-08,2018,0.000570
2018-09-09,2018,0.000000
2018-09-10,2018,0.000000
2018-09-11,2018,0.000000
2018-09-12,2018,0.000000
2018-09-13,2018,0.000000
2018-09-14,2018,0.000000
2018-09-15,2018,0.000000
2018-09-16,2018,0.000000
2018-09-17,2018,0.000000
2018-09-18,2018,0.000000
2018-09-19,2018,0.000000
2018-09-20,2018,0.000000
2018-09-21,2018,0.000000
2018-09-22,2018,0.000000
2018-09-23,2018,0.000000
2018-09-24,2018,0.000000
2018-09-25,2018,0.000000
2018-09-26,2018,0.000000
2018-09-27,2018,0.000000
2018-09-28,2018,0.000000
2018-09-29,2018,0.000000
2018-09-30,2018,0.000000
2018-10-01,2019,0.000000
2018-10-02,2019,0.000000
2018-10-03,2019,0.000000
2018-10-04,2019,0.000000
2018-10-05,2019,0.002108
2018-10-06,2019,0.085757
2018-10-07,2019,0.246200
2018-10-08,2019,0.829470
2018-10-09,2019,1.458182
2018-10-10,2019,2.068743
2018-10-11,2019,2.828164
2018-10-12,2019,3.354016
2018-10-13,2019,2.809651
2018-10-14,2019,2.775553
2018-10-15,2019,3.471493
2018-10-16,2019,3.326479
2018-10-17,2019,3.088117
2018-10-18,2019,2.871713
2018-10-19,2019,2.454906
2018-10-20,2019,2.035848
2018-10-21,2019,1.610231
2018-10-22,2019,1.212072
2018-10-23,2019,0.986386
2018-10-24,2019,0.977722
2018-10-25,2019,0.830664
2018-10-26,2019,0.755211
2018-10-27,2019,0.667268
2018-10-28,2019,0.514657
2018-10-29,2019,0.403382
2018-10-30,2019,0.378724
2018-10-31,2019,2.431372
2018-11-01,2019,2.691231
2018-11-02,2019,2.742880
2018-11-03,2019,3.091569
2018-11-04,2019,3.206119
2018-11-05,2019,4.074774
2018-11-06,2019,4.170835
2018-11-07,2019,4.113810
2018-11-08,2019,4.097617
2018-11-09,2019,4.074235
2018-11-10,2019,3.987231
2018-11-11,2019,3.981737
2018-11-12,2019,5.570939
2018-11-13,2019,5.372695
2018-11-14,2019,5.189249
2018-11-15,2019,4.954468
2018-11-16,2019,4.676772
2018-11-17,2019,4.469517
2018-11-18,2019,4.954350
2018-11-19,2019,4.854880
2018-11-20,2019,4.740095
2018-11-21,2019,4.579902
2018-11-22,2019,4.406360
2018-11-23,2019,5.097914
2018-11-24,2019,5.626998
2018-11-25,2019,7.190326
2018-11-26,2019,7.096217
2018-11-27,2019,6.965983
2018-11-28,2019,6.765274
2018-11-29,2019,7.380398
2018-11-30,2019,7.365853
2018-12-01,2019,8.578330
2018-12-02,2019,8.705614
2018-12-03,2019,9.669480
2018-12-04,2019,9.898947
2018-12-05,2019,9.797004
2018-12-06,2019,9.956190
2018-12-07,2019,10.186311
2018-12-08,2019,9.949093
2018-12-09,2019,9.872924
2018-12-10,2019,9.755263
2018-12-11,2019,9.582780
2018-12-12,2019,9.385655
2018-12-13,2019,10.218883
2018-12-14,2019,10.053152
2018-12-15,2019,9.855117
2018-12-16,2019,9.601180
2018-12-17,2019,9.325806
2018-12-18,2019,9.106269
2018-12-19,2019,9.053967
2018-12-20,2019,9.215797
2018-12-21,2019,9.031999
2018-12-22,2019,9.228718
2018-12-23,2019,9.438847
2018-12-24,2019,9.764876
2018-12-25,2019,10.172685
2018-12-26,2019,11.067774
2018-12-27,2019,11.479150
2018-12-28,2019,11.814452
2018-12-29,2019,12.329006
2018-12-30,2019,12.133679
2018-12-31,2019,12.403723
2019-01-01,2019,15.667794
2019-01-02,2019,15.537859
2019-01-03,2019,15.038044
2019-01-04,2019,14.593872
2019-01-05,2019,14.172856
2019-01-06,2019,14.056559
2019-01-07,2019,15.508207
2019-01-08,2019,15.761498
2019-01-09,2019,15.372452
2019-01-10,2019,14.903031
2019-01-11,2019,14.953433
2019-01-12,2019,16.567225
2019-01-13,2019,16.741285
2019-01-14,2019,16.761231
2019-01-15,2019,16.531829
2019-01-16,2019,17.069655
2019-01-17,2019,17.482672
2019-01-18,2019,18.755313
2019-01-19,2019,19.397141
2019-01-20,2019,18.991107
2019-01-21,2019,18.493537
2019-01-22,2019,19.885612
2019-01-23,2019,19.892069
2019-01-24,2019,20.536155
2019-01-25,2019,20.982685
2019-01-26,2019,20.757855
2019-01-27,2019,20.394957
2019-01-28,2019,20.073588
2019-01-29,2019,20.096827
2019-01-30,2019,19.812987
2019-01-31,2019,19.522235
2019-02-01,2019,19.192924
2019-02-02,2019,18.812890
2019-02-03,2019,18.592309
2019-02-04,2019,18.903061
2019-02-05,2019,19.243353
2019-02-06,2019,20.407744
2019-02-07,2019,22.218432
2019-02-08,2019,22.192499
2019-02-09,2019,21.888708
2019-02-10,2019,21.747466
2019-02-11,2019,21.541584
2019-02-12,2019,21.904165
2019-02-13,2019,21.543043
2019-02-14,2019,22.380318
2019-02-15,2019,25.246780
2019-02-16,2019,24.706969
2019-02-17,2019,25.336929
2019-02-18,2019,25.943565
2019-02-19,2019,27.567015
2019-02-20,2019,27.997358
2019-02-21,2019,28.327635
2019-02-22,2019,29.491397
2019-02-23,2019,30.884407
2019-02-24,2019,30.147348
2019-02-25,2019,29.496422
2019-02-26,2019,28.718106
2019-02-27,2019,27.864010
2019-02-28,2019,27.137177
2019-03-01,2019,26.806131
2019-03-02,2019,26.957571
2019-03-03,2019,30.001863
2019-03-04,2019,30.497140
2019-03-05,2019,29.956406
2019-03-06,2019,29.404128
2019-03-07,2019,29.890417
2019-03-08,2019,29.275570
2019-03-09,2019,30.012060
2019-03-10,2019,29.412820
2019-03-11,2019,29.064204
2019-03-12,2019,29.971318
2019-03-13,2019,31.280618
2019-03-14,2019,33.289942
2019-03-15,2019,32.812367
2019-03-16,2019,32.240167
2019-03-17,2019,31.625430
2019-03-18,2019,30.937722
2019-03-19,2019,30.230630
2019-03-20,2019,29.718889
2019-03-21,2019,29.084756
2019-03-22,2019,29.388755
2019-03-23,2019,29.412729
2019-03-24,2019,28.741880
2019-03-25,2019,28.447842
2019-03-26,2019,27.726991
2019-03-27,2019,26.732756
2019-03-28,2019,25.341690
2019-03-29,2019,23.958532
2019-03-30,2019,24.520824
2019-03-31,2019,24.369224
2019-04-01,2019,24.885568
2019-04-02,2019,24.485287
2019-04-03,2019,24.008087
2019-04-04,2019,23.423525
2019-04-05,2019,22.422165
2019-04-06,2019,21.363761
2019-04-07,2019,20.565679
2019-04-08,2019,19.596531
2019-04-09,2019,18.388578
2019-04-10,2019,17.383224
2019-04-11,2019,19.482124
2019-04-12,2019,19.702806
2019-04-13,2019,19.817887
2019-04-14,2019,19.895404
2019-04-15,2019,19.335128
2019-04-16,2019,18.403336
2019-04-17,2019,17.613472
2019-04-18,2019,17.124083
2019-04-19,2019,16.590945
2019-04-20,2019,15.646548
2019-04-21,2019,14.777713
2019-04-22,2019,14.244312
2019-04-23,2019,13.976135
2019-04-24,2019,13.330151
2019-04-25,2019,12.559923
2019-04-26,2019,11.815683
2019-04-27,2019,11.152208
2019-04-28,2019,10.505782
2019-04-29,2019,10.021599
2019-04-30,2019,11.989033
2019-05-01,2019,12.963823
2019-05-02,2019,13.027426
2019-05-03,2019,12.586678
2019-05-04,2019,12.074509
2019-05-05,2019,11.546817
2019-05-06,2019,10.951695
2019-05-07,2019,10.352883
2019-05-08,2019,9.838835
2019-05-09,2019,11.859407
2019-05-10,2019,13.066711
2019-05-11,2019,12.720428
2019-05-12,2019,11.920493
2019-05-13,2019,11.048100
2019-05-14,2019,10.251516
2019-05-15,2019,9.476970
2019-05-16,2019,8.784189
2019-05-17,2019,8.097176
2019-05-18,2019,8.449949
2019-05-19,2019,8.510009
2019-05-20,2019,8.666663
2019-05-21,2019,10.841589
2019-05-22,2019,11.491309
2019-05-23,2019,11.495214
2019-05-24,2019,11.554662
2019-05-25,2019,10.867600
2019-05-26,2019,10.155476
2019-05-27,2019,9.579781
2019-05-28,2019,9.712967
2019-05-29,2019,10.027801
2019-05-30,2019,9.931136
2019-05-31,2019,9.431472
2019-06-01,2019,8.901306
2019-06-02,2019,8.310071
2019-06-03,2019,7.619050
2019-06-04,2019,6.964469
2019-06-05,2019,6.358381
2019-06-06,2019,5.824416
2019-06-07,2019,5.225949
2019-06-08,2019,4.677702
2019-06-09,2019,4.266701
2019-06-10,2019,3.997121
2019-06-11,2019,3.633990
2019-06-12,2019,3.326762
2019-06-13,2019,2.920669
2019-06-14,2019,2.546956
2019-06-15,2019,2.212703
2019-06-16,2019,1.972891
2019-06-17,2019,1.695130
2019-06-18,2019,1.475312
2019-06-19,2019,1.360993
2019-06-20,2019,1.157446
2019-06-21,2019,0.972856
2019-06-22,2019,1.304239
2019-06-23,2019,1.315590
2019-06-24,2019,1.166702
2019-06-25,2019,0.921568
2019-06-26,2019,0.764208
2019-06-27,2019,0.623359
2019-06-28,2019,0.506372
2019-06-29,2019,0.436262
2019-06-30,2019,0.331870
2019-07-01,2019,0.239643
2019-07-02,2019,0.172671
2019-07-03,2019,0.106411
2019-07-04,2019,0.055508
2019-07-05,2019,0.028812
2019-07-06,2019,0.014983
2019-07-07,2019,0.007158
2019-07-08,2019,0.003446
2019-07-09,2019,0.001240
2019-07-10,2019,0.000000
2019-07-11,2019,0.000000
2019-07-12,2019,0.000000
2019-07-13,2019,0.000000
2019-07-14,2019,0.000000
2019-07-15,2019,0.000000
2019-07-16,2019,0.000000
2019-07-17,2019,0.000000
2019-07-18,2019,0.000000
2019-07-19,2019,0.000000
2019-07-20,2019,0.000000
2019-07-21,2019,0.000000
2019-07-22,2019,0.000000
2019-07-23,2019,0.000000
2019-07-24,2019,0.000000
2019-07-25,2019,0.000000
2019-07-26,2019,0.000000
2019-07-27,2019,0.000000
2019-07-28,2019,0.000000
2019-07-29,2019,0.000000
2019-07-30,2019,0.000000
2019-07-31,2019,0.000000
2019-08-01,2019,0.000000
2019-08-02,2019,0.000000
2019-08-03,2019,0.000000
2019-08-04,2019,0.000000
2019-08-05,2019,0.000000
2019-08-06,2019,0.000000
2019-08-07,2019,0.000000
2019-08-08,2019,0.000000
2019-08-09,2019,0.000000
2019-08-10,2019,0.000000
2019-08-11,2019,0.000000
2019-08-12,2019,0.000000
2019-08-13,2019,0.000000
2019-08-14,2019,0.000000
2019-08-15,2019,0.000000
2019-08-16,2019,0.000000
2019-08-17,2019,0.000000
2019-08-18,2019,0.000000
2019-08-19,2019,0.000000
2019-08-20,2019,0.000000
2019-08-21,2019,0.000000
2019-08-22,2019,0.000000
2019-08-23,2019,0.000000
2019-08-24,2019,0.000000
2019-08-25,2019,0.000000
2019-08-26,2019,0.000000
2019-08-27,2019,0.000000
2019-08-28,2019,0.000000
2019-08-29,2019,0.000000
2019-08-30,2019,0.000000
2019-08-31,2019,0.000000
2019-09-01,2019,0.000000
2019-09-02,2019,0.000000
2019-09-03,2019,0.000000
2019-09-04,2019,0.000000
2019-09-05,2019,0.000000
2019-09-06,2019,0.000000
2019-09-07,2019,0.000000
2019-09-08,2019,0.000000
2019-09-09,2019,0.000000
2019-09-10,2019,0.000000
2019-09-11,2019,0.000000
2019-09-12,2019,0.006686
2019-09-13,2019,0.002859
2019-09-14,2019,0.000166
2019-09-15,2019,0.000000
2019-09-16,2019,0.000000
2019-09-17,2019,0.000000
2019-09-18,2019,0.000000
2019-09-19,2019,0.000000
2019-09-20,2019,0.000000
2019-09-21,2019,0.000000
2019-09-22,2019,0.000000
2019-09-23,2019,0.000000
2019-09-24,2019,0.000000
2019-09-25,2019,0.000000
2019-09-26,2019,0.000000
2019-09-27,2019,0.000000
2019-09-28,2019,0.000000
2019-09-29,2019,0.000000
2019-09-30,2019,0.001923
2019-10-01,2020,0.005082
2019-10-02,2020,0.002857
2019-10-03,2020,0.003097
2019-10-04,2020,0.002928
2019-10-05,2020,0.000229
2019-10-06,2020,0.000511
2019-10-07,2020,0.000245
2019-10-08,2020,0.000000
2019-10-09,2020,0.000000
2019-10-10,2020,0.331843
2019-10-11,2020,0.869300
2019-10-12,2020,0.760889
2019-10-13,2020,0.654519
2019-10-14,2020,0.546371
2019-10-15,2020,0.391654
2019-10-16,2020,0.299719
2019-10-17,2020,0.188858
2019-10-18,2020,0.134027
2019-10-19,2020,0.281388
2019-10-20,2020,0.859103
2019-10-21,2020,1.178957
2019-10-22,2020,1.465775
2019-10-23,2020,1.361829
2019-10-24,2020,2.972474
2019-10-25,2020,2.865012
2019-10-26,2020,2.434261
2019-10-27,2020,1.930474
2019-10-28,2020,4.067276
2019-10-29,2020,4.940059
2019-10-30,2020,7.075122
2019-10-31,2020,6.434285
2019-11-01,2020,5.617683
2019-11-02,2020,5.295111
2019-11-03,2020,5.062185
2019-11-04,2020,4.719672
2019-11-05,2020,4.338037
2019-11-06,2020,3.893745
2019-11-07,2020,3.502607
2019-11-08,2020,3.214649
2019-11-09,2020,2.882727
2019-11-10,2020,2.396446
2019-11-11,2020,2.293494
2019-11-12,2020,2.309124
2019-11-13,2020,2.193373
2019-11-14,2020,2.072783
2019-11-15,2020,1.941383
2019-11-16,2020,1.714166
2019-11-17,2020,1.655150
2019-11-18,2020,1.570282
2019-11-19,2020,1.418177
2019-11-20,2020,1.427012
2019-11-21,2020,2.402000
2019-11-22,2020,4.608480
2019-11-23,2020,4.788739
2019-11-24,2020,4.669361
2019-11-25,2020,4.523276
2019-11-26,2020,7.326468
2019-11-27,2020,7.889858
2019-11-28,2020,8.139441
2019-11-29,2020,8.087204
2019-11-30,2020,10.262153
2019-12-01,2020,10.540910
2019-12-02,2020,10.354333
2019-12-03,2020,10.028108
2019-12-04,2020,9.719496
2019-12-05,2020,10.128300
2019-12-06,2020,10.783058
2019-12-07,2020,10.487475
2019-12-08,2020,10.432594
2019-12-09,2020,11.538956
2019-12-10,2020,11.467705
2019-12-11,2020,11.298246
2019-12-12,2020,11.105613
2019-12-13,2020,12.056635
2019-12-14,2020,13.183254
2019-12-15,2020,14.171892
2019-12-16,2020,15.738526
2019-12-17,2020,15.503807
2019-12-18,2020,15.284990
2019-12-19,2020,15.041426
2019-12-20,2020,14.803650
2019-12-21,2020,14.573031
2019-12-22,2020,14.255723
2019-12-23,2020,13.856394
2019-12-24,2020,13.460307
2019-12-25,2020,14.249126
2019-12-26,2020,15.067345
2019-12-27,2020,15.085996
2019-12-28,2020,17.353560
2019-12-29,2020,18.319081
2019-12-30,2020,18.169529
2019-12-31,2020,17.975403
2020-01-01,2020,17.777024
2020-01-02,2020,18.886265
2020-01-03,2020,18.756222
2020-01-04,2020,18.444417
2020-01-05,2020,17.975246
2020-01-06,2020,17.758605
2020-01-07,2020,17.532302
2020-01-08,2020,17.216350
2020-01-09,2020,17.045015
2020-01-10,2020,17.321127
2020-01-11,2020,17.303941
2020-01-12,2020,17.695337
2020-01-13,2020,18.054550
2020-01-14,2020,18.443758
2020-01-15,2020,18.191531
2020-01-16,2020,17.823039
2020-01-17,2020,17.941870
2020-01-18,2020,18.775287
2020-01-19,2020,18.470826
2020-01-20,2020,18.180738
2020-01-21,2020,17.923325
2020-01-22,2020,18.694068
2020-01-23,2020,18.592930
2020-01-24,2020,18.397750
2020-01-25,2020,18.256185
2020-01-26,2020,17.931609
2020-01-27,2020,17.671383
2020-01-28,2020,18.674233
2020-01-29,2020,18.570293
2020-01-30,2020,18.494092
2020-01-31,2020,18.857830
2020-02-01,2020,18.574312
2020-02-02,2020,18.104793
2020-02-03,2020,17.555450
2020-02-04,2020,19.701818
2020-02-05,2020,20.422067
2020-02-06,2020,20.605800
2020-02-07,2020,23.394960
2020-02-08,2020,24.023214
2020-02-09,2020,23.488834
2020-02-10,2020,23.548048
2020-02-11,2020,24.114474
2020-02-12,2020,23.793883
2020-02-13,2020,23.920229
2020-02-14,2020,23.662581
2020-02-15,2020,23.093890
2020-02-16,2020,22.758356
2020-02-17,2020,23.172123
2020-02-18,2020,22.992307
2020-02-19,2020,22.628274
2020-02-20,2020,22.709737
2020-02-21,2020,22.392380
2020-02-22,2020,21.929948
2020-02-23,2020,21.970177
2020-02-24,2020,22.300990
2020-02-25,2020,22.690198
2020-02-26,2020,22.634604
2020-02-27,2020,22.429633
2020-02-28,2020,22.045090
2020-02-29,2020,21.581878
2020-03-01,2020,21.073533
2020-03-02,2020,21.528652
2020-03-03,2020,21.186517
2020-03-04,2020,20.728535
2020-03-05,2020,20.220407
2020-03-06,2020,19.683682
2020-03-07,2020,19.019780
2020-03-08,2020,18.293952
2020-03-09,2020,17.944920
2020-03-10,2020,17.376503
2020-03-11,2020,17.052642
2020-03-12,2020,16.649810
2020-03-13,2020,16.080335
2020-03-14,2020,16.836879
2020-03-15,2020,16.355130
2020-03-16,2020,15.690806
2020-03-17,2020,15.073109
2020-03-18,2020,14.478959
2020-03-19,2020,15.703113
2020-03-20,2020,18.441835
2020-03-21,2020,18.448522
2020-03-22,2020,18.585824
2020-03-23,2020,18.411508
2020-03-24,2020,18.484241
2020-03-25,2020,17.963586
2020-03-26,2020,17.455856
2020-03-27,2020,17.219721
2020-03-28,2020,18.443046
2020-03-29,2020,18.343722
2020-03-30,2020,18.399970
2020-03-31,2020,18.253031
2020-04-01,2020,17.608889
2020-04-02,2020,16.998407
2020-04-03,2020,17.728576
2020-04-04,2020,17.532163
2020-04-05,2020,17.171424
2020-04-06,2020,16.493263
2020-04-07,2020,15.870250
2020-04-08,2020,15.291292
2020-04-09,2020,14.613041
2020-04-10,2020,13.851357
2020-04-11,2020,13.230764
2020-04-12,2020,13.312018
2020-04-13,2020,14.083461
2020-04-14,2020,14.719548
2020-04-15,2020,14.638352
2020-04-16,2020,15.904854
2020-04-17,2020,16.757910
2020-04-18,2020,16.384611
2020-04-19,2020,16.103909
2020-04-20,2020,15.780631
2020-04-21,2020,15.231533
2020-04-22,2020,14.893542
2020-04-23,2020,14.288108
2020-04-24,2020,14.122268
2020-04-25,2020,13.816646
2020-04-26,2020,13.307844
2020-04-27,2020,12.588870
2020-04-28,2020,11.734759
2020-04-29,2020,10.964826
2020-04-30,2020,10.117441
2020-05-01,2020,9.189794
2020-05-02,2020,8.321655
2020-05-03,2020,7.568237
2020-05-04,2020,7.057806
2020-05-05,2020,6.884875
2020-05-06,2020,6.560504
2020-05-07,2020,6.180922
2020-05-08,2020,5.922684
2020-05-09,2020,5.722127
2020-05-10,2020,5.497430
2020-05-11,2020,5.192396
2020-05-12,2020,5.078498
2020-05-13,2020,4.653349
2020-05-14,2020,4.514115
2020-05-15,2020,4.236246
2020-05-16,2020,3.990558
2020-05-17,2020,3.726610
2020-05-18,2020,3.310937
2020-05-19,2020,2.940781
2020-05-20,2020,2.648535
2020-05-21,2020,2.429470
2020-05-22,2020,2.390475
2020-05-23,2020,2.220389
2020-05-24,2020,2.109572
2020-05-25,2020,2.621561
2020-05-26,2020,2.407028
2020-05-27,2020,2.114979
2020-05-28,2020,1.803410
2020-05-29,2020,1.505418
2020-05-30,2020,1.185959
2020-05-31,2020,0.901137
2020-06-01,2020,0.688571
2020-06-02,2020,0.515164
2020-06-03,2020,0.390869
2020-06-04,2020,0.326934
2020-06-05,2020,0.266620
2020-06-06,2020,0.206998
2020-06-07,2020,0.159461
2020-06-08,2020,0.130642
2020-06-09,2020,0.903668
2020-06-10,2020,0.664100
2020-06-11,2020,0.327581
2020-06-12,2020,0.150036
2020-06-13,2020,0.072002
2020-06-14,2020,0.054982
2020-06-15,2020,0.026194
2020-06-16,2020,0.013050
2020-06-17,2020,0.006446
2020-06-18,2020,0.003147
2020-06-19,2020,0.070207
2020-06-20,2020,0.049550
2020-06-21,2020,0.018058
2020-06-22,2020,0.004772
2020-06-23,2020,0.000347
2020-06-24,2020,0.000000
2020-06-25,2020,0.000000
2020-06-26,2020,0.000000
2020-06-27,2020,0.000000
2020-06-28,2020,0.000000
2020-06-29,2020,0.000000
2020-06-30,2020,0.004664
2020-07-01,2020,0.002716
2020-07-02,2020,0.000165
2020-07-03,2020,0.000000
2020-07-04,2020,0.000000
2020-07-05,2020,0.000000
2020-07-06,2020,0.000000
2020-07-07,2020,0.000000
2020-07-08,2020,0.000000
2020-07-09,2020,0.000000
2020-07-10,2020,0.000000
2020-07-11,2020,0.000000
2020-07-12,2020,0.000000
2020-07-13,2020,0.000000
2020-07-14,2020,0.000000
2020-07-15,2020,0.000000
2020-07-16,2020,0.000000
2020-07-17,2020,0.000000
2020-07-18,2020,0.000000
2020-07-19,2020,0.000000
2020-07-20,2020,0.000000
2020-07-21,2020,0.000000
2020-07-22,2020,0.000000
2020-07-23,2020,0.000000
2020-07-24,2020,0.000000
2020-07-25,2020,0.000000
2020-07-26,2020,0.000000
2020-07-27,2020,0.000000
2020-07-28,2020,0.000000
2020-07-29,2020,0.000000
2020-07-30,2020,0.000000
2020-07-31,2020,0.000000
2020-08-01,2020,0.000000
2020-08-02,2020,0.000000
2020-08-03,2020,0.000000
2020-08-04,2020,0.000000
2020-08-05,2020,0.000000
2020-08-06,2020,0.000000
2020-08-07,2020,0.000000
2020-08-08,2020,0.000000
2020-08-09,2020,0.000000
2020-08-10,2020,0.000000
2020-08-11,2020,0.000000
2020-08-12,2020,0.000000
2020-08-13,2020,0.000000
2020-08-14,2020,0.000000
2020-08-15,2020,0.000000
2020-08-16,2020,0.000000
2020-08-17,2020,0.000000
2020-08-18,2020,0.000000
2020-08-19,2020,0.000000
2020-08-20,2020,0.000000
2020-08-21,2020,0.000000
2020-08-22,2020,0.000000
2020-08-23,2020,0.000000
2020-08-24,2020,0.000000
2020-08-25,2020,0.000000
2020-08-26,2020,0.000000
2020-08-27,2020,0.000000
2020-08-28,2020,0.000000
2020-08-29,2020,0.000000
2020-08-30,2020,0.000000
2020-08-31,2020,0.000000
2020-09-01,2020,0.017170
2020-09-02,2020,0.006381
2020-09-03,2020,0.001629
2020-09-04,2020,0.000000
2020-09-05,2020,0.000000
2020-09-06,2020,0.000000
2020-09-07,2020,0.000000
2020-09-08,2020,0.226105
2020-09-09,2020,3.842669
2020-09-10,2020,4.113431
2020-09-11,2020,3.415684
2020-09-12,2020,2.065545
2020-09-13,2020,0.989832
2020-09-14,2020,0.391674
2020-09-15,2020,0.140197
2020-09-16,2020,0.046740
2020-09-17,2020,0.014852
2020-09-18,2020,0.002645
2020-09-19,2020,0.000458
2020-09-20,2020,0.000000
2020-09-21,2020,0.000000
2020-09-22,2020,0.000000
2020-09-23,2020,0.000000
2020-09-24,2020,0.000000
2020-09-25,2020,0.000000
2020-09-26,2020,0.000000
2020-09-27,2020,0.000000
2020-09-28,2020,0.034993
2020-09-29,2020,0.032597
2020-09-30,2020,0.013417
2020-10-01,2021,0.005409
2020-10-02,2021,0.002369
2020-10-03,2021,0.000000
2020-10-04,2021,0.000000
2020-10-05,2021,0.000000
2020-10-06,2021,0.000000
2020-10-07,2021,0.000000
2020-10-08,2021,0.000000
2020-10-09,2021,0.000000
2020-10-10,2021,0.000000
2020-10-11,2021,0.000000
2020-10-12,2021,0.234780
2020-10-13,2021,0.176804
2020-10-14,2021,0.095759
2020-10-15,2021,0.050001
2020-10-16,2021,0.046544
2020-10-17,2021,0.034813
2020-10-18,2021,0.024789
2020-10-19,2021,0.015233
2020-10-20,2021,0.010012
2020-10-21,2021,0.006509
2020-10-22,2021,0.003319
2020-10-23,2021,0.022241
2020-10-24,2021,0.021285
2020-10-25,2021,0.236997
2020-10-26,2021,5.534830
2020-10-27,2021,5.966157
2020-10-28,2021,5.126200
2020-10-29,2021,4.379451
2020-10-30,2021,3.693991
2020-10-31,2021,3.055127
2020-11-01,2021,2.529098
2020-11-02,2021,1.942365
2020-11-03,2021,1.404531
2020-11-04,2021,0.965576
2020-11-05,2021,0.648674
2020-11-06,2021,0.442325
2020-11-07,2021,0.350481
2020-11-08,2021,1.891833
2020-11-09,2021,2.857774
2020-11-10,2021,3.915859
2020-11-11,2021,3.787385
2020-11-12,2021,3.878767
2020-11-13,2021,3.778309
2020-11-14,2021,4.202557
2020-11-15,2021,4.731598
2020-11-16,2021,4.595906
2020-11-17,2021,4.134651
2020-11-18,2021,3.621108
2020-11-19,2021,2.845463
2020-11-20,2021,2.503134
2020-11-21,2021,2.404071
2020-11-22,2021,2.292120
2020-11-23,2021,2.622759
2020-11-24,2021,3.989532
2020-11-25,2021,4.715629
2020-11-26,2021,4.595564
2020-11-27,2021,4.647796
2020-11-28,2021,4.590164
2020-11-29,2021,4.502748
2020-11-30,2021,4.434039
2020-12-01,2021,4.379467
2020-12-02,2021,5.016998
2020-12-03,2021,4.950902
2020-12-04,2021,4.863567
2020-12-05,2021,4.735430
2020-12-06,2021,4.586294
2020-12-07,2021,4.444005
2020-12-08,2021,4.268441
2020-12-09,2021,4.063690
2020-12-10,2021,3.912610
2020-12-11,2021,4.846833
2020-12-12,2021,5.268954
2020-12-13,2021,7.227908
2020-12-14,2021,6.979286
2020-12-15,2021,7.855568
2020-12-16,2021,7.812445
2020-12-17,2021,7.778842
2020-12-18,2021,8.241526
2020-12-19,2021,8.459208
2020-12-20,2021,8.353110
2020-12-21,2021,8.209768
2020-12-22,2021,7.869160
2020-12-23,2021,8.406175
2020-12-24,2021,8.541489
2020-12-25,2021,8.415941
2020-12-26,2021,8.255722
2020-12-27,2021,8.313776
2020-12-28,2021,8.526570
2020-12-29,2021,11.590659
2020-12-30,2021,11.485519
2020-12-31,2021,11.327600
2021-01-01,2021,11.158996
2021-01-02,2021,11.010664
2021-01-03,2021,10.864637
2021-01-04,2021,10.772344
2021-01-05,2021,10.579229
2021-01-06,2021,10.895785
2021-01-07,2021,10.724755
2021-01-08,2021,10.523480
2021-01-09,2021,10.396649
2021-01-10,2021,10.682360
2021-01-11,2021,10.571861
2021-01-12,2021,10.457723
2021-01-13,2021,10.285285
2021-01-14,2021,10.058899
2021-01-15,2021,9.855893
2021-01-16,2021,9.869864
2021-01-17,2021,9.825663
2021-01-18,2021,9.916667
2021-01-19,2021,10.891135
2021-01-20,2021,11.176610
2021-01-21,2021,10.921119
2021-01-22,2021,10.774312
2021-01-23,2021,11.712889
2021-01-24,2021,12.118969
2021-01-25,2021,13.313927
2021-01-26,2021,13.981674
2021-01-27,2021,14.747375
2021-01-28,2021,14.456600
2021-01-29,2021,13.994730
2021-01-30,2021,14.427955
2021-01-31,2021,14.451568
2021-02-01,2021,14.164715
2021-02-02,2021,13.749378
2021-02-03,2021,13.025435
2021-02-04,2021,13.577410
2021-02-05,2021,13.632222
2021-02-06,2021,14.873554
2021-02-07,2021,14.750455
2021-02-08,2021,14.297529
2021-02-09,2021,13.867822
2021-02-10,2021,14.020621
2021-02-11,2021,13.750439
2021-02-12,2021,13.609940
2021-02-13,2021,14.606133
2021-02-14,2021,18.060646
2021-02-15,2021,18.503073
2021-02-16,2021,19.160254
2021-02-17,2021,19.585002
2021-02-18,2021,20.294896
2021-02-19,2021,19.921288
2021-02-20,2021,19.642158
2021-02-21,2021,19.724045
2021-02-22,2021,19.358068
2021-02-23,2021,18.807492
2021-02-24,2021,18.155876
2021-02-25,2021,18.472303
2021-02-26,2021,18.275157
2021-02-27,2021,18.253885
2021-02-28,2021,18.475145
2021-03-01,2021,18.398728
2021-03-02,2021,18.068028
2021-03-03,2021,17.555815
2021-03-04,2021,17.223421
2021-03-05,2021,17.492812
2021-03-06,2021,16.788146
2021-03-07,2021,16.003331
2021-03-08,2021,15.032347
2021-03-09,2021,14.107003
2021-03-10,2021,14.552893
2021-03-11,2021,14.724570
2021-03-12,2021,15.122259
2021-03-13,2021,15.069906
2021-03-14,2021,18.414236
2021-03-15,2021,20.469948
2021-03-16,2021,20.120303
2021-03-17,2021,20.328077
2021-03-18,2021,19.812502
2021-03-19,2021,19.097949
2021-03-20,2021,17.932712
2021-03-21,2021,17.380426
2021-03-22,2021,17.872990
2021-03-23,2021,17.918417
2021-03-24,2021,19.396795
2021-03-25,2021,19.646729
2021-03-26,2021,20.088422
2021-03-27,2021,20.223100
2021-03-28,2021,19.654667
2021-03-29,2021,18.736600
2021-03-30,2021,18.004982
2021-03-31,2021,17.949152
2021-04-01,2021,17.588465
2021-04-02,2021,16.886950
2021-04-03,2021,15.749713
2021-04-04,2021,14.430836
2021-04-05,2021,13.082090
2021-04-06,2021,11.909821
2021-04-07,2021,11.960714
2021-04-08,2021,11.591651
2021-04-09,2021,11.078166
2021-04-10,2021,10.917815
2021-04-11,2021,10.533501
2021-04-12,2021,10.164833
2021-04-13,2021,9.928050
2021-04-14,2021,10.586224
2021-04-15,2021,10.436217
2021-04-16,2021,11.746525
2021-04-17,2021,12.206297
2021-04-18,2021,12.709895
2021-04-19,2021,12.365745
2021-04-20,2021,13.049301
2021-04-21,2021,12.808211
2021-04-22,2021,13.000211
2021-04-23,2021,12.865003
2021-04-24,2021,12.633432
2021-04-25,2021,12.016739
2021-04-26,2021,11.002900
2021-04-27,2021,10.372265
2021-04-28,2021,11.233500
2021-04-29,2021,10.811574
2021-04-30,2021,10.016533
2021-05-01,2021,8.988664
2021-05-02,2021,7.922528
2021-05-03,2021,7.987459
2021-05-04,2021,9.107054
2021-05-05,2021,8.700320
2021-05-06,2021,8.115018
2021-05-07,2021,7.396930
2021-05-08,2021,6.531556
2021-05-09,2021,6.193765
2021-05-10,2021,6.410515
2021-05-11,2021,7.187607
2021-05-12,2021,7.327420
2021-05-13,2021,6.779001
2021-05-14,2021,6.206529
2021-05-15,2021,5.560857
2021-05-16,2021,4.978459
2021-05-17,2021,4.561239
2021-05-18,2021,4.362182
2021-05-19,2021,4.191456
2021-05-20,2021,3.662462
2021-05-21,2021,3.339448
2021-05-22,2021,3.276177
2021-05-23,2021,2.978148
2021-05-24,2021,2.832328
2021-05-25,2021,2.678578
2021-05-26,2021,2.468501
2021-05-27,2021,2.242280
2021-05-28,2021,2.032895
2021-05-29,2021,1.790037
2021-05-30,2021,1.564236
2021-05-31,2021,1.461399
2021-06-01,2021,1.296504
2021-06-02,2021,1.092786
2021-06-03,2021,0.902176
2021-06-04,2021,0.727472
2021-06-05,2021,0.563754
2021-06-06,2021,0.441707
2021-06-07,2021,0.380837
2021-06-08,2021,0.301458
2021-06-09,2021,0.235997
2021-06-10,2021,0.173382
2021-06-11,2021,0.126495
2021-06-12,2021,0.093892
2021-06-13,2021,0.060455
2021-06-14,2021,0.031307
2021-06-15,2021,0.014837
2021-06-16,2021,0.006191
2021-06-17,2021,0.002208
2021-06-18,2021,0.000758
2021-06-19,2021,0.000000
2021-06-20,2021,0.000000
2021-06-21,2021,0.000000
2021-06-22,2021,0.000000
2021-06-23,2021,0.000000
2021-06-24,2021,0.000000
2021-06-25,2021,0.000000
2021-06-26,2021,0.000000
2021-06-27,2021,0.000685
2021-06-28,2021,0.000214
2021-06-29,2021,0.000000
2021-06-30,2021,0.000000
2021-07-01,2021,0.000000
2021-07-02,2021,0.000000
2021-07-03,2021,0.000000
2021-07-04,2021,0.000000
2021-07-05,2021,0.000000
2021-07-06,2021,0.000000
2021-07-07,2021,0.000000
2021-07-08,2021,0.000000
2021-07-09,2021,0.000000
2021-07-10,2021,0.000000
2021-07-11,2021,0.000000
2021-07-12,2021,0.000000
2021-07-13,2021,0.000000
2021-07-14,2021,0.000000
2021-07-15,2021,0.000000
2021-07-16,2021,0.000000
2021-07-17,2021,0.000000
2021-07-18,2021,0.000000
2021-07-19,2021,0.000000
2021-07-20,2021,0.000000
2021-07-21,2021,0.000000
2021-07-22,2021,0.000000
2021-07-23,2021,0.000000
2021-07-24,2021,0.000000
2021-07-25,2021,0.000000
2021-07-26,2021,0.000000
2021-07-27,2021,0.000000
2021-07-28,2021,0.000000
2021-07-29,2021,0.000000
2021-07-30,2021,0.000000
2021-07-31,2021,0.000000
2021-08-01,2021,0.000000
2021-08-02,2021,0.000000
2021-08-03,2021,0.000000
2021-08-04,2021,0.000000
2021-08-05,2021,0.000000
2021-08-06,2021,0.000000
2021-08-07,2021,0.000000
2021-08-08,2021,0.000000
2021-08-09,2021,0.000000
2021-08-10,2021,0.000000
2021-08-11,2021,0.000000
2021-08-12,2021,0.000000
2021-08-13,2021,0.000000
2021-08-14,2021,0.000000
2021-08-15,2021,0.000000
2021-08-16,2021,0.000000
2021-08-17,2021,0.000000
2021-08-18,2021,0.000000
2021-08-19,2021,0.000000
2021-08-20,2021,0.004893
2021-08-21,2021,0.001822
2021-08-22,2021,0.000000
2021-08-23,2021,0.000000
2021-08-24,2021,0.000000
2021-08-25,2021,0.000000
2021-08-26,2021,0.000000
2021-08-27,2021,0.000000
2021-08-28,2021,0.000000
2021-08-29,2021,0.000000
2021-08-30,2021,0.000000
2021-08-31,2021,0.000000
2021-09-01,2021,0.000000
2021-09-02,2021,0.000000
2021-09-03,2021,0.000000
2021-09-04,2021,0.000000
2021-09-05,2021,0.000000
2021-09-06,2021,0.000000
2021-09-07,2021,0.000000
2021-09-08,2021,0.000000
2021-09-09,2021,0.000000
2021-09-10,2021,0.000000
2021-09-11,2021,0.000000
2021-09-12,2021,0.000000
2021-09-13,2021,0.000000
2021-09-14,2021,0.000000
2021-09-15,2021,0.000000
2021-09-16,2021,0.000000
2021-09-17,2021,0.000000
2021-09-18,2021,0.000000
2021-09-19,2021,0.000458
2021-09-20,2021,0.077853
2021-09-21,2021,0.064787
2021-09-22,2021,0.042098
2021-09-23,2021,0.016813
2021-09-24,2021,0.006109
2021-09-25,2021,0.000819
2021-09-26,2021,0.000000
2021-09-27,2021,0.000000
2021-09-28,2021,0.000000
2021-09-29,2021,0.024245
2021-09-30,2021,0.080264
2021-10-01,2022,0.201785
2021-10-02,2022,0.200329
2021-10-03,2022,0.113973
2021-10-04,2022,0.063943
2021-10-05,2022,0.026735
2021-10-06,2022,0.019215
2021-10-07,2022,0.014157
2021-10-08,2022,0.005937
2021-10-09,2022,0.050442
2021-10-10,2022,0.164822
2021-10-11,2022,0.164093
2021-10-12,2022,0.191001
2021-10-13,2022,1.743909
2021-10-14,2022,1.741563
2021-10-15,2022,2.254406
2021-10-16,2022,2.141884
2021-10-17,2022,1.603119
2021-10-18,2022,1.032161
2021-10-19,2022,1.088132
2021-10-20,2022,1.272741
2021-10-21,2022,1.058709
2021-10-22,2022,0.793185
2021-10-23,2022,0.553049
2021-10-24,2022,0.671872
2021-10-25,2022,0.563762
2021-10-26,2022,0.323796
2021-10-27,2022,1.734998
2021-10-28,2022,1.746418
2021-10-29,2022,1.464760
2021-10-30,2022,1.062773
2021-10-31,2022,0.781302
2021-11-01,2022,0.770438
2021-11-02,2022,0.845278
2021-11-03,2022,1.270638
2021-11-04,2022,1.113824
2021-11-05,2022,0.905482
2021-11-06,2022,0.712516
2021-11-07,2022,0.554797
2021-11-08,2022,0.444698
2021-11-09,2022,0.382035
2021-11-10,2022,0.853644
2021-11-11,2022,1.023379
2021-11-12,2022,1.312460
2021-11-13,2022,1.239557
2021-11-14,2022,1.048963
2021-11-15,2022,0.884334
2021-11-16,2022,0.708027
2021-11-17,2022,0.755161
2021-11-18,2022,0.766651
2021-11-19,2022,0.732917
2021-11-20,2022,0.723443
2021-11-21,2022,1.021589
2021-11-22,2022,0.997301
2021-11-23,2022,0.931568
2021-11-24,2022,1.126104
2021-11-25,2022,1.463916
2021-11-26,2022,1.408567
2021-11-27,2022,1.306783
2021-11-28,2022,1.222999
2021-11-29,2022,1.081246
2021-11-30,2022,0.900524
2021-12-01,2022,0.835550
2021-12-02,2022,0.718080
2021-12-03,2022,0.587116
2021-12-04,2022,0.508938
2021-12-05,2022,0.459620
2021-12-06,2022,0.440120
2021-12-07,2022,0.993991
2021-12-08,2022,1.007285
2021-12-09,2022,1.556623
2021-12-10,2022,5.151910
2021-12-11,2022,5.656301
2021-12-12,2022,5.533543
2021-12-13,2022,5.394489
2021-12-14,2022,5.222766
2021-12-15,2022,5.872629
2021-12-16,2022,6.916065
2021-12-17,2022,7.154852
2021-12-18,2022,7.146313
2021-12-19,2022,7.064318
2021-12-20,2022,6.945064
2021-12-21,2022,6.815285
2021-12-22,2022,6.676202
2021-12-23,2022,6.519357
2021-12-24,2022,8.582504
2021-12-25,2022,11.661375
2021-12-26,2022,11.792046
2021-12-27,2022,12.694011
2021-12-28,2022,14.071805
2021-12-29,2022,15.396318
2021-12-30,2022,15.949456
2021-12-31,2022,17.167375
2022-01-01,2022,19.848117
2022-01-02,2022,20.156605
2022-01-03,2022,19.648888
2022-01-04,2022,19.134577
2022-01-05,2022,18.963764
2022-01-06,2022,20.341258
2022-01-07,2022,19.666724
2022-01-08,2022,18.871447
2022-01-09,2022,19.274065
2022-01-10,2022,18.902373
2022-01-11,2022,18.560678
2022-01-12,2022,18.211987
2022-01-13,2022,17.801502
2022-01-14,2022,17.255964
2022-01-15,2022,17.332933
2022-01-16,2022,17.043524
2022-01-17,2022,16.741526
2022-01-18,2022,16.408032
2022-01-19,2022,16.136953
2022-01-20,2022,16.082961
2022-01-21,2022,16.103709
2022-01-22,2022,17.066397
2022-01-23,2022,16.803741
2022-01-24,2022,16.560440
2022-01-25,2022,16.647292
2022-01-26,2022,17.508302
2022-01-27,2022,17.305547
2022-01-28,2022,17.620875
2022-01-29,2022,17.417800
2022-01-30,2022,17.157080
2022-01-31,2022,16.893423
2022-02-01,2022,16.606157
2022-02-02,2022,18.292804
2022-02-03,2022,19.567276
2022-02-04,2022,19.240078
2022-02-05,2022,18.927847
2022-02-06,2022,18.843362
2022-02-07,2022,18.749398
2022-02-08,2022,18.456921
2022-02-09,2022,18.093190
2022-02-10,2022,17.745536
2022-02-11,2022,17.274647
2022-02-12,2022,17.662465
2022-02-13,2022,17.391437
2022-02-14,2022,17.061461
2022-02-15,2022,16.667673
2022-02-16,2022,16.232525
2022-02-17,2022,17.944142
2022-02-18,2022,17.849766
2022-02-19,2022,17.581910
2022-02-20,2022,17.198064
2022-02-21,2022,16.775543
2022-02-22,2022,18.980997
2022-02-23,2022,21.899280
2022-02-24,2022,24.697963
2022-02-25,2022,24.452796
2022-02-26,2022,24.159390
2022-02-27,2022,23.778448
2022-02-28,2022,23.291338
2022-03-01,2022,22.653666
2022-03-02,2022,21.789829
2022-03-03,2022,20.701456
2022-03-04,2022,19.580795
2022-03-05,2022,19.695670
2022-03-06,2022,20.927172
2022-03-07,2022,22.381843
2022-03-08,2022,22.511715
2022-03-09,2022,22.677894
2022-03-10,2022,24.334788
2022-03-11,2022,24.669219
2022-03-12,2022,24.242169
2022-03-13,2022,23.667329
2022-03-14,2022,23.577483
2022-03-15,2022,22.962080
2022-03-16,2022,22.142006
2022-03-17,2022,23.035365
2022-03-18,2022,23.370224
2022-03-19,2022,22.876804
2022-03-20,2022,22.228360
2022-03-21,2022,21.676880
2022-03-22,2022,21.894807
2022-03-23,2022,21.740560
2022-03-24,2022,21.315642
2022-03-25,2022,20.464348
2022-03-26,2022,19.327965
2022-03-27,2022,17.808263
2022-03-28,2022,16.275464
2022-03-29,2022,15.746127
2022-03-30,2022,16.854912
2022-03-31,2022,16.696820
2022-04-01,2022,16.800748
2022-04-02,2022,16.351462
2022-04-03,2022,15.560610
2022-04-04,2022,15.480322
2022-04-05,2022,14.850861
2022-04-06,2022,14.608441
2022-04-07,2022,14.467244
2022-04-08,2022,14.235151
2022-04-09,2022,13.755266
2022-04-10,2022,13.340731
2022-04-11,2022,13.154278
2022-04-12,2022,13.899953
2022-04-13,2022,15.019465
2022-04-14,2022,15.200385
2022-04-15,2022,15.010901
2022-04-16,2022,14.578802
2022-04-17,2022,14.106030
2022-04-18,2022,13.713593
2022-04-19,2022,12.919372
2022-04-20,2022,12.063313
2022-04-21,2022,11.407989
2022-04-22,2022,10.577143
2022-04-23,2022,11.015148
2022-04-24,2022,11.646930
2022-04-25,2022,12.390561
2022-04-26,2022,12.136369
2022-04-27,2022,11.480570
2022-04-28,2022,10.681640
2022-04-29,2022,9.985927
2022-04-30,2022,9.921081
2022-05-01,2022,9.593713
2022-05-02,2022,9.601861
2022-05-03,2022,9.310480
2022-05-04,2022,9.321692
2022-05-05,2022,9.592158
2022-05-06,2022,9.040206
2022-05-07,2022,8.249906
2022-05-08,2022,7.570741
2022-05-09,2022,7.116872
2022-05-10,2022,6.876641
2022-05-11,2022,6.378809
2022-05-12,2022,5.985947
2022-05-13,2022,5.871706
2022-05-14,2022,5.661269
2022-05-15,2022,5.387472
2022-05-16,2022,4.884637
2022-05-17,2022,4.424745
2022-05-18,2022,3.941570
2022-05-19,2022,3.530226
2022-05-20,2022,3.390383
2022-05-21,2022,5.823109
2022-05-22,2022,5.947021
2022-05-23,2022,5.345006
2022-05-24,2022,5.086724
2022-05-25,2022,5.204056
2022-05-26,2022,4.496256
2022-05-27,2022,3.696412
2022-05-28,2022,3.084244
2022-05-29,2022,2.671763
2022-05-30,2022,2.727823
2022-05-31,2022,2.699241
2022-06-01,2022,2.756047
2022-06-02,2022,2.390178
2022-06-03,2022,2.090063
2022-06-04,2022,1.824020
2022-06-05,2022,1.566976
2022-06-06,2022,1.308837
2022-06-07,2022,1.054815
2022-06-08,2022,0.838222
2022-06-09,2022,0.673859
2022-06-10,2022,0.516811
2022-06-11,2022,0.397845
2022-06-12,2022,0.300704
2022-06-13,2022,0.232841
2022-06-14,2022,0.192294
2022-06-15,2022,0.159404
2022-06-16,2022,0.131838
2022-06-17,2022,0.089435
2022-06-18,2022,0.048205
2022-06-19,2022,0.026277
2022-06-20,2022,0.015583
2022-06-21,2022,0.009272
2022-06-22,2022,0.005361
2022-06-23,2022,0.003175
2022-06-24,2022,0.000856
2022-06-25,2022,0.000648
2022-06-26,2022,0.000000
2022-06-27,2022,0.000000
2022-06-28,2022,0.000000
2022-06-29,2022,0.000000
2022-06-30,2022,0.000000
2022-07-01,2022,0.000000
2022-07-02,2022,0.000000
2022-07-03,2022,0.000000
2022-07-04,2022,0.000000
2022-07-05,2022,0.000000
2022-07-06,2022,0.000000
2022-07-07,2022,0.000000
2022-07-08,2022,0.000000
2022-07-09,2022,0.000000
2022-07-10,2022,0.000000
2022-07-11,2022,0.000000
2022-07-12,2022,0.000000
2022-07-13,2022,0.000000
2022-07-14,2022,0.000000
2022-07-15,2022,0.000000
2022-07-16,2022,0.000000
2022-07-17,2022,0.000000
2022-07-18,2022,0.000000
2022-07-19,2022,0.000000
2022-07-20,2022,0.000000
2022-07-21,2022,0.000000
2022-07-22,2022,0.000000
2022-07-23,2022,0.000000
2022-07-24,2022,0.000000
2022-07-25,2022,0.000000
2022-07-26,2022,0.000000
2022-07-27,2022,0.000000
2022-07-28,2022,0.000000
2022-07-29,2022,0.000000
2022-07-30,2022,0.000000
2022-07-31,2022,0.000000
2022-08-01,2022,0.000000
2022-08-02,2022,0.000000
2022-08-03,2022,0.000000
2022-08-04,2022,0.000000
2022-08-05,2022,0.000000
2022-08-06,2022,0.000000
2022-08-07,2022,0.000000
2022-08-08,2022,0.000000
2022-08-09,2022,0.000000
2022-08-10,2022,0.000000
2022-08-11,2022,0.000000
2022-08-12,2022,0.000000
2022-08-13,2022,0.000000
2022-08-14,2022,0.000000
2022-08-15,2022,0.000000
2022-08-16,2022,0.000000
2022-08-17,2022,0.000000
2022-08-18,2022,0.000000
2022-08-19,2022,0.000000
2022-08-20,2022,0.000000
2022-08-21,2022,0.000000
2022-08-22,2022,0.000000
2022-08-23,2022,0.000000
2022-08-24,2022,0.000000
2022-08-25,2022,0.000000
2022-08-26,2022,0.000000
2022-08-27,2022,0.000000
2022-08-28,2022,0.000000
2022-08-29,2022,0.000000
2022-08-30,2022,0.000000
2022-08-31,2022,0.000000
2022-09-01,2022,0.000000
2022-09-02,2022,0.000000
2022-09-03,2022,0.000000
2022-09-04,2022,0.000000
2022-09-05,2022,0.000000
2022-09-06,2022,0.000000
2022-09-07,2022,0.000000
2022-09-08,2022,0.000000
2022-09-09,2022,0.000000
2022-09-10,2022,0.000000
2022-09-11,2022,0.000000
2022-09-12,2022,0.000000
2022-09-13,2022,0.000000
2022-09-14,2022,0.000000
2022-09-15,2022,0.000000
2022-09-16,2022,0.000000
2022-09-17,2022,0.000000
2022-09-18,2022,0.000000
2022-09-19,2022,0.000000
2022-09-20,2022,0.000000
2022-09-21,2022,0.000000
2022-09-22,2022,0.000000
2022-09-23,2022,0.000000
2022-09-24,2022,0.000000
2022-09-25,2022,0.000000
2022-09-26,2022,0.000000
2022-09-27,2022,0.000000
2022-09-28,2022,0.000000
2022-09-29,2022,0.000000
2022-09-30,2022,0.000000
2022-10-01,2023,0.017016
2022-10-02,2023,0.015539
2022-10-03,2023,0.053343
2022-10-04,2023,0.032585
2022-10-05,2023,0.021595
2022-10-06,2023,0.014890
2022-10-07,2023,0.008855
2022-10-08,2023,0.006563
2022-10-09,2023,0.005338
2022-10-10,2023,0.004135
2022-10-11,2023,0.001930
2022-10-12,2023,0.001219
2022-10-13,2023,0.000344
2022-10-14,2023,0.000344
2022-10-15,2023,0.000344
2022-10-16,2023,0.009267
2022-10-17,2023,0.015879
2022-10-18,2023,0.010408
2022-10-19,2023,0.005325
2022-10-20,2023,0.002960
2022-10-21,2023,0.000961
2022-10-22,2023,0.000570
2022-10-23,2023,0.626353
2022-10-24,2023,2.001012
2022-10-25,2023,2.022750
2022-10-26,2023,1.990178
2022-10-27,2023,3.077817
2022-10-28,2023,3.538272
2022-10-29,2023,3.299261
2022-10-30,2023,3.048321
2022-10-31,2023,2.776857
2022-11-01,2023,2.454082
2022-11-02,2023,2.024454
2022-11-03,2023,2.537513
2022-11-04,2023,5.105937
2022-11-05,2023,5.063980
2022-11-06,2023,5.235792
2022-11-07,2023,5.015051
2022-11-08,2023,4.120511
2022-11-09,2023,3.517210
2022-11-10,2023,4.662732
2022-11-11,2023,4.718995
2022-11-12,2023,4.683901
2022-11-13,2023,4.600200
2022-11-14,2023,4.943314
2022-11-15,2023,5.232730
2022-11-16,2023,5.254300
2022-11-17,2023,5.210900
2022-11-18,2023,5.769709
2022-11-19,2023,5.649926
2022-11-20,2023,5.520756
2022-11-21,2023,5.402678
2022-11-22,2023,5.283779
2022-11-23,2023,5.165435
2022-11-24,2023,5.513004
2022-11-25,2023,5.495819
2022-11-26,2023,5.306745
2022-11-27,2023,5.761525
2022-11-28,2023,5.689376
2022-11-29,2023,7.165854
2022-11-30,2023,7.523017
2022-12-01,2023,7.267237
2022-12-02,2023,7.142478
2022-12-03,2023,8.055481
2022-12-04,2023,8.144460
2022-12-05,2023,7.904162
2022-12-06,2023,8.943543
2022-12-07,2023,9.387078
2022-12-08,2023,10.471917
2022-12-09,2023,10.360959
2022-12-10,2023,10.185119
2022-12-11,2023,9.984144
2022-12-12,2023,9.759359
2022-12-13,2023,11.220985
2022-12-14,2023,12.427176
2022-12-15,2023,12.507146
2022-12-16,2023,12.834386
2022-12-17,2023,12.695907
2022-12-18,2023,12.532236
2022-12-19,2023,12.345739
2022-12-20,2023,12.165754
2022-12-21,2023,12.159894
2022-12-22,2023,13.083100
2022-12-23,2023,12.979290
2022-12-24,2023,12.829155
2022-12-25,2023,12.604904
2022-12-26,2023,12.304157
2022-12-27,2023,11.857507
2022-12-28,2023,13.405852
2022-12-29,2023,15.359915
2022-12-30,2023,15.322665
2022-12-31,2023,16.314891
2023-01-01,2023,17.384187
2023-01-02,2023,18.863548
2023-01-03,2023,19.864205
2023-01-04,2023,20.037206
2023-01-05,2023,19.688149
2023-01-06,2023,19.504712
2023-01-07,2023,20.089272
2023-01-08,2023,19.617119
2023-01-09,2023,19.174959
2023-01-10,2023,19.374931
2023-01-11,2023,19.958509
2023-01-12,2023,20.247519
2023-01-13,2023,19.819862
2023-01-14,2023,19.317758
2023-01-15,2023,19.309171
2023-01-16,2023,20.577678
2023-01-17,2023,21.303673
2023-01-18,2023,23.847006
2023-01-19,2023,24.124564
2023-01-20,2023,23.703004
2023-01-21,2023,23.993241
2023-01-22,2023,23.742650
2023-01-23,2023,23.561417
2023-01-24,2023,23.567596
2023-01-25,2023,23.616227
2023-01-26,2023,23.663203
2023-01-27,2023,23.726156
2023-01-28,2023,24.291757
2023-01-29,2023,24.523742
2023-01-30,2023,25.151735
2023-01-31,2023,25.997551
2023-02-01,2023,25.612236
2023-02-02,2023,25.228423
2023-02-03,2023,24.727489
2023-02-04,2023,24.225156
2023-02-05,2023,23.692065
2023-02-06,2023,23.873984
2023-02-07,2023,23.890376
2023-02-08,2023,23.511627
2023-02-09,2023,24.000082
2023-02-10,2023,23.867018
2023-02-11,2023,23.515900
2023-02-12,2023,23.029833
2023-02-13,2023,22.532410
2023-02-14,2023,22.788624
2023-02-15,2023,25.613774
2023-02-16,2023,27.821086
2023-02-17,2023,27.284597
2023-02-18,2023,26.773019
2023-02-19,2023,26.308234
2023-02-20,2023,26.069040
2023-02-21,2023,25.510778
2023-02-22,2023,26.363243
2023-02-23,2023,28.498151
2023-02-24,2023,29.410824
2023-02-25,2023,29.317787
2023-02-26,2023,28.484935
2023-02-27,2023,28.259664
2023-02-28,2023,28.189804
2023-03-01,2023,28.702609
2023-03-02,2023,29.335705
2023-03-03,2023,28.867832
2023-03-04,2023,28.770880
2023-03-05,2023,28.320390
2023-03-06,2023,28.175801
2023-03-07,2023,27.632632
2023-03-08,2023,27.057102
2023-03-09,2023,26.837445
2023-03-10,2023,26.385244
2023-03-11,2023,28.536887
2023-03-12,2023,28.545946
2023-03-13,2023,28.405140
2023-03-14,2023,27.776458
2023-03-15,2023,27.128919
2023-03-16,2023,28.240460
2023-03-17,2023,28.915898
2023-03-18,2023,28.556931
2023-03-19,2023,28.231268
2023-03-20,2023,28.412950
2023-03-21,2023,29.543421
2023-03-22,2023,30.366568
2023-03-23,2023,30.802746
2023-03-24,2023,30.494496
2023-03-25,2023,30.935667
2023-03-26,2023,30.664337
2023-03-27,2023,31.128693
2023-03-28,2023,30.932352
2023-03-29,2023,30.450876
2023-03-30,2023,29.635270
2023-03-31,2023,29.944385
2023-04-01,2023,29.852969
2023-04-02,2023,29.157683
2023-04-03,2023,28.368359
2023-04-04,2023,28.699817
2023-04-05,2023,29.757689
2023-04-06,2023,29.690312
2023-04-07,2023,29.309830
2023-04-08,2023,28.703513
2023-04-09,2023,27.876656
2023-04-10,2023,26.825186
2023-04-11,2023,25.380293
2023-04-12,2023,23.548293
2023-04-13,2023,21.728839
2023-04-14,2023,20.932417
2023-04-15,2023,21.804335
2023-04-16,2023,21.505706
2023-04-17,2023,20.913749
2023-04-18,2023,19.981117
2023-04-19,2023,19.179338
2023-04-20,2023,19.531198
2023-04-21,2023,19.569711
2023-04-22,2023,20.478412
2023-04-23,2023,20.518176
2023-04-24,2023,20.059156
2023-04-25,2023,19.891876
2023-04-26,2023,21.210958
2023-04-27,2023,20.468699
2023-04-28,2023,20.492952
2023-04-29,2023,19.907504
2023-04-30,2023,18.578481
2023-05-01,2023,17.190881
2023-05-02,2023,15.777046
2023-05-03,2023,14.583954
2023-05-04,2023,13.504820
2023-05-05,2023,12.588333
2023-05-06,2023,12.119921
2023-05-07,2023,11.723603
2023-05-08,2023,11.387216
2023-05-09,2023,10.767381
2023-05-10,2023,10.106089
2023-05-11,2023,10.162741
2023-05-12,2023,10.275282
2023-05-13,2023,9.531204
2023-05-14,2023,8.805460
2023-05-15,2023,8.045777
2023-05-16,2023,7.269413
2023-05-17,2023,6.585401
2023-05-18,2023,6.058704
2023-05-19,2023,5.541492
2023-05-20,2023,5.098566
2023-05-21,2023,4.669312
2023-05-22,2023,4.286403
2023-05-23,2023,3.923594
2023-05-24,2023,3.458713
2023-05-25,2023,3.039925
2023-05-26,2023,2.672746
2023-05-27,2023,2.341657
2023-05-28,2023,2.067667
2023-05-29,2023,1.863219
2023-05-30,2023,1.621157
2023-05-31,2023,1.483682
2023-06-01,2023,1.402813
2023-06-02,2023,1.509072
2023-06-03,2023,1.453163
2023-06-04,2023,1.300228
2023-06-05,2023,1.172956
2023-06-06,2023,1.035432
2023-06-07,2023,0.908038
2023-06-08,2023,0.795111
2023-06-09,2023,0.702530
2023-06-10,2023,0.625056
2023-06-11,2023,0.557342
2023-06-12,2023,0.523495
2023-06-13,2023,0.492589
2023-06-14,2023,0.485555
2023-06-15,2023,0.434354
2023-06-16,2023,0.378873
2023-06-17,2023,0.360125
2023-06-18,2023,0.347686
2023-06-19,2023,0.276410
2023-06-20,2023,0.234680
2023-06-21,2023,0.180930
2023-06-22,2023,0.121367
2023-06-23,2023,0.073724
2023-06-24,2023,0.043598
2023-06-25,2023,0.028640
2023-06-26,2023,0.016420
2023-06-27,2023,0.008480
2023-06-28,2023,0.004326
2023-06-29,2023,0.001400
2023-06-30,2023,0.000291
2023-07-01,2023,0.000000
2023-07-02,2023,0.000000
2023-07-03,2023,0.000000
2023-07-04,2023,0.000000
2023-07-05,2023,0.000000
2023-07-06,2023,0.000000
2023-07-07,2023,0.000000
2023-07-08,2023,0.000000
2023-07-09,2023,0.000000
2023-07-10,2023,0.000000
2023-07-11,2023,0.000000
2023-07-12,2023,0.000000
2023-07-13,2023,0.000000
2023-07-14,2023,0.000000
2023-07-15,2023,0.000000
2023-07-16,2023,0.000000
2023-07-17,2023,0.000000
2023-07-18,2023,0.000000
2023-07-19,2023,0.000000
2023-07-20,2023,0.000000
2023-07-21,2023,0.000000
2023-07-22,2023,0.000000
2023-07-23,2023,0.000000
2023-07-24,2023,0.000000
2023-07-25,2023,0.000000
2023-07-26,2023,0.000000
2023-07-27,2023,0.000000
2023-07-28,2023,0.000000
2023-07-29,2023,0.000000
2023-07-30,2023,0.000000
2023-07-31,2023,0.000000
2023-08-01,2023,0.000000
2023-08-02,2023,0.000000
2023-08-03,2023,0.000000
2023-08-04,2023,0.000000
2023-08-05,2023,0.000000
2023-08-06,2023,0.000000
2023-08-07,2023,0.000000
2023-08-08,2023,0.000000
2023-08-09,2023,0.000000
2023-08-10,2023,0.000000
2023-08-11,2023,0.000000
2023-08-12,2023,0.000000
2023-08-13,2023,0.000000
2023-08-14,2023,0.000000
2023-08-15,2023,0.000000
2023-08-16,2023,0.000000
2023-08-17,2023,0.000000
2023-08-18,2023,0.000000
2023-08-19,2023,0.000000
2023-08-20,2023,0.000000
2023-08-21,2023,0.000000
2023-08-22,2023,0.000000
2023-08-23,2023,0.000000
2023-08-24,2023,0.000000
2023-08-25,2023,0.000000
2023-08-26,2023,0.000000
2023-08-27,2023,0.000000
2023-08-28,2023,0.000000
2023-08-29,2023,0.000000
2023-08-30,2023,0.000000
2023-08-31,2023,0.000000
2023-09-01,2023,0.000000
2023-09-02,2023,0.000000
2023-09-03,2023,0.000000
2023-09-04,2023,0.000000
2023-09-05,2023,0.000000
2023-09-06,2023,0.000000
2023-09-07,2023,0.000000
2023-09-08,2023,0.000000
2023-09-09,2023,0.000000
2023-09-10,2023,0.000000
2023-09-11,2023,0.000000
2023-09-12,2023,0.001172
2023-09-13,2023,0.001032
2023-09-14,2023,0.000362
2023-09-15,2023,0.014341
2023-09-16,2023,0.014755
2023-09-17,2023,0.006274
2023-09-18,2023,0.002115
2023-09-19,2023,0.003839
2023-09-20,2023,0.001518
2023-09-21,2023,0.008813
2023-09-22,2023,0.004481
2023-09-23,2023,0.002155
2023-09-24,2023,0.001457
2023-09-25,2023,0.000525
2023-09-26,2023,0.000000
2023-09-27,2023,0.000000
2023-09-28,2023,0.000000
2023-09-29,2023,0.000000
2023-09-30,2023,0.000000
2023-10-01,2024,0.007602
2023-10-02,2024,0.021643
2023-10-03,2024,0.212206
2023-10-04,2024,0.218856
2023-10-05,2024,0.166702
2023-10-06,2024,0.095412
2023-10-07,2024,0.049080
2023-10-08,2024,0.024590
2023-10-09,2024,0.012486
2023-10-10,2024,0.005764
2023-10-11,2024,0.003851
2023-10-12,2024,0.560133
2023-10-13,2024,1.371930
2023-10-14,2024,1.216339
2023-10-15,2024,0.990219
2023-10-16,2024,0.690732
2023-10-17,2024,0.370121
2023-10-18,2024,0.186384
2023-10-19,2024,0.104549
2023-10-20,2024,0.055185
2023-10-21,2024,0.029206
2023-10-22,2024,0.015534
2023-10-23,2024,0.008580
2023-10-24,2024,0.005302
2023-10-25,2024,0.010170
2023-10-26,2024,0.007558
2023-10-27,2024,0.125537
2023-10-28,2024,0.667735
2023-10-29,2024,2.327558
2023-10-30,2024,2.623023
2023-10-31,2024,2.435618
2023-11-01,2024,2.325973
2023-11-02,2024,2.140844
2023-11-03,2024,1.877673
2023-11-04,2024,1.504296
2023-11-05,2024,1.226382
2023-11-06,2024,0.921480
2023-11-07,2024,0.702114
2023-11-08,2024,0.770012
2023-11-09,2024,1.346568
2023-11-10,2024,1.389820
2023-11-11,2024,1.333513
2023-11-12,2024,1.267667
2023-11-13,2024,1.124127
2023-11-14,2024,0.967631
2023-11-15,2024,0.833304
2023-11-16,2024,0.692724
2023-11-17,2024,0.903535
2023-11-18,2024,0.783635
2023-11-19,2024,0.907385
2023-11-20,2024,1.581302
2023-11-21,2024,1.817927
2023-11-22,2024,1.747882
2023-11-23,2024,1.580370
2023-11-24,2024,1.889313
2023-11-25,2024,4.290277
2023-11-26,2024,4.221463
2023-11-27,2024,4.014272
2023-11-28,2024,3.920924
2023-11-29,2024,3.827857
2023-11-30,2024,3.731628
2023-12-01,2024,4.170220
2023-12-02,2024,5.166395
2023-12-03,2024,5.819363
2023-12-04,2024,6.641381
2023-12-05,2024,6.330994
2023-12-06,2024,5.956548
2023-12-07,2024,5.597276
2023-12-08,2024,5.739161
2023-12-09,2024,7.320044
2023-12-10,2024,7.279810
2023-12-11,2024,7.292270
2023-12-12,2024,7.177061
2023-12-13,2024,7.092903
2023-12-14,2024,8.288964
2023-12-15,2024,8.331946
2023-12-16,2024,8.161252
2023-12-17,2024,7.922798
2023-12-18,2024,7.699430
2023-12-19,2024,7.456307
2023-12-20,2024,7.122022
2023-12-21,2024,6.907919
2023-12-22,2024,6.594988
2023-12-23,2024,7.081043
2023-12-24,2024,8.665752
2023-12-25,2024,8.978123
2023-12-26,2024,9.078323
2023-12-27,2024,9.218920
2023-12-28,2024,9.088687
2023-12-29,2024,8.966700
2023-12-30,2024,8.810615
2023-12-31,2024,8.645593
2024-01-01,2024,8.486449
2024-01-02,2024,8.333783
2024-01-03,2024,8.206328
2024-01-04,2024,8.292490
2024-01-05,2024,9.367874
2024-01-06,2024,10.019713
2024-01-07,2024,10.297136
2024-01-08,2024,12.212511
2024-01-09,2024,12.084148
2024-01-10,2024,12.545183
2024-01-11,2024,13.819770
2024-01-12,2024,14.337411
2024-01-13,2024,14.885130
2024-01-14,2024,16.665828
2024-01-15,2024,17.657313
2024-01-16,2024,17.935118
2024-01-17,2024,17.490317
2024-01-18,2024,18.425277
2024-01-19,2024,17.953052
2024-01-20,2024,17.346956
2024-01-21,2024,16.693061
2024-01-22,2024,16.487819
2024-01-23,2024,15.970022
2024-01-24,2024,15.561404
2024-01-25,2024,15.273587
2024-01-26,2024,15.574968
2024-01-27,2024,15.478268
2024-01-28,2024,15.202291
2024-01-29,2024,14.685873
2024-01-30,2024,14.094734
2024-01-31,2024,13.571313
2024-02-01,2024,13.108137
2024-02-02,2024,12.835209
2024-02-03,2024,15.408050
2024-02-04,2024,17.290362
2024-02-05,2024,16.991493
2024-02-06,2024,16.535350
2024-02-07,2024,16.907418
2024-02-08,2024,18.512128
2024-02-09,2024,19.328954
2024-02-10,2024,19.783433
2024-02-11,2024,20.440867
2024-02-12,2024,20.106745
2024-02-13,2024,19.762189
2024-02-14,2024,19.378965
2024-02-15,2024,19.159480
2024-02-16,2024,19.409549
2024-02-17,2024,20.171637
2024-02-18,2024,19.908300
2024-02-19,2024,19.814170
2024-02-20,2024,19.261344
2024-02-21,2024,18.861735
2024-02-22,2024,18.899394
2024-02-23,2024,18.663292
2024-02-24,2024,18.311485
2024-02-25,2024,17.891436
2024-02-26,2024,17.530988
2024-02-27,2024,17.659844
2024-02-28,2024,18.909045
2024-02-29,2024,18.626994
2024-03-01,2024,18.246662
2024-03-02,2024,17.734278
2024-03-03,2024,18.983692
2024-03-04,2024,20.186602
2024-03-05,2024,20.176158
2024-03-06,2024,19.881107
2024-03-07,2024,19.610129
2024-03-08,2024,20.089953
2024-03-09,2024,20.643758
2024-03-10,2024,20.237730
2024-03-11,2024,19.762774
2024-03-12,2024,19.310370
2024-03-13,2024,19.205976
2024-03-14,2024,21.801936
2024-03-15,2024,24.248799
2024-03-16,2024,24.189210
2024-03-17,2024,24.211377
2024-03-18,2024,23.680019
2024-03-19,2024,22.822620
2024-03-20,2024,21.938644
2024-03-21,2024,21.049157
2024-03-22,2024,20.142235
2024-03-23,2024,19.258849
2024-03-24,2024,18.964941
2024-03-25,2024,21.819381
2024-03-26,2024,22.122919
2024-03-27,2024,22.446101
2024-03-28,2024,22.084378
2024-03-29,2024,22.033236
2024-03-30,2024,22.014981
2024-03-31,2024,21.141622
2024-04-01,2024,21.266894
2024-04-02,2024,21.251687
2024-04-03,2024,20.708087
2024-04-04,2024,19.831662
2024-04-05,2024,18.837477
2024-04-06,2024,19.024869
2024-04-07,2024,19.547883
2024-04-08,2024,19.362910
2024-04-09,2024,19.186784
2024-04-10,2024,18.800226
2024-04-11,2024,18.404545
2024-04-12,2024,17.867832
2024-04-13,2024,17.009881
2024-04-14,2024,15.951996
2024-04-15,2024,14.898734
2024-04-16,2024,15.718274
2024-04-17,2024,15.315463
2024-04-18,2024,14.593041
2024-04-19,2024,14.164750
2024-04-20,2024,13.990576
2024-04-21,2024,13.621286
2024-04-22,2024,12.864401
2024-04-23,2024,11.981681
2024-04-24,2024,11.082283
2024-04-25,2024,10.245751
2024-04-26,2024,9.792327
2024-04-27,2024,10.049459
2024-04-28,2024,11.473972
2024-04-29,2024,11.108740
2024-04-30,2024,10.658030
2024-05-01,2024,10.157443
2024-05-02,2024,9.879613
2024-05-03,2024,9.619076
2024-05-04,2024,9.316427
2024-05-05,2024,8.850944
2024-05-06,2024,9.435829
2024-05-07,2024,9.806442
2024-05-08,2024,9.983661
2024-05-09,2024,9.985017
2024-05-10,2024,11.223370
2024-05-11,2024,11.009516
2024-05-12,2024,11.033217
2024-05-13,2024,10.488340
2024-05-14,2024,9.595773
2024-05-15,2024,8.947717
2024-05-16,2024,8.434793
2024-05-17,2024,7.928707
2024-05-18,2024,7.366959
2024-05-19,2024,6.851806
2024-05-20,2024,6.299225
2024-05-21,2024,6.183276
2024-05-22,2024,6.312143
2024-05-23,2024,6.081550
2024-05-24,2024,5.856901
2024-05-25,2024,5.682406
2024-05-26,2024,5.711117
2024-05-27,2024,5.497126
2024-05-28,2024,5.160930
2024-05-29,2024,4.734709
2024-05-30,2024,4.336014
2024-05-31,2024,3.974544
2024-06-01,2024,3.661765
2024-06-02,2024,3.280160
2024-06-03,2024,2.934781
2024-06-04,2024,2.649588
2024-06-05,2024,2.341132
2024-06-06,2024,1.963135
2024-06-07,2024,1.618740
2024-06-08,2024,1.336372
2024-06-09,2024,1.064478
2024-06-10,2024,0.828112
2024-06-11,2024,0.683457
2024-06-12,2024,0.552770
2024-06-13,2024,0.417617
2024-06-14,2024,0.312835
2024-06-15,2024,0.262425
2024-06-16,2024,0.205000
2024-06-17,2024,0.150144
2024-06-18,2024,0.102410
2024-06-19,2024,0.070770
2024-06-20,2024,0.043800
2024-06-21,2024,0.023574
2024-06-22,2024,0.013245
2024-06-23,2024,0.005927
2024-06-24,2024,0.003065
2024-06-25,2024,0.000648
2024-06-26,2024,0.000000
2024-06-27,2024,0.000000
2024-06-28,2024,0.000000
2024-06-29,2024,0.000000
2024-06-30,2024,0.000000
2024-07-01,2024,0.000000
2024-07-02,2024,0.000000
2024-07-03,2024,0.000000
2024-07-04,2024,0.000000
2024-07-05,2024,0.000000
2024-07-06,2024,0.000000
2024-07-07,2024,0.000000
2024-07-08,2024,0.000000
2024-07-09,2024,0.000000
2024-07-10,2024,0.000000
2024-07-11,2024,0.000000
2024-07-12,2024,0.000000
2024-07-13,2024,0.000000
2024-07-14,2024,0.000000
2024-07-15,2024,0.000000
2024-07-16,2024,0.000000
2024-07-17,2024,0.000000
2024-07-18,2024,0.000000
2024-07-19,2024,0.000000
2024-07-20,2024,0.000000
2024-07-21,2024,0.000000
2024-07-22,2024,0.000000
2024-07-23,2024,0.000000
2024-07-24,2024,0.000000
2024-07-25,2024,0.000000
2024-07-26,2024,0.000000
2024-07-27,2024,0.000000
2024-07-28,2024,0.000000
2024-07-29,2024,0.000000
2024-07-30,2024,0.000000
2024-07-31,2024,0.000000
2024-08-01,2024,0.000000
2024-08-02,2024,0.000000
2024-08-03,2024,0.000000
2024-08-04,2024,0.000000
2024-08-05,2024,0.000000
2024-08-06,2024,0.000000
2024-08-07,2024,0.000000
2024-08-08,2024,0.000000
2024-08-09,2024,0.000000
2024-08-10,2024,0.000000
2024-08-11,2024,0.000000
2024-08-12,2024,0.000000
2024-08-13,2024,0.000000
2024-08-14,2024,0.000000
2024-08-15,2024,0.000000
2024-08-16,2024,0.000000
2024-08-17,2024,0.000000
2024-08-18,2024,0.000000
2024-08-19,2024,0.000000
2024-08-20,2024,0.000000
2024-08-21,2024,0.000000
2024-08-22,2024,0.000000
2024-08-23,2024,0.000000
2024-08-24,2024,0.000000
2024-08-25,2024,0.000000
2024-08-26,2024,0.000000
2024-08-27,2024,0.000000
2024-08-28,2024,0.000000
2024-08-29,2024,0.000000
2024-08-30,2024,0.000000
2024-08-31,2024,0.000000
2024-09-01,2024,0.000000
2024-09-02,2024,0.000000
2024-09-03,2024,0.000000
2024-09-04,2024,0.000000
2024-09-05,2024,0.000000
2024-09-06,2024,0.000000
2024-09-07,2024,0.000000
2024-09-08,2024,0.000000
2024-09-09,2024,0.000000
2024-09-10,2024,0.000000
2024-09-11,2024,0.000000
2024-09-12,2024,0.000000
2024-09-13,2024,0.000000
2024-09-14,2024,0.000000
2024-09-15,2024,0.000000
2024-09-16,2024,0.000000
2024-09-17,2024,0.001073
2024-09-18,2024,0.000566
2024-09-19,2024,0.000384
2024-09-20,2024,0.000000
2024-09-21,2024,0.000000
2024-09-22,2024,0.309053
2024-09-23,2024,0.189253
2024-09-24,2024,0.085899
2024-09-25,2024,0.030563
2024-09-26,2024,0.005740
2024-09-27,2024,0.000169
2024-09-28,2024,0.000000
2024-09-29,2024,0.000000
2024-09-30,2024,0.000000
2024-10-01,2025,0.000000
2024-10-02,2025,0.000000
2024-10-03,2025,0.000000
2024-10-04,2025,0.000000
2024-10-05,2025,0.000000
2024-10-06,2025,0.000000
2024-10-07,2025,0.000000
2024-10-08,2025,0.000000
2024-10-09,2025,0.000000
2024-10-10,2025,0.000000
2024-10-11,2025,0.000000
2024-10-12,2025,0.000000
2024-10-13,2025,0.000000
2024-10-14,2025,0.000000
2024-10-15,2025,0.000000
2024-10-16,2025,0.000000
2024-10-17,2025,0.030148
2024-10-18,2025,0.213795
2024-10-19,2025,0.737900
2024-10-20,2025,0.821248
2024-10-21,2025,1.776575
2024-10-22,2025,1.276006
2024-10-23,2025,0.906328
2024-10-24,2025,0.633926
2024-10-25,2025,0.475002
2024-10-26,2025,0.321245
2024-10-27,2025,0.245022
2024-10-28,2025,0.206092
2024-10-29,2025,1.480949
2024-10-30,2025,2.852726
2024-10-31,2025,3.450598
2024-11-01,2025,2.811369
2024-11-02,2025,2.614578
2024-11-03,2025,2.500532
2024-11-04,2025,3.896406
2024-11-05,2025,4.283649
2024-11-06,2025,6.085575
2024-11-07,2025,7.589414
2024-11-08,2025,8.649428
2024-11-09,2025,10.055349
2024-11-10,2025,10.024858
2024-11-11,2025,9.395858
2024-11-12,2025,8.756296
2024-11-13,2025,9.139600
2024-11-14,2025,8.873401
2024-11-15,2025,8.365885
2024-11-16,2025,7.859471
2024-11-17,2025,7.679535
2024-11-18,2025,7.579493
2024-11-19,2025,8.156853
2024-11-20,2025,8.210786
2024-11-21,2025,7.997400
2024-11-22,2025,7.627317
2024-11-23,2025,7.162574
2024-11-24,2025,6.699300
2024-11-25,2025,7.237499
2024-11-26,2025,7.698435
2024-11-27,2025,11.550276
2024-11-28,2025,11.963700
2024-11-29,2025,11.799567
2024-11-30,2025,11.615699
2024-12-01,2025,11.398526
2024-12-02,2025,11.402629
2024-12-03,2025,11.094756
2024-12-04,2025,10.760393
2024-12-05,2025,10.533103
2024-12-06,2025,10.272334
2024-12-07,2025,10.045648
2024-12-08,2025,9.938887
2024-12-09,2025,9.843493
2024-12-10,2025,10.956699
2024-12-11,2025,10.942508
2024-12-12,2025,10.792043
2024-12-13,2025,10.758985
2024-12-14,2025,10.792542
2024-12-15,2025,10.691568
2024-12-16,2025,10.603420
2024-12-17,2025,10.458263
2024-12-18,2025,10.557034
2024-12-19,2025,10.333518
2024-12-20,2025,10.094126
2024-12-21,2025,9.861309
2024-12-22,2025,9.621378
2024-12-23,2025,9.436425
2024-12-24,2025,9.416269
2024-12-25,2025,9.300397
2024-12-26,2025,9.890992
2024-12-27,2025,11.096758
2024-12-28,2025,12.242972
2024-12-29,2025,12.656616
2024-12-30,2025,12.906948
2024-12-31,2025,12.964823
2025-01-01,2025,13.038583
2025-01-02,2025,13.253992
2025-01-03,2025,13.314206
2025-01-04,2025,13.132946
2025-01-05,2025,13.950811
2025-01-06,2025,14.316874
2025-01-07,2025,14.723964
2025-01-08,2025,14.899058
2025-01-09,2025,15.031687
2025-01-10,2025,15.242174
2025-01-11,2025,15.353680
2025-01-12,2025,16.281950
2025-01-13,2025,16.371311
2025-01-14,2025,16.207765
2025-01-15,2025,16.055107
2025-01-16,2025,15.837410
2025-01-17,2025,15.508753
2025-01-18,2025,16.257795
2025-01-19,2025,16.933712
2025-01-20,2025,17.361313
2025-01-21,2025,17.312707
2025-01-22,2025,17.089385
2025-01-23,2025,17.062519
2025-01-24,2025,16.799187
2025-01-25,2025,16.997029
2025-01-26,2025,17.451359
2025-01-27,2025,17.033207
2025-01-28,2025,16.792421
2025-01-29,2025,16.537567
2025-01-30,2025,17.039922
2025-01-31,2025,16.877522
2025-02-01,2025,16.532683
2025-02-02,2025,16.370797
2025-02-03,2025,15.357518
2025-02-04,2025,14.294847
2025-02-05,2025,13.436014
2025-02-06,2025,12.955210
2025-02-07,2025,12.538820
2025-02-08,2025,13.302935
2025-02-09,2025,13.459457
2025-02-10,2025,13.869281
2025-02-11,2025,13.851198
2025-02-12,2025,15.567824
2025-02-13,2025,15.618038
2025-02-14,2025,17.467410
2025-02-15,2025,19.443645
2025-02-16,2025,20.095202
2025-02-17,2025,20.366714
2025-02-18,2025,20.612027
2025-02-19,2025,20.548371
2025-02-20,2025,20.156048
2025-02-21,2025,20.862879
2025-02-22,2025,20.448690
2025-02-23,2025,19.932285
2025-02-24,2025,19.271396
2025-02-25,2025,18.350402
2025-02-26,2025,17.608139
2025-02-27,2025,17.487277
2025-02-28,2025,17.131358
2025-03-01,2025,16.681891
2025-03-02,2025,16.181293
2025-03-03,2025,15.652713
2025-03-04,2025,16.755269
2025-03-05,2025,16.859381
2025-03-06,2025,17.245908
2025-03-07,2025,17.817000
2025-03-08,2025,18.370215
2025-03-09,2025,18.204689
2025-03-10,2025,17.700655
2025-03-11,2025,17.165954
2025-03-12,2025,16.732469
2025-03-13,2025,16.345209
2025-03-14,2025,17.344790
2025-03-15,2025,18.038286
2025-03-16,2025,18.446195
2025-03-17,2025,18.053177
2025-03-18,2025,17.387429
2025-03-19,2025,18.944185
2025-03-20,2025,18.946741
2025-03-21,2025,18.664224
2025-03-22,2025,18.481851
2025-03-23,2025,18.533565
2025-03-24,2025,17.998757
2025-03-25,2025,17.128148
2025-03-26,2025,16.194046
2025-03-27,2025,15.253307
2025-03-28,2025,14.334265
2025-03-29,2025,13.910570
2025-03-30,2025,13.775401
2025-03-31,2025,13.671463
2025-04-01,2025,13.774236
2025-04-02,2025,15.396265
2025-04-03,2025,15.578693
2025-04-04,2025,16.055316
2025-04-05,2025,16.889579
2025-04-06,2025,16.932091
2025-04-07,2025,16.511895
2025-04-08,2025,15.776317
2025-04-09,2025,14.896663
2025-04-10,2025,14.099330
2025-04-11,2025,13.382183
2025-04-12,2025,12.466330
2025-04-13,2025,11.564367
2025-04-14,2025,11.176028
2025-04-15,2025,10.699089
2025-04-16,2025,10.181941
2025-04-17,2025,9.685759
2025-04-18,2025,10.302712
2025-04-19,2025,12.566256
2025-04-20,2025,13.155876
2025-04-21,2025,12.575879
2025-04-22,2025,11.854961
2025-04-23,2025,11.177105
2025-04-24,2025,10.549765
2025-04-25,2025,10.039240
2025-04-26,2025,9.480112
2025-04-27,2025,8.921300
2025-04-28,2025,8.526587
2025-04-29,2025,8.611293
2025-04-30,2025,8.504117
2025-05-01,2025,8.421200
2025-05-02,2025,8.353910
2025-05-03,2025,8.104581
2025-05-04,2025,7.781759
2025-05-05,2025,7.887533
2025-05-06,2025,7.981285
2025-05-07,2025,9.696059
2025-05-08,2025,9.082250
2025-05-09,2025,8.221306
2025-05-10,2025,7.482275
2025-05-11,2025,6.773655
2025-05-12,2025,6.169229
2025-05-13,2025,5.662357
2025-05-14,2025,5.253570
2025-05-15,2025,5.400949
2025-05-16,2025,5.489823
2025-05-17,2025,5.351564
2025-05-18,2025,5.070349
2025-05-19,2025,5.483139
2025-05-20,2025,5.519793
2025-05-21,2025,5.389028
2025-05-22,2025,6.011818
2025-05-23,2025,5.858477
2025-05-24,2025,5.279243
2025-05-25,2025,4.881126
2025-05-26,2025,4.473717
2025-05-27,2025,4.258689
2025-05-28,2025,3.952477
2025-05-29,2025,3.533240
2025-05-30,2025,3.214203
2025-05-31,2025,2.882665
2025-06-01,2025,2.489821
2025-06-02,2025,1.766803
2025-06-03,2025,1.564358
2025-06-04,2025,1.393857
2025-06-05,2025,1.264899
2025-06-06,2025,1.145953
2025-06-07,2025,1.010571
2025-06-08,2025,0.830091
2025-06-09,2025,0.696219
2025-06-10,2025,0.579476
2025-06-11,2025,0.203941
2025-06-12,2025,0.145495
2025-06-13,2025,0.091019
2025-06-14,2025,0.043999
2025-06-15,2025,0.024806
2025-06-16,2025,0.013039
2025-06-17,2025,0.006556
2025-06-18,2025,0.003252
2025-06-19,2025,0.001377
2025-06-20,2025,0.000648
2025-06-21,2025,0.000000
2025-06-22,2025,0.000000
2025-06-23,2025,0.000000
2025-06-24,2025,0.000000
2025-06-25,2025,0.000000
2025-06-26,2025,0.000000
2025-06-27,2025,0.000000
2025-06-28,2025,0.000000
2025-06-29,2025,0.000000
2025-06-30,2025,0.000000
2025-07-01,2025,0.000000
2025-07-02,2025,0.000000
2025-07-03,2025,0.000000
2025-07-04,2025,0.012259
2025-07-05,2025,0.006683
2025-07-06,2025,0.000000
2025-07-07,2025,0.000000
2025-07-08,2025,0.000000
2025-07-09,2025,0.000000
2025-07-10,2025,0.000000
2025-07-11,2025,0.000000
2025-07-12,2025,0.000000
2025-07-13,2025,0.000000
2025-07-14,2025,0.000000
2025-07-15,2025,0.000000
2025-07-16,2025,0.000000
2025-07-17,2025,0.000000
2025-07-18,2025,0.000000
2025-07-19,2025,0.000000
2025-07-20,2025,0.000000
2025-07-21,2025,0.000000
2025-07-22,2025,0.000000
2025-07-23,2025,0.000000
2025-07-24,2025,0.000000
2025-07-25,2025,0.000000
2025-07-26,2025,0.000000
2025-07-27,2025,0.000000
2025-07-28,2025,0.000000
2025-07-29,2025,0.000000
2025-07-30,2025,0.000000
2025-07-31,2025,0.000000
2025-08-01,2025,0.000000
2025-08-02,2025,0.000000
2025-08-03,2025,0.000000
2025-08-04,2025,0.000000
2025-08-05,2025,0.000000
2025-08-06,2025,0.000000
2025-08-07,2025,0.000000
2025-08-08,2025,0.000000
2025-08-09,2025,0.000000
2025-08-10,2025,0.000000
2025-08-11,2025,0.000000
2025-08-12,2025,0.000000
2025-08-13,2025,0.000000
2025-08-14,2025,0.000000
2025-08-15,2025,0.000000
2025-08-16,2025,0.000000
2025-08-17,2025,0.000000
2025-08-18,2025,0.000000
2025-08-19,2025,0.000000
2025-08-20,2025,0.000000
2025-08-21,2025,0.000000
2025-08-22,2025,0.000000
2025-08-23,2025,0.000000
2025-08-24,2025,0.000000
2025-08-25,2025,0.000000
2025-08-26,2025,0.000000
2025-08-27,2025,0.000000
2025-08-28,2025,0.000000
2025-08-29,2025,0.000000
2025-08-30,2025,0.000000
2025-08-31,2025,0.000000
2025-09-01,2025,0.000000
2025-09-02,2025,0.000000
2025-09-03,2025,0.000000
2025-09-04,2025,0.000000
2025-09-05,2025,0.000000
2025-09-06,2025,0.000000
2025-09-07,2025,0.007299
2025-09-08,2025,0.000000
2025-09-09,2025,0.000000
2025-09-10,2025,0.000000
2025-09-11,2025,0.000000
2025-09-12,2025,0.011322
2025-09-13,2025,0.000611
2025-09-14,2025,0.013283
2025-09-15,2025,0.004044
2025-09-16,2025,0.000351
2025-09-17,2025,0.038597
2025-09-18,2025,0.131297
2025-09-19,2025,0.005813
2025-09-20,2025,0.003985
2025-09-21,2025,0.001714
2025-09-22,2025,0.000652
2025-09-23,2025,0.161639
2025-09-24,2025,0.276858
2025-09-25,2025,0.093129
2025-09-26,2025,0.043875
2025-09-27,2025,0.017677
2025-09-28,2025,0.006772
2025-09-29,2025,0.062641
2025-09-30,2025,0.006031
2025-10-01,2026,0.010477
2025-10-02,2026,0.003178
2025-10-03,2026,0.020130
2025-10-04,2026,0.014655
2025-10-05,2026,0.121843
2025-10-06,2026,0.199356
2025-10-07,2026,0.224784
2025-10-08,2026,0.065839
2025-10-09,2026,0.032570
2025-10-10,2026,0.048124
2025-10-11,2026,0.026892
2025-10-12,2026,0.082366
2025-10-13,2026,0.167926
2025-10-14,2026,0.191341
2025-10-15,2026,0.265098
2025-10-16,2026,0.156202
2025-10-17,2026,0.151904
2025-10-18,2026,0.134607
2025-10-19,2026,0.158210
2025-10-20,2026,0.221561
2025-10-21,2026,0.284666
2025-10-22,2026,0.236527
2025-10-23,2026,0.189904
2025-10-24,2026,0.417043
2025-10-25,2026,0.398276
2025-10-26,2026,0.173974
2025-10-27,2026,0.161990
2025-10-28,2026,0.220826
2025-10-29,2026,0.220798
2025-10-30,2026,0.309214
2025-10-31,2026,0.285044
2025-11-01,2026,0.271280
2025-11-02,2026,0.245881
2025-11-03,2026,0.174745
2025-11-04,2026,0.128969
2025-11-05,2026,0.101445
2025-11-06,2026,0.077337
2025-11-07,2026,0.095113
2025-11-08,2026,0.177024
2025-11-09,2026,0.132326
2025-11-10,2026,0.125919
2025-11-11,2026,0.105026
2025-11-12,2026,0.089502
2025-11-13,2026,0.074246
2025-11-14,2026,0.060522
2025-11-15,2026,0.046715
2025-11-16,2026,0.036318
2025-11-17,2026,0.873972
2025-11-18,2026,1.495368
2025-11-19,2026,1.215886
2025-11-20,2026,1.268956
2025-11-21,2026,1.591724
2025-11-22,2026,1.542811
2025-11-23,2026,1.508195
2025-11-24,2026,2.257772
2025-11-25,2026,2.140475
2025-11-26,2026,2.043049
2025-11-27,2026,2.029223
2025-11-28,2026,1.874948
2025-11-29,2026,2.222057
2025-11-30,2026,2.206268
2025-12-01,2026,3.889770
2025-12-02,2026,3.835482
2025-12-03,2026,4.625701
2025-12-04,2026,6.116328
2025-12-05,2026,6.034143
2025-12-06,2026,7.115868
2025-12-07,2026,9.056421
2025-12-08,2026,8.529667
2025-12-09,2026,8.165959
2025-12-10,2026,7.743002
2025-12-11,2026,7.138613
2025-12-12,2026,6.534773
2025-12-13,2026,6.191800
2025-12-14,2026,5.862203
2025-12-15,2026,5.616387
2025-12-16,2026,5.260943
2025-12-17,2026,5.110494
2025-12-18,2026,4.874094
2025-12-19,2026,4.780565
2025-12-20,2026,4.477791
2025-12-21,2026,4.494784
2025-12-22,2026,4.217870
2025-12-23,2026,3.770701
2025-12-24,2026,3.579468
2025-12-25,2026,3.360794
2025-12-26,2026,3.392893
2025-12-27,2026,3.459479
2025-12-28,2026,5.760454
2025-12-29,2026,5.657098
2025-12-30,2026,5.326239
2025-12-31,2026,5.226306
2026-01-01,2026,4.939094
2026-01-02,2026,5.585893
2026-01-03,2026,6.262790
2026-01-04,2026,5.864640
2026-01-05,2026,5.617519
2026-01-06,2026,7.300169
2026-01-07,2026,7.026263
2026-01-08,2026,7.112312
2026-01-09,2026,8.904111
2026-01-10,2026,8.903252
2026-01-11,2026,8.736937
2026-01-12,2026,8.521926
2026-01-13,2026,8.245667
2026-01-14,2026,7.853597
2026-01-15,2026,7.567681
2026-01-16,2026,7.367698
2026-01-17,2026,7.463583
2026-01-18,2026,7.329752
2026-01-19,2026,7.382334
2026-01-20,2026,7.145456
2026-01-21,2026,7.045040
2026-01-22,2026,6.931027
2026-01-23,2026,6.837756
2026-01-24,2026,8.681171
2026-01-25,2026,9.635028
2026-01-26,2026,9.830589
2026-01-27,2026,9.509292
2026-01-28,2026,9.308630
2026-01-29,2026,9.248598
2026-01-30,2026,9.216784
2026-01-31,2026,9.046008
2026-02-01,2026,8.687517
2026-02-02,2026,8.216422
2026-02-03,2026,8.120896
2026-02-04,2026,8.027743
2026-02-05,2026,7.724476
2026-02-06,2026,7.363241
2026-02-07,2026,7.009763
2026-02-08,2026,6.816146
2026-02-09,2026,6.529413
2026-02-10,2026,6.421835
2026-02-11,2026,6.507422
2026-02-12,2026,7.792076
2026-02-13,2026,8.963780
2026-02-14,2026,10.350286
2026-02-15,2026,9.972052
2026-02-16,2026,9.393048
2026-02-17,2026,9.079602
2026-02-18,2026,11.853891
2026-02-19,2026,13.904548
2026-02-20,2026,14.008831
2026-02-21,2026,15.301188
2026-02-22,2026,14.717413
2026-02-23,2026,14.115057
2026-02-24,2026,13.482124
2026-02-25,2026,13.023077
2026-02-26,2026,12.469965
2026-02-27,2026,12.035823
2026-02-28,2026,11.583554
2026-03-01,2026,11.192378
2026-03-02,2026,10.724246
2026-03-03,2026,10.417962
2026-03-04,2026,10.505880
2026-03-05,2026,10.295143
2026-03-06,2026,11.268752
2026-03-07,2026,13.495380
2026-03-08,2026,12.906300
2026-03-09,2026,12.166843
2026-03-10,2026,11.640889
2026-03-11,2026,11.213056
2026-03-12,2026,11.065482
2026-03-13,2026,10.845767
2026-03-14,2026,10.350448
2026-03-15,2026,10.491314
2026-03-16,2026,10.493661
2026-03-17,2026,10.657689
2026-03-18,2026,10.045427
2026-03-19,2026,9.391431
2026-03-20,2026,8.811612
2026-03-21,2026,8.267109
2026-03-22,2026,7.630434
2026-03-23,2026,7.154752
2026-03-24,2026,6.843562
2026-03-25,2026,6.269852
2026-03-26,2026,5.665667
2026-03-27,2026,5.148436
2026-03-28,2026,4.891965
2026-03-29,2026,4.583941
2026-03-30,2026,4.298305
2026-03-31,2026,4.090820
2026-04-01,2026,5.324656
2026-04-02,2026,7.350146
2026-04-03,2026,7.704860
2026-04-04,2026,7.633993
2026-04-05,2026,7.078263
2026-04-06,2026,6.479547
2026-04-07,2026,5.811354
2026-04-08,2026,5.444280
2026-04-09,2026,5.211217
2026-04-10,2026,4.928407
2026-04-11,2026,4.755010
2026-04-12,2026,4.772735
2026-04-13,2026,4.492005
2026-04-14,2026,4.996262
2026-04-15,2026,5.856795
2026-04-16,2026,5.139100
2026-04-17,2026,5.025774
2026-04-18,2026,5.866421
2026-04-19,2026,5.323663
2026-04-20,2026,4.859901
2026-04-21,2026,4.376907
2026-04-22,2026,4.135044
2026-04-23,2026,3.864615
2026-04-24,2026,3.716310
2026-04-25,2026,3.650320
2026-04-26,2026,4.061352
2026-04-27,2026,6.005100
2026-04-28,2026,6.176409
2026-04-29,2026,5.881636
2026-04-30,2026,5.461649
2026-05-01,2026,6.006419
2026-05-02,2026,5.680647
2026-05-03,2026,5.000894
2026-05-04,2026,4.510911
2026-05-05,2026,4.583372
2026-05-06,2026,5.967406
2026-05-07,2026,6.869781
2026-05-08,2026,5.491826
2026-05-09,2026,4.598994
2026-05-10,2026,4.065481
2026-05-11,2026,3.700017
2026-05-12,2026,3.254046
2026-05-13,2026,2.938359
2026-05-14,2026,2.458850
2026-05-15,2026,2.328034
2026-05-16,2026,2.015537
2026-05-17,2026,1.969633
2026-05-18,2026,2.267444
2026-05-19,2026,3.105187
2026-05-20,2026,2.818884
2026-05-21,2026,2.447840
2026-05-22,2026,2.015044
2026-05-23,2026,1.918705
2026-05-24,2026,1.625579
2026-05-25,2026,1.271280
2026-05-26,2026,1.224094
2026-05-27,2026,1.110274
2026-05-28,2026,0.999124
2026-05-29,2026,0.847235
2026-05-30,2026,0.659355
2026-05-31,2026,0.653723
2026-06-01,2026,0.437595
2026-06-02,2026,0.357466
2026-06-03,2026,0.275637
2026-06-04,2026,0.227801
2026-06-05,2026,0.148342
2026-06-06,2026,0.098149
2026-06-07,2026,0.063316
2026-06-08,2026,0.035896
2026-06-09,2026,0.019890
2026-06-10,2026,0.011176
2026-06-11,2026,0.040800
2026-06-12,2026,0.014537
2026-06-13,2026,0.005320
2026-06-14,2026,0.002604
2026-06-15,2026,0.000856
2026-06-16,2026,0.000586
2026-06-17,2026,0.000000
2026-06-18,2026,0.000000
2026-06-19,2026,0.000000
2026-06-20,2026,0.000000
2026-06-21,2026,0.000000
2026-06-22,2026,0.000000
2026-06-23,2026,0.000000
2026-06-24,2026,0.000000
2026-06-25,2026,0.000000
2026-06-26,2026,0.000000
2026-06-27,2026,0.000000
2026-06-28,2026,0.000000
2026-06-29,2026,0.000000
2026-06-30,2026,0.000000
2026-07-01,2026,0.000000
2026-07-02,2026,0.000000
2026-07-03,2026,0.000000
2026-07-04,2026,0.000000
2026-07-05,2026,0.000000
2026-07-06,2026,0.000000
2026-07-07,2026,0.000000
2026-07-08,2026,0.000000
2026-07-09,2026,0.000000
2026-07-10,2026,0.000000
2026-07-11,2026,0.000000
2026-07-12,2026,0.000000
2026-07-13,2026,0.000000
2026-07-14,2026,0.000000
2026-07-15,2026,0.000000
2026-07-16,2026,0.000000
2026-07-17,2026,0.000000
2026-07-18,2026,0.000000
2026-07-19,2026,0.000000
2026-07-20,2026,0.000000
2026-07-21,2026,0.000000
2026-07-22,2026,0.000000
2026-07-23,2026,0.000000
2026-07-24,2026,0.000000
2026-07-25,2026,0.000000
2026-07-26,2026,0.000000
2026-07-27,2026,0.000000
2026-07-28,2026,0.000000
2026-07-29,2026,0.000000
2026-07-30,2026,0.000000
2026-07-31,2026,0.000000
2026-08-01,2026,0.000000
2026-08-02,2026,0.000000
2026-08-03,2026,0.000000
2026-08-04,2026,0.000000
2026-08-05,2026,0.000000
2026-08-06,2026,0.000000
2026-08-07,2026,0.000000
2026-08-08,2026,0.000000
2026-08-09,2026,0.000000
2026-08-10,2026,0.000000
2026-08-11,2026,0.000000
2026-08-12,2026,0.000000
2026-08-13,2026,0.000000
2026-08-14,2026,0.000000
2026-08-15,2026,0.000000
2026-08-16,2026,0.000000
2026-08-17,2026,0.000000
2026-08-18,2026,0.000000
2026-08-19,2026,0.000000
2026-08-20,2026,0.000000
